customer_id,customer_type,province,city,urban_rural_flag,store_size,monthly_patient_volume,average_order_frequency_days,service_level_target,credit_tier,b2b_registered,active_status
CUST_00001,primary_healthcare,Jiangsu,Suzhou,urban,medium,6158,6,0.981,B,True,active
CUST_00002,independent_pharmacy,Shandong,Jinan,urban,small,193,28,0.902,C,True,active
CUST_00003,independent_pharmacy,Sichuan,Mianyang,rural,small,190,14,0.904,C,True,active
CUST_00004,public_hospital,Jiangsu,Wuxi,urban,medium,8624,18,0.952,B,True,active
CUST_00005,chain_pharmacy,Hubei,Yichang,rural,medium,1223,18,0.921,B,True,active
CUST_00006,chain_pharmacy,Guangdong,Shenzhen,rural,small,9780,24,0.926,C,True,active
CUST_00007,independent_pharmacy,Jiangsu,Suzhou,urban,medium,349,14,0.961,D,True,active
CUST_00008,independent_pharmacy,Zhejiang,Hangzhou,urban,medium,5605,13,0.948,A,True,active
CUST_00009,chain_pharmacy,Henan,Luoyang,rural,medium,4595,22,0.99,A,True,active
CUST_00010,public_hospital,Sichuan,Chengdu,urban,small,758,21,0.959,C,True,active
CUST_00011,independent_pharmacy,Zhejiang,Ningbo,rural,small,163,28,0.935,C,True,active
CUST_00012,independent_pharmacy,Shandong,Qingdao,rural,medium,2242,5,0.987,A,True,active
CUST_00013,independent_pharmacy,Shandong,Jinan,urban,small,165,26,0.925,B,True,active
CUST_00014,primary_healthcare,Guangdong,Dongguan,urban,medium,1876,7,0.921,A,True,active
CUST_00015,independent_pharmacy,Guangdong,Dongguan,urban,small,210,12,0.903,A,True,active
CUST_00016,independent_pharmacy,Guangdong,Dongguan,urban,small,1305,21,0.905,B,True,active
CUST_00017,independent_pharmacy,Henan,Zhengzhou,urban,small,231,15,0.971,C,True,active
CUST_00018,independent_pharmacy,Shandong,Yantai,urban,small,1236,11,0.954,B,True,inactive
CUST_00019,independent_pharmacy,Guangdong,Dongguan,rural,small,166,28,0.906,C,True,active
CUST_00020,primary_healthcare,Jiangsu,Suzhou,urban,medium,6666,9,0.965,C,True,active
CUST_00021,chain_pharmacy,Hubei,Yichang,urban,medium,1164,13,0.945,C,True,active
CUST_00022,public_hospital,Zhejiang,Ningbo,urban,medium,4102,23,0.979,C,True,active
CUST_00023,independent_pharmacy,Guangdong,Dongguan,rural,medium,1558,28,0.944,C,True,active
CUST_00024,primary_healthcare,Shandong,Qingdao,urban,medium,2447,23,0.928,D,True,active
CUST_00025,public_hospital,Hubei,Yichang,urban,large,4463,5,0.949,C,True,active
CUST_00026,independent_pharmacy,Zhejiang,Wenzhou,urban,small,226,12,0.942,B,True,active
CUST_00027,chain_pharmacy,Jiangsu,Wuxi,urban,small,273,16,0.926,C,True,active
CUST_00028,independent_pharmacy,Henan,Luoyang,urban,small,1418,5,0.962,B,True,active
CUST_00029,clinic,Sichuan,Chengdu,urban,medium,318,12,0.927,B,True,active
CUST_00030,chain_pharmacy,Sichuan,Chengdu,urban,small,1425,7,0.904,B,True,active
CUST_00031,chain_pharmacy,Zhejiang,Wenzhou,urban,medium,9912,20,0.969,C,True,active
CUST_00032,independent_pharmacy,Jiangsu,Wuxi,urban,medium,5227,9,0.978,B,True,active
CUST_00033,independent_pharmacy,Sichuan,Mianyang,urban,medium,1046,22,0.91,C,True,active
CUST_00034,independent_pharmacy,Sichuan,Deyang,urban,small,3095,11,0.929,C,True,active
CUST_00035,chain_pharmacy,Sichuan,Mianyang,urban,large,1961,9,0.916,A,True,active
CUST_00036,chain_pharmacy,Zhejiang,Ningbo,urban,medium,3558,13,0.917,B,True,active
CUST_00037,public_hospital,Henan,Kaifeng,urban,small,16601,5,0.991,A,True,active
CUST_00038,clinic,Henan,Kaifeng,urban,small,1482,18,0.969,C,True,active
CUST_00039,independent_pharmacy,Shandong,Qingdao,urban,small,3051,20,0.918,A,True,active
CUST_00040,public_hospital,Jiangsu,Nanjing,urban,large,13387,4,0.929,A,True,inactive
CUST_00041,independent_pharmacy,Jiangsu,Nanjing,urban,medium,262,29,0.9,C,True,active
CUST_00042,independent_pharmacy,Zhejiang,Ningbo,rural,small,20845,8,0.915,B,True,active
CUST_00043,independent_pharmacy,Shandong,Qingdao,rural,small,194,20,0.9,C,True,inactive
CUST_00044,independent_pharmacy,Shandong,Qingdao,urban,medium,4775,28,0.926,C,True,active
CUST_00045,chain_pharmacy,Guangdong,Dongguan,rural,medium,2056,14,0.911,A,True,active
CUST_00046,primary_healthcare,Sichuan,Deyang,urban,medium,25632,6,0.942,A,True,active
CUST_00047,primary_healthcare,Guangdong,Guangzhou,urban,small,4916,4,0.975,A,True,active
CUST_00048,chain_pharmacy,Shandong,Jinan,urban,small,4212,17,0.976,B,True,active
CUST_00049,independent_pharmacy,Shandong,Yantai,urban,small,192,17,0.934,B,True,active
CUST_00050,independent_pharmacy,Guangdong,Shenzhen,rural,large,706,23,0.938,C,True,active
CUST_00051,chain_pharmacy,Hubei,Yichang,urban,small,807,6,0.964,C,True,active
CUST_00052,independent_pharmacy,Hubei,Yichang,urban,small,388,28,0.922,B,True,active
CUST_00053,primary_healthcare,Zhejiang,Ningbo,urban,medium,7183,5,0.959,A,True,active
CUST_00054,public_hospital,Jiangsu,Nanjing,urban,small,5163,8,0.994,B,True,active
CUST_00055,primary_healthcare,Guangdong,Guangzhou,urban,small,5282,13,0.992,C,True,active
CUST_00056,independent_pharmacy,Henan,Zhengzhou,urban,medium,3271,7,0.952,B,True,active
CUST_00057,independent_pharmacy,Zhejiang,Ningbo,rural,large,168,29,0.92,C,True,active
CUST_00058,independent_pharmacy,Hubei,Yichang,urban,medium,3592,27,0.954,C,True,active
CUST_00059,chain_pharmacy,Zhejiang,Hangzhou,urban,small,6461,12,0.922,D,True,active
CUST_00060,independent_pharmacy,Zhejiang,Hangzhou,urban,small,284,29,0.921,C,True,active
CUST_00061,independent_pharmacy,Hubei,Wuhan,urban,small,233,24,0.908,B,True,active
CUST_00062,independent_pharmacy,Sichuan,Chengdu,urban,medium,8258,21,0.979,A,True,active
CUST_00063,chain_pharmacy,Zhejiang,Hangzhou,urban,medium,1277,11,0.962,B,True,active
CUST_00064,chain_pharmacy,Zhejiang,Wenzhou,urban,medium,1885,22,0.904,B,True,active
CUST_00065,chain_pharmacy,Shandong,Jinan,urban,medium,2858,4,0.965,B,True,active
CUST_00066,primary_healthcare,Zhejiang,Hangzhou,urban,medium,21217,5,0.951,B,True,active
CUST_00067,independent_pharmacy,Zhejiang,Wenzhou,urban,medium,192,12,0.932,C,True,active
CUST_00068,chain_pharmacy,Shandong,Qingdao,urban,small,605,20,0.992,B,True,active
CUST_00069,chain_pharmacy,Zhejiang,Ningbo,urban,medium,1493,11,0.923,A,True,active
CUST_00070,independent_pharmacy,Zhejiang,Wenzhou,rural,small,1981,23,0.904,C,True,active
CUST_00071,primary_healthcare,Hubei,Wuhan,urban,small,409,8,0.935,B,True,active
CUST_00072,independent_pharmacy,Jiangsu,Nanjing,urban,small,215,26,0.916,C,True,active
CUST_00073,independent_pharmacy,Shandong,Jinan,urban,large,9823,11,0.967,B,True,active
CUST_00074,independent_pharmacy,Zhejiang,Ningbo,rural,small,210,10,0.907,C,True,active
CUST_00075,independent_pharmacy,Guangdong,Guangzhou,urban,medium,5197,15,0.942,C,True,inactive
CUST_00076,independent_pharmacy,Guangdong,Guangzhou,rural,small,257,18,0.955,C,True,active
CUST_00077,independent_pharmacy,Shandong,Qingdao,urban,medium,2937,25,0.98,C,True,active
CUST_00078,public_hospital,Zhejiang,Ningbo,rural,medium,24742,13,0.985,B,True,active
CUST_00079,public_hospital,Shandong,Jinan,urban,small,432,9,0.931,C,True,active
CUST_00080,independent_pharmacy,Zhejiang,Wenzhou,rural,medium,660,26,0.915,B,True,active
CUST_00081,primary_healthcare,Hubei,Xiangyang,rural,medium,4705,8,0.946,B,True,active
CUST_00082,public_hospital,Zhejiang,Wenzhou,urban,small,204,5,0.952,B,True,active
CUST_00083,independent_pharmacy,Sichuan,Mianyang,urban,medium,4191,11,0.963,B,True,active
CUST_00084,primary_healthcare,Zhejiang,Wenzhou,rural,small,621,4,0.961,B,True,active
CUST_00085,independent_pharmacy,Sichuan,Deyang,urban,small,2455,12,0.988,A,True,active
CUST_00086,clinic,Guangdong,Guangzhou,rural,small,3184,25,0.96,C,True,active
CUST_00087,independent_pharmacy,Guangdong,Dongguan,urban,small,878,25,0.957,C,True,active
CUST_00088,independent_pharmacy,Henan,Kaifeng,urban,small,176,25,0.907,C,True,active
CUST_00089,independent_pharmacy,Jiangsu,Nanjing,urban,medium,593,15,0.913,C,True,active
CUST_00090,public_hospital,Henan,Luoyang,urban,large,19697,4,0.992,A,True,active
CUST_00091,clinic,Henan,Kaifeng,urban,small,3253,23,0.951,A,True,active
CUST_00092,public_hospital,Zhejiang,Ningbo,urban,small,450,6,0.934,B,True,active
CUST_00093,primary_healthcare,Zhejiang,Wenzhou,urban,small,687,23,0.912,C,True,active
CUST_00094,primary_healthcare,Sichuan,Mianyang,rural,small,5102,16,0.985,C,True,active
CUST_00095,chain_pharmacy,Shandong,Yantai,urban,small,204,23,0.919,B,True,active
CUST_00096,public_hospital,Hubei,Yichang,urban,small,9333,4,0.966,A,True,active
CUST_00097,primary_healthcare,Hubei,Yichang,urban,small,193,12,0.977,D,True,active
CUST_00098,primary_healthcare,Henan,Kaifeng,urban,small,293,16,0.945,C,True,active
CUST_00099,independent_pharmacy,Guangdong,Shenzhen,urban,small,1139,23,0.902,D,True,active
CUST_00100,primary_healthcare,Zhejiang,Wenzhou,rural,medium,6021,14,0.973,B,True,active
CUST_00101,independent_pharmacy,Zhejiang,Ningbo,rural,small,206,26,0.902,C,True,active
CUST_00102,independent_pharmacy,Zhejiang,Ningbo,urban,small,178,22,0.902,C,True,inactive
CUST_00103,clinic,Henan,Luoyang,urban,small,459,5,0.975,B,True,active
CUST_00104,independent_pharmacy,Guangdong,Dongguan,urban,small,1423,22,0.917,B,True,active
CUST_00105,primary_healthcare,Sichuan,Chengdu,urban,medium,7103,5,0.966,A,True,active
CUST_00106,primary_healthcare,Shandong,Qingdao,urban,medium,14098,4,0.995,B,True,active
CUST_00107,primary_healthcare,Henan,Luoyang,urban,medium,2529,7,0.979,B,True,active
CUST_00108,chain_pharmacy,Sichuan,Chengdu,rural,small,3092,25,0.969,B,True,active
CUST_00109,independent_pharmacy,Zhejiang,Hangzhou,urban,medium,824,6,0.928,B,True,inactive
CUST_00110,public_hospital,Jiangsu,Suzhou,urban,large,533,4,0.984,B,True,active
CUST_00111,independent_pharmacy,Henan,Zhengzhou,urban,medium,168,22,0.929,C,True,active
CUST_00112,independent_pharmacy,Guangdong,Guangzhou,rural,small,366,28,0.902,C,True,active
CUST_00113,chain_pharmacy,Hubei,Yichang,urban,medium,910,5,0.944,B,True,active
CUST_00114,independent_pharmacy,Zhejiang,Wenzhou,rural,medium,10727,16,0.906,B,True,active
CUST_00115,independent_pharmacy,Guangdong,Dongguan,urban,small,865,15,0.906,B,True,active
CUST_00116,primary_healthcare,Henan,Kaifeng,urban,small,8499,17,0.967,B,True,active
CUST_00117,independent_pharmacy,Sichuan,Chengdu,rural,medium,691,17,0.901,B,True,active
CUST_00118,primary_healthcare,Zhejiang,Ningbo,urban,medium,2476,7,0.923,B,True,active
CUST_00119,independent_pharmacy,Guangdong,Guangzhou,urban,medium,1300,18,0.911,C,True,active
CUST_00120,clinic,Guangdong,Dongguan,rural,medium,2023,11,0.954,C,True,active
CUST_00121,clinic,Guangdong,Shenzhen,urban,medium,16339,6,0.992,C,True,active
CUST_00122,independent_pharmacy,Jiangsu,Nanjing,urban,small,929,24,0.938,B,True,active
CUST_00123,public_hospital,Shandong,Qingdao,urban,medium,6047,5,0.974,A,True,active
CUST_00124,chain_pharmacy,Guangdong,Dongguan,urban,medium,3983,16,0.986,B,True,active
CUST_00125,independent_pharmacy,Zhejiang,Ningbo,urban,medium,3555,19,0.962,A,True,active
CUST_00126,independent_pharmacy,Jiangsu,Nanjing,urban,small,164,19,0.91,B,True,active
CUST_00127,primary_healthcare,Henan,Luoyang,urban,medium,14369,5,0.977,A,True,active
CUST_00128,chain_pharmacy,Zhejiang,Wenzhou,rural,small,1792,22,0.91,B,True,active
CUST_00129,primary_healthcare,Hubei,Yichang,urban,medium,988,10,0.939,C,True,active
CUST_00130,independent_pharmacy,Henan,Zhengzhou,urban,small,164,26,0.921,C,True,active
CUST_00131,independent_pharmacy,Zhejiang,Ningbo,urban,small,244,17,0.901,C,True,active
CUST_00132,independent_pharmacy,Hubei,Wuhan,urban,large,4368,16,0.953,A,True,active
CUST_00133,chain_pharmacy,Henan,Luoyang,urban,medium,3250,23,0.917,C,True,active
CUST_00134,primary_healthcare,Guangdong,Guangzhou,urban,medium,5616,5,0.993,B,True,active
CUST_00135,independent_pharmacy,Sichuan,Deyang,urban,medium,215,9,0.968,B,True,active
CUST_00136,primary_healthcare,Henan,Kaifeng,urban,medium,2361,6,0.977,A,True,active
CUST_00137,primary_healthcare,Guangdong,Dongguan,urban,medium,9274,11,0.98,A,True,active
CUST_00138,independent_pharmacy,Sichuan,Deyang,urban,small,469,14,0.949,C,True,active
CUST_00139,independent_pharmacy,Henan,Luoyang,urban,medium,213,29,0.91,C,True,active
CUST_00140,independent_pharmacy,Zhejiang,Ningbo,urban,small,1197,13,0.938,C,True,active
CUST_00141,independent_pharmacy,Henan,Zhengzhou,urban,medium,736,7,0.948,B,True,active
CUST_00142,chain_pharmacy,Hubei,Wuhan,rural,medium,6742,9,0.9,C,True,active
CUST_00143,primary_healthcare,Shandong,Yantai,urban,small,4295,4,0.97,D,True,active
CUST_00144,independent_pharmacy,Hubei,Yichang,urban,medium,3938,22,0.936,C,True,inactive
CUST_00145,independent_pharmacy,Zhejiang,Hangzhou,urban,small,5105,19,0.905,C,True,active
CUST_00146,chain_pharmacy,Jiangsu,Nanjing,urban,small,185,10,0.912,B,True,active
CUST_00147,primary_healthcare,Zhejiang,Hangzhou,urban,small,169,13,0.921,B,True,active
CUST_00148,independent_pharmacy,Jiangsu,Nanjing,urban,small,806,18,0.953,B,True,active
CUST_00149,primary_healthcare,Sichuan,Chengdu,rural,medium,16149,4,0.995,B,True,active
CUST_00150,independent_pharmacy,Jiangsu,Wuxi,urban,medium,1253,9,0.941,B,True,active
CUST_00151,clinic,Hubei,Xiangyang,rural,small,1650,15,0.931,C,True,active
CUST_00152,independent_pharmacy,Shandong,Qingdao,urban,small,163,27,0.902,C,True,active
CUST_00153,independent_pharmacy,Henan,Luoyang,urban,medium,2488,8,0.953,B,True,active
CUST_00154,public_hospital,Zhejiang,Hangzhou,rural,large,11097,4,0.991,A,True,active
CUST_00155,public_hospital,Zhejiang,Wenzhou,urban,medium,19952,6,0.972,B,True,active
CUST_00156,chain_pharmacy,Henan,Zhengzhou,urban,small,799,15,0.983,C,True,inactive
CUST_00157,independent_pharmacy,Jiangsu,Nanjing,rural,large,7452,10,0.971,B,True,active
CUST_00158,primary_healthcare,Zhejiang,Ningbo,urban,small,15108,5,0.982,B,True,active
CUST_00159,independent_pharmacy,Shandong,Yantai,urban,large,1256,19,0.97,A,True,active
CUST_00160,independent_pharmacy,Guangdong,Dongguan,rural,medium,1055,20,0.909,A,True,active
CUST_00161,independent_pharmacy,Zhejiang,Ningbo,urban,small,389,12,0.919,B,True,active
CUST_00162,independent_pharmacy,Sichuan,Mianyang,urban,small,4615,26,0.909,D,True,active
CUST_00163,chain_pharmacy,Zhejiang,Hangzhou,urban,small,1802,13,0.942,B,True,active
CUST_00164,primary_healthcare,Zhejiang,Wenzhou,rural,large,2118,6,0.907,A,True,active
CUST_00165,independent_pharmacy,Shandong,Yantai,rural,medium,1840,19,0.919,C,True,inactive
CUST_00166,primary_healthcare,Zhejiang,Ningbo,urban,medium,1773,15,0.94,B,True,active
CUST_00167,independent_pharmacy,Sichuan,Mianyang,urban,large,2133,12,0.915,C,True,active
CUST_00168,public_hospital,Shandong,Qingdao,urban,medium,6121,10,0.983,C,True,active
CUST_00169,independent_pharmacy,Shandong,Jinan,urban,small,168,17,0.912,C,True,active
CUST_00170,primary_healthcare,Zhejiang,Hangzhou,urban,medium,3168,8,0.981,C,True,active
CUST_00171,independent_pharmacy,Guangdong,Dongguan,urban,medium,192,25,0.921,C,True,active
CUST_00172,independent_pharmacy,Zhejiang,Hangzhou,urban,medium,229,28,0.907,B,True,active
CUST_00173,chain_pharmacy,Hubei,Yichang,rural,small,691,13,0.979,C,True,active
CUST_00174,primary_healthcare,Jiangsu,Nanjing,rural,medium,8635,16,0.95,A,True,active
CUST_00175,clinic,Zhejiang,Ningbo,urban,medium,7529,10,0.937,C,True,active
CUST_00176,independent_pharmacy,Hubei,Yichang,urban,large,7534,19,0.909,B,True,active
CUST_00177,clinic,Guangdong,Guangzhou,rural,small,5155,8,0.972,A,True,active
CUST_00178,primary_healthcare,Shandong,Jinan,urban,small,2502,13,0.961,B,True,active
CUST_00179,primary_healthcare,Guangdong,Shenzhen,urban,large,12827,6,0.961,B,True,active
CUST_00180,primary_healthcare,Sichuan,Deyang,urban,medium,5507,10,0.957,C,True,active
CUST_00181,clinic,Sichuan,Mianyang,urban,medium,1205,14,0.975,C,True,active
CUST_00182,public_hospital,Jiangsu,Nanjing,urban,medium,20502,4,0.978,B,True,inactive
CUST_00183,primary_healthcare,Zhejiang,Wenzhou,urban,medium,2582,11,0.915,B,True,active
CUST_00184,independent_pharmacy,Zhejiang,Wenzhou,urban,small,168,20,0.901,C,True,active
CUST_00185,independent_pharmacy,Guangdong,Dongguan,rural,medium,611,9,0.929,B,True,active
CUST_00186,chain_pharmacy,Hubei,Yichang,urban,small,453,8,0.913,B,True,active
CUST_00187,independent_pharmacy,Hubei,Yichang,urban,small,998,21,0.943,C,True,active
CUST_00188,independent_pharmacy,Shandong,Qingdao,rural,medium,7215,17,0.933,A,True,active
CUST_00189,independent_pharmacy,Zhejiang,Ningbo,urban,medium,1561,27,0.926,C,True,inactive
CUST_00190,primary_healthcare,Sichuan,Mianyang,urban,medium,12119,12,0.994,D,True,active
CUST_00191,independent_pharmacy,Zhejiang,Ningbo,urban,small,1651,17,0.941,B,True,active
CUST_00192,independent_pharmacy,Shandong,Qingdao,urban,medium,163,25,0.906,B,True,active
CUST_00193,primary_healthcare,Zhejiang,Hangzhou,urban,medium,6223,9,0.932,A,True,active
CUST_00194,independent_pharmacy,Jiangsu,Nanjing,rural,medium,2293,6,0.909,B,True,active
CUST_00195,public_hospital,Zhejiang,Wenzhou,rural,medium,1579,9,0.935,B,True,active
CUST_00196,primary_healthcare,Jiangsu,Nanjing,urban,large,9279,9,0.964,A,True,active
CUST_00197,independent_pharmacy,Guangdong,Shenzhen,urban,small,1240,25,0.926,C,True,active
CUST_00198,independent_pharmacy,Sichuan,Mianyang,rural,medium,249,7,0.946,B,True,active
CUST_00199,independent_pharmacy,Guangdong,Shenzhen,urban,medium,13427,14,0.94,A,True,active
CUST_00200,chain_pharmacy,Zhejiang,Ningbo,urban,medium,2529,18,0.957,B,True,active
CUST_00201,independent_pharmacy,Zhejiang,Wenzhou,urban,medium,538,15,0.95,C,True,active
CUST_00202,clinic,Shandong,Yantai,urban,medium,4451,10,0.993,A,True,active
CUST_00203,primary_healthcare,Shandong,Yantai,urban,medium,13635,5,0.971,A,True,active
CUST_00204,public_hospital,Jiangsu,Nanjing,rural,medium,5971,5,0.992,B,True,active
CUST_00205,independent_pharmacy,Hubei,Xiangyang,urban,small,1274,12,0.916,B,True,active
CUST_00206,independent_pharmacy,Guangdong,Dongguan,urban,medium,2775,18,0.922,B,True,active
CUST_00207,primary_healthcare,Henan,Zhengzhou,urban,medium,8134,15,0.963,C,True,active
CUST_00208,independent_pharmacy,Zhejiang,Ningbo,urban,small,2315,8,0.987,D,True,active
CUST_00209,chain_pharmacy,Guangdong,Dongguan,rural,medium,617,4,0.982,B,True,active
CUST_00210,clinic,Hubei,Wuhan,rural,small,895,20,0.939,C,True,active
CUST_00211,clinic,Zhejiang,Hangzhou,rural,small,6629,17,0.905,B,True,active
CUST_00212,independent_pharmacy,Zhejiang,Ningbo,urban,small,1678,21,0.921,B,True,active
CUST_00213,primary_healthcare,Zhejiang,Wenzhou,rural,large,5670,17,0.911,A,True,active
CUST_00214,primary_healthcare,Hubei,Xiangyang,rural,small,240,12,0.931,C,True,active
CUST_00215,chain_pharmacy,Jiangsu,Suzhou,urban,medium,1126,13,0.901,B,True,active
CUST_00216,chain_pharmacy,Sichuan,Deyang,urban,small,2297,9,0.911,B,True,active
CUST_00217,primary_healthcare,Guangdong,Shenzhen,rural,small,2142,9,0.948,B,True,active
CUST_00218,primary_healthcare,Jiangsu,Wuxi,urban,small,189,22,0.961,C,True,active
CUST_00219,independent_pharmacy,Zhejiang,Wenzhou,urban,medium,2683,26,0.953,D,True,active
CUST_00220,independent_pharmacy,Shandong,Jinan,urban,medium,4719,24,0.938,B,True,active
CUST_00221,primary_healthcare,Jiangsu,Nanjing,rural,large,4796,7,0.94,B,True,active
CUST_00222,independent_pharmacy,Sichuan,Chengdu,urban,medium,2796,19,0.921,C,True,active
CUST_00223,independent_pharmacy,Guangdong,Dongguan,urban,small,380,27,0.903,B,True,active
CUST_00224,independent_pharmacy,Guangdong,Guangzhou,urban,medium,6271,18,0.916,B,True,active
CUST_00225,independent_pharmacy,Guangdong,Dongguan,urban,medium,2591,13,0.905,B,True,active
CUST_00226,primary_healthcare,Zhejiang,Ningbo,urban,small,6056,8,0.933,C,True,active
CUST_00227,chain_pharmacy,Guangdong,Shenzhen,rural,medium,6246,17,0.926,B,True,active
CUST_00228,public_hospital,Sichuan,Mianyang,urban,large,10494,7,0.993,B,True,active
CUST_00229,independent_pharmacy,Jiangsu,Wuxi,urban,medium,194,23,0.924,B,True,active
CUST_00230,independent_pharmacy,Henan,Kaifeng,urban,small,434,15,0.957,C,True,active
CUST_00231,clinic,Hubei,Yichang,urban,small,1136,10,0.992,B,True,active
CUST_00232,primary_healthcare,Zhejiang,Hangzhou,rural,medium,2468,14,0.925,B,True,active
CUST_00233,primary_healthcare,Hubei,Xiangyang,urban,small,2386,6,0.95,C,True,active
CUST_00234,clinic,Zhejiang,Ningbo,urban,large,14495,18,0.975,B,True,active
CUST_00235,independent_pharmacy,Guangdong,Dongguan,urban,medium,2093,12,0.903,B,True,active
CUST_00236,primary_healthcare,Shandong,Qingdao,rural,medium,1961,9,0.98,C,True,active
CUST_00237,independent_pharmacy,Sichuan,Deyang,rural,medium,8250,15,0.983,B,True,active
CUST_00238,independent_pharmacy,Henan,Luoyang,urban,small,1764,20,0.929,C,True,active
CUST_00239,primary_healthcare,Sichuan,Chengdu,rural,large,6786,9,0.917,B,True,active
CUST_00240,independent_pharmacy,Hubei,Xiangyang,urban,medium,23105,11,0.991,B,True,active
CUST_00241,independent_pharmacy,Hubei,Yichang,urban,medium,189,23,0.922,B,True,active
CUST_00242,independent_pharmacy,Zhejiang,Ningbo,urban,small,1601,5,0.916,B,True,active
CUST_00243,independent_pharmacy,Guangdong,Guangzhou,rural,medium,429,28,0.925,C,True,active
CUST_00244,chain_pharmacy,Guangdong,Guangzhou,urban,medium,1924,21,0.938,C,True,active
CUST_00245,independent_pharmacy,Zhejiang,Wenzhou,urban,medium,2553,12,0.929,C,True,active
CUST_00246,chain_pharmacy,Henan,Luoyang,urban,medium,10117,18,0.926,B,True,active
CUST_00247,public_hospital,Henan,Kaifeng,rural,medium,10801,7,0.985,B,True,active
CUST_00248,independent_pharmacy,Zhejiang,Wenzhou,urban,small,190,27,0.92,B,True,active
CUST_00249,clinic,Jiangsu,Nanjing,urban,small,4552,6,0.991,A,True,active
CUST_00250,independent_pharmacy,Zhejiang,Wenzhou,urban,medium,328,24,0.907,C,True,active
CUST_00251,primary_healthcare,Zhejiang,Hangzhou,urban,small,1471,7,0.942,A,True,active
CUST_00252,primary_healthcare,Guangdong,Dongguan,rural,medium,4712,11,0.96,B,True,active
CUST_00253,independent_pharmacy,Hubei,Xiangyang,urban,small,4057,20,0.964,D,True,active
CUST_00254,independent_pharmacy,Guangdong,Dongguan,urban,medium,2324,5,0.918,B,True,active
CUST_00255,primary_healthcare,Guangdong,Guangzhou,urban,medium,1650,14,0.936,B,True,active
CUST_00256,independent_pharmacy,Jiangsu,Wuxi,rural,medium,206,27,0.926,A,True,active
CUST_00257,chain_pharmacy,Henan,Zhengzhou,urban,medium,1655,17,0.992,C,True,active
CUST_00258,public_hospital,Shandong,Qingdao,urban,medium,5181,5,0.926,B,True,active
CUST_00259,independent_pharmacy,Sichuan,Deyang,urban,small,163,15,0.922,B,True,active
CUST_00260,primary_healthcare,Sichuan,Mianyang,urban,small,1355,8,0.94,A,True,active
CUST_00261,chain_pharmacy,Hubei,Yichang,urban,small,8136,11,0.975,D,True,active
CUST_00262,independent_pharmacy,Hubei,Wuhan,urban,small,3180,23,0.96,B,True,active
CUST_00263,primary_healthcare,Zhejiang,Hangzhou,urban,small,177,8,0.937,B,True,active
CUST_00264,independent_pharmacy,Jiangsu,Nanjing,urban,medium,224,5,0.951,B,True,active
CUST_00265,independent_pharmacy,Henan,Zhengzhou,urban,small,222,27,0.931,B,True,active
CUST_00266,primary_healthcare,Shandong,Jinan,urban,small,2080,12,0.942,C,True,active
CUST_00267,independent_pharmacy,Zhejiang,Wenzhou,urban,small,3216,9,0.988,C,True,inactive
CUST_00268,primary_healthcare,Jiangsu,Wuxi,urban,medium,962,8,0.979,B,True,active
CUST_00269,independent_pharmacy,Hubei,Yichang,urban,medium,916,22,0.974,B,True,active
CUST_00270,independent_pharmacy,Shandong,Qingdao,urban,medium,3896,15,0.952,B,True,active
CUST_00271,chain_pharmacy,Sichuan,Deyang,urban,medium,13348,5,0.992,A,True,active
CUST_00272,independent_pharmacy,Guangdong,Shenzhen,urban,small,866,21,0.909,C,True,active
CUST_00273,chain_pharmacy,Shandong,Qingdao,urban,medium,5364,27,0.962,C,True,active
CUST_00274,chain_pharmacy,Shandong,Qingdao,rural,small,496,10,0.911,B,True,active
CUST_00275,independent_pharmacy,Sichuan,Deyang,urban,small,174,18,0.902,C,True,active
CUST_00276,independent_pharmacy,Sichuan,Deyang,urban,medium,7539,27,0.906,B,True,active
CUST_00277,primary_healthcare,Zhejiang,Wenzhou,urban,medium,9724,11,0.981,A,True,active
CUST_00278,independent_pharmacy,Hubei,Xiangyang,urban,medium,1833,26,0.951,D,True,active
CUST_00279,independent_pharmacy,Sichuan,Chengdu,rural,small,3911,28,0.925,B,True,active
CUST_00280,independent_pharmacy,Zhejiang,Ningbo,rural,small,655,18,0.96,C,True,active
CUST_00281,public_hospital,Zhejiang,Wenzhou,rural,large,39172,7,0.96,B,True,active
CUST_00282,primary_healthcare,Sichuan,Mianyang,urban,small,1368,12,0.957,C,True,active
CUST_00283,independent_pharmacy,Hubei,Xiangyang,urban,medium,1414,14,0.946,B,True,active
CUST_00284,clinic,Zhejiang,Hangzhou,urban,small,13427,15,0.941,D,True,active
CUST_00285,independent_pharmacy,Shandong,Yantai,urban,medium,1539,21,0.922,B,True,active
CUST_00286,chain_pharmacy,Zhejiang,Ningbo,urban,medium,3717,11,0.931,A,True,active
CUST_00287,independent_pharmacy,Zhejiang,Hangzhou,urban,small,5693,25,0.95,B,True,active
CUST_00288,independent_pharmacy,Zhejiang,Ningbo,urban,small,167,17,0.915,B,True,active
CUST_00289,chain_pharmacy,Hubei,Yichang,urban,small,255,15,0.94,C,True,active
CUST_00290,primary_healthcare,Shandong,Jinan,urban,medium,10344,8,0.99,B,True,active
CUST_00291,chain_pharmacy,Zhejiang,Hangzhou,urban,small,1653,7,0.907,B,True,active
CUST_00292,independent_pharmacy,Jiangsu,Nanjing,urban,small,778,11,0.956,C,True,active
CUST_00293,independent_pharmacy,Guangdong,Guangzhou,urban,small,164,26,0.905,C,True,active
CUST_00294,independent_pharmacy,Jiangsu,Wuxi,rural,small,830,24,0.911,B,True,active
CUST_00295,chain_pharmacy,Zhejiang,Ningbo,urban,small,3298,18,0.902,C,True,active
CUST_00296,independent_pharmacy,Guangdong,Dongguan,urban,small,487,23,0.958,B,True,active
CUST_00297,independent_pharmacy,Sichuan,Mianyang,urban,medium,8689,12,0.953,B,True,active
CUST_00298,independent_pharmacy,Henan,Zhengzhou,urban,medium,854,10,0.92,C,True,active
CUST_00299,independent_pharmacy,Zhejiang,Ningbo,rural,medium,5378,8,0.965,B,True,inactive
CUST_00300,public_hospital,Zhejiang,Hangzhou,rural,small,540,13,0.99,B,True,active
CUST_00301,independent_pharmacy,Jiangsu,Wuxi,urban,small,8460,12,0.953,B,True,active
CUST_00302,public_hospital,Hubei,Yichang,rural,medium,6714,13,0.989,C,True,active
CUST_00303,public_hospital,Guangdong,Shenzhen,urban,medium,733,10,0.916,B,True,active
CUST_00304,clinic,Shandong,Yantai,urban,small,2373,5,0.922,B,True,active
CUST_00305,independent_pharmacy,Hubei,Xiangyang,urban,small,164,29,0.912,C,True,active
CUST_00306,independent_pharmacy,Zhejiang,Ningbo,urban,medium,7143,10,0.967,B,True,active
CUST_00307,independent_pharmacy,Hubei,Wuhan,urban,medium,2431,11,0.919,D,True,active
CUST_00308,primary_healthcare,Hubei,Wuhan,rural,medium,244,9,0.936,B,True,active
CUST_00309,chain_pharmacy,Shandong,Qingdao,urban,small,249,13,0.936,B,True,inactive
CUST_00310,primary_healthcare,Jiangsu,Nanjing,urban,medium,6838,14,0.99,D,True,inactive
CUST_00311,clinic,Zhejiang,Hangzhou,urban,medium,3819,14,0.94,B,True,inactive
CUST_00312,independent_pharmacy,Zhejiang,Wenzhou,urban,medium,653,15,0.952,B,True,active
CUST_00313,primary_healthcare,Hubei,Yichang,urban,medium,880,25,0.956,C,True,active
CUST_00314,chain_pharmacy,Shandong,Yantai,urban,small,7519,23,0.946,A,True,active
CUST_00315,primary_healthcare,Hubei,Yichang,rural,medium,2723,18,0.936,A,True,active
CUST_00316,independent_pharmacy,Sichuan,Deyang,urban,medium,3326,16,0.926,B,True,active
CUST_00317,independent_pharmacy,Sichuan,Deyang,urban,large,13410,11,0.97,B,True,active
CUST_00318,clinic,Guangdong,Shenzhen,urban,small,3867,11,0.906,B,True,active
CUST_00319,independent_pharmacy,Sichuan,Deyang,urban,medium,3140,13,0.943,D,True,active
CUST_00320,primary_healthcare,Shandong,Qingdao,urban,medium,707,18,0.971,C,True,active
CUST_00321,independent_pharmacy,Guangdong,Guangzhou,rural,medium,7662,11,0.96,D,True,active
CUST_00322,primary_healthcare,Zhejiang,Hangzhou,rural,medium,7107,6,0.939,B,True,active
CUST_00323,independent_pharmacy,Zhejiang,Ningbo,urban,small,1390,5,0.946,A,True,active
CUST_00324,independent_pharmacy,Guangdong,Shenzhen,urban,small,481,25,0.95,B,True,active
CUST_00325,independent_pharmacy,Hubei,Xiangyang,urban,small,251,23,0.907,C,True,active
CUST_00326,primary_healthcare,Zhejiang,Ningbo,rural,large,20409,5,0.981,A,True,active
CUST_00327,independent_pharmacy,Jiangsu,Wuxi,urban,small,499,27,0.93,C,True,active
CUST_00328,independent_pharmacy,Sichuan,Chengdu,urban,small,876,28,0.922,C,True,active
CUST_00329,chain_pharmacy,Guangdong,Guangzhou,urban,small,1037,16,0.913,B,True,active
CUST_00330,independent_pharmacy,Shandong,Qingdao,urban,small,580,11,0.929,C,True,active
CUST_00331,independent_pharmacy,Jiangsu,Nanjing,urban,small,960,24,0.923,B,True,active
CUST_00332,independent_pharmacy,Hubei,Xiangyang,urban,medium,2289,21,0.929,B,True,active
CUST_00333,clinic,Sichuan,Deyang,urban,medium,12257,5,0.984,B,True,active
CUST_00334,primary_healthcare,Jiangsu,Nanjing,rural,medium,7653,8,0.978,A,True,active
CUST_00335,chain_pharmacy,Hubei,Yichang,urban,medium,5051,9,0.974,C,True,active
CUST_00336,primary_healthcare,Sichuan,Mianyang,urban,medium,11686,6,0.946,C,True,active
CUST_00337,independent_pharmacy,Zhejiang,Wenzhou,urban,small,1987,24,0.907,A,True,active
CUST_00338,primary_healthcare,Sichuan,Deyang,rural,medium,4032,6,0.976,B,True,active
CUST_00339,independent_pharmacy,Hubei,Yichang,rural,medium,2472,16,0.968,B,True,active
CUST_00340,independent_pharmacy,Jiangsu,Suzhou,urban,small,1509,11,0.929,B,True,active
CUST_00341,independent_pharmacy,Guangdong,Dongguan,rural,small,167,14,0.953,C,True,active
CUST_00342,independent_pharmacy,Shandong,Yantai,rural,large,5459,13,0.925,C,True,active
CUST_00343,chain_pharmacy,Shandong,Qingdao,rural,medium,1934,15,0.93,D,True,active
CUST_00344,independent_pharmacy,Hubei,Yichang,urban,medium,8230,14,0.988,C,True,active
CUST_00345,independent_pharmacy,Henan,Zhengzhou,urban,small,849,11,0.964,C,True,active
CUST_00346,public_hospital,Shandong,Yantai,rural,small,2004,10,0.956,D,True,active
CUST_00347,independent_pharmacy,Zhejiang,Hangzhou,urban,small,573,12,0.936,D,True,active
CUST_00348,chain_pharmacy,Zhejiang,Ningbo,urban,medium,1556,6,0.983,C,True,active
CUST_00349,independent_pharmacy,Jiangsu,Nanjing,urban,small,1246,29,0.903,B,True,active
CUST_00350,independent_pharmacy,Zhejiang,Wenzhou,urban,small,980,24,0.91,C,True,active
CUST_00351,chain_pharmacy,Sichuan,Mianyang,urban,small,1275,12,0.983,B,True,active
CUST_00352,independent_pharmacy,Zhejiang,Hangzhou,rural,small,2693,17,0.907,B,True,active
CUST_00353,clinic,Zhejiang,Wenzhou,urban,small,375,15,0.961,B,True,active
CUST_00354,primary_healthcare,Sichuan,Mianyang,urban,medium,6862,11,0.956,B,True,active
CUST_00355,primary_healthcare,Jiangsu,Wuxi,urban,small,4490,11,0.981,A,True,active
CUST_00356,independent_pharmacy,Zhejiang,Ningbo,rural,medium,925,16,0.933,B,True,active
CUST_00357,chain_pharmacy,Jiangsu,Nanjing,rural,medium,5536,16,0.981,B,True,active
CUST_00358,primary_healthcare,Zhejiang,Ningbo,urban,medium,14183,7,0.957,B,True,active
CUST_00359,independent_pharmacy,Shandong,Yantai,urban,medium,8291,8,0.95,B,True,active
CUST_00360,independent_pharmacy,Zhejiang,Ningbo,urban,small,1800,21,0.934,B,True,active
CUST_00361,public_hospital,Shandong,Qingdao,urban,small,437,8,0.977,C,True,active
CUST_00362,primary_healthcare,Guangdong,Dongguan,rural,large,3378,5,0.982,C,True,active
CUST_00363,public_hospital,Zhejiang,Ningbo,urban,small,397,14,0.9,C,True,active
CUST_00364,independent_pharmacy,Zhejiang,Ningbo,rural,small,194,20,0.931,B,True,active
CUST_00365,primary_healthcare,Sichuan,Deyang,rural,medium,1734,21,0.915,C,True,active
CUST_00366,independent_pharmacy,Guangdong,Dongguan,urban,small,2088,23,0.927,C,True,active
CUST_00367,independent_pharmacy,Hubei,Yichang,urban,medium,4343,25,0.908,B,True,active
CUST_00368,independent_pharmacy,Guangdong,Shenzhen,urban,large,4067,13,0.914,B,True,inactive
CUST_00369,independent_pharmacy,Shandong,Jinan,urban,medium,239,11,0.903,A,True,active
CUST_00370,primary_healthcare,Guangdong,Shenzhen,urban,small,530,8,0.965,C,True,active
CUST_00371,independent_pharmacy,Hubei,Wuhan,urban,small,2794,12,0.94,B,True,active
CUST_00372,primary_healthcare,Shandong,Qingdao,urban,medium,26363,5,0.96,B,True,active
CUST_00373,chain_pharmacy,Jiangsu,Nanjing,urban,medium,6166,12,0.952,A,True,active
CUST_00374,independent_pharmacy,Zhejiang,Ningbo,urban,small,938,17,0.916,C,True,active
CUST_00375,chain_pharmacy,Shandong,Yantai,rural,small,553,15,0.909,B,True,active
CUST_00376,independent_pharmacy,Zhejiang,Ningbo,urban,medium,7313,20,0.955,A,True,active
CUST_00377,independent_pharmacy,Hubei,Wuhan,urban,medium,444,5,0.932,B,True,active
CUST_00378,primary_healthcare,Hubei,Xiangyang,urban,small,5845,9,0.931,B,True,inactive
CUST_00379,clinic,Hubei,Wuhan,rural,small,25365,4,0.955,A,True,active
CUST_00380,independent_pharmacy,Zhejiang,Ningbo,urban,medium,1837,18,0.91,A,True,active
CUST_00381,clinic,Guangdong,Dongguan,urban,medium,25626,9,0.953,B,True,active
CUST_00382,primary_healthcare,Guangdong,Dongguan,urban,small,1499,17,0.989,B,True,active
CUST_00383,independent_pharmacy,Jiangsu,Suzhou,urban,small,828,9,0.906,B,True,active
CUST_00384,independent_pharmacy,Hubei,Yichang,urban,medium,184,29,0.913,C,True,active
CUST_00385,chain_pharmacy,Guangdong,Dongguan,urban,medium,543,23,0.912,C,True,active
CUST_00386,primary_healthcare,Hubei,Yichang,urban,medium,11082,4,0.958,A,True,active
CUST_00387,independent_pharmacy,Hubei,Xiangyang,urban,medium,2300,17,0.926,C,True,active
CUST_00388,independent_pharmacy,Hubei,Yichang,urban,medium,13913,12,0.982,A,True,active
CUST_00389,public_hospital,Hubei,Yichang,urban,small,17066,8,0.991,B,True,active
CUST_00390,independent_pharmacy,Jiangsu,Wuxi,rural,small,192,26,0.935,C,True,active
CUST_00391,public_hospital,Hubei,Wuhan,urban,medium,12422,18,0.978,B,True,active
CUST_00392,clinic,Hubei,Xiangyang,urban,medium,4158,14,0.98,B,True,active
CUST_00393,independent_pharmacy,Sichuan,Deyang,rural,small,1094,21,0.909,A,True,active
CUST_00394,primary_healthcare,Shandong,Jinan,urban,medium,12201,18,0.954,B,True,active
CUST_00395,independent_pharmacy,Shandong,Yantai,urban,medium,298,21,0.921,B,True,active
CUST_00396,public_hospital,Zhejiang,Hangzhou,urban,medium,6777,6,0.953,B,True,active
CUST_00397,independent_pharmacy,Jiangsu,Nanjing,urban,small,1731,25,0.919,D,True,active
CUST_00398,primary_healthcare,Sichuan,Mianyang,urban,medium,14340,14,0.932,B,True,active
CUST_00399,public_hospital,Sichuan,Mianyang,rural,medium,8196,5,0.967,B,True,active
CUST_00400,independent_pharmacy,Guangdong,Guangzhou,urban,small,273,21,0.909,C,True,active
CUST_00401,chain_pharmacy,Guangdong,Dongguan,rural,small,2778,10,0.93,C,True,active
CUST_00402,primary_healthcare,Zhejiang,Ningbo,urban,small,2875,10,0.958,B,True,active
CUST_00403,primary_healthcare,Zhejiang,Ningbo,rural,medium,6940,16,0.958,A,True,active
CUST_00404,primary_healthcare,Guangdong,Guangzhou,urban,medium,10986,5,0.919,A,True,active
CUST_00405,independent_pharmacy,Sichuan,Deyang,urban,medium,9953,21,0.939,D,True,inactive
CUST_00406,primary_healthcare,Shandong,Qingdao,urban,medium,5768,17,0.958,B,True,active
CUST_00407,independent_pharmacy,Zhejiang,Ningbo,urban,medium,9438,9,0.906,C,True,active
CUST_00408,independent_pharmacy,Henan,Zhengzhou,rural,medium,664,24,0.908,B,True,active
CUST_00409,chain_pharmacy,Zhejiang,Wenzhou,urban,small,184,20,0.925,C,True,active
CUST_00410,independent_pharmacy,Zhejiang,Hangzhou,urban,medium,1135,25,0.958,C,True,active
CUST_00411,primary_healthcare,Zhejiang,Ningbo,urban,medium,5203,13,0.949,C,True,active
CUST_00412,chain_pharmacy,Jiangsu,Nanjing,rural,small,428,22,0.986,C,True,active
CUST_00413,independent_pharmacy,Zhejiang,Hangzhou,urban,medium,3142,16,0.958,B,True,active
CUST_00414,chain_pharmacy,Shandong,Jinan,rural,medium,191,16,0.923,B,True,active
CUST_00415,chain_pharmacy,Jiangsu,Wuxi,rural,medium,345,8,0.949,C,True,active
CUST_00416,independent_pharmacy,Jiangsu,Nanjing,urban,medium,925,25,0.902,B,True,active
CUST_00417,chain_pharmacy,Guangdong,Dongguan,urban,small,5287,20,0.95,A,True,active
CUST_00418,independent_pharmacy,Zhejiang,Ningbo,urban,medium,9672,18,0.922,B,True,active
CUST_00419,primary_healthcare,Zhejiang,Ningbo,urban,medium,1317,7,0.968,C,True,inactive
CUST_00420,independent_pharmacy,Shandong,Qingdao,rural,medium,5509,16,0.934,C,True,active
CUST_00421,primary_healthcare,Zhejiang,Wenzhou,urban,small,7290,4,0.956,B,True,active
CUST_00422,independent_pharmacy,Hubei,Wuhan,urban,medium,3982,15,0.939,C,True,active
CUST_00423,independent_pharmacy,Guangdong,Shenzhen,urban,small,208,25,0.956,C,True,active
CUST_00424,public_hospital,Shandong,Qingdao,urban,medium,2867,5,0.964,A,True,active
CUST_00425,clinic,Sichuan,Chengdu,rural,medium,194,11,0.965,B,True,active
CUST_00426,primary_healthcare,Jiangsu,Suzhou,urban,medium,7278,10,0.942,B,True,active
CUST_00427,chain_pharmacy,Sichuan,Chengdu,urban,small,164,21,0.941,D,True,active
CUST_00428,clinic,Guangdong,Guangzhou,rural,medium,14554,7,0.989,A,True,active
CUST_00429,primary_healthcare,Shandong,Jinan,urban,large,5394,7,0.985,B,True,inactive
CUST_00430,public_hospital,Guangdong,Dongguan,urban,medium,12680,10,0.957,A,True,active
CUST_00431,independent_pharmacy,Henan,Kaifeng,urban,medium,4409,21,0.956,A,True,active
CUST_00432,chain_pharmacy,Hubei,Wuhan,urban,medium,7215,8,0.929,C,True,active
CUST_00433,primary_healthcare,Sichuan,Deyang,urban,large,7727,13,0.972,A,True,active
CUST_00434,independent_pharmacy,Zhejiang,Hangzhou,urban,small,1088,23,0.928,B,True,active
CUST_00435,chain_pharmacy,Guangdong,Guangzhou,urban,small,246,24,0.939,D,True,active
CUST_00436,independent_pharmacy,Shandong,Qingdao,rural,small,391,9,0.926,B,True,active
CUST_00437,independent_pharmacy,Guangdong,Dongguan,urban,medium,1169,26,0.918,A,True,active
CUST_00438,independent_pharmacy,Jiangsu,Wuxi,urban,small,4552,21,0.912,C,True,active
CUST_00439,primary_healthcare,Hubei,Yichang,rural,medium,2928,10,0.966,A,True,active
CUST_00440,primary_healthcare,Hubei,Yichang,urban,small,4231,5,0.918,A,True,active
CUST_00441,independent_pharmacy,Zhejiang,Wenzhou,urban,small,170,16,0.902,C,True,active
CUST_00442,primary_healthcare,Henan,Luoyang,rural,small,1557,6,0.953,A,True,active
CUST_00443,clinic,Jiangsu,Nanjing,urban,small,302,11,0.947,C,True,active
CUST_00444,clinic,Shandong,Qingdao,urban,medium,2556,15,0.952,C,True,active
CUST_00445,clinic,Zhejiang,Ningbo,urban,small,2313,20,0.989,A,True,active
CUST_00446,independent_pharmacy,Jiangsu,Nanjing,urban,small,163,20,0.901,B,True,active
CUST_00447,public_hospital,Guangdong,Dongguan,urban,medium,8491,5,0.988,A,True,active
CUST_00448,independent_pharmacy,Sichuan,Deyang,urban,medium,639,13,0.948,C,True,active
CUST_00449,independent_pharmacy,Guangdong,Dongguan,urban,small,164,17,0.908,C,True,active
CUST_00450,primary_healthcare,Shandong,Qingdao,rural,small,862,15,0.912,B,True,active
CUST_00451,independent_pharmacy,Zhejiang,Wenzhou,rural,small,177,27,0.935,C,True,active
CUST_00452,chain_pharmacy,Shandong,Qingdao,urban,large,1296,6,0.907,A,True,active
CUST_00453,primary_healthcare,Zhejiang,Ningbo,urban,medium,3894,10,0.98,C,True,active
CUST_00454,independent_pharmacy,Shandong,Jinan,urban,small,172,19,0.93,B,True,active
CUST_00455,chain_pharmacy,Jiangsu,Suzhou,rural,medium,1277,18,0.931,C,True,active
CUST_00456,independent_pharmacy,Hubei,Xiangyang,urban,small,4872,24,0.971,C,True,active
CUST_00457,clinic,Hubei,Yichang,rural,medium,490,21,0.959,C,True,active
CUST_00458,public_hospital,Shandong,Qingdao,rural,small,2986,7,0.975,A,True,active
CUST_00459,independent_pharmacy,Shandong,Jinan,urban,small,198,29,0.915,C,True,active
CUST_00460,primary_healthcare,Zhejiang,Hangzhou,urban,small,1877,20,0.908,C,True,active
CUST_00461,independent_pharmacy,Jiangsu,Wuxi,urban,medium,7995,12,0.958,A,True,active
CUST_00462,chain_pharmacy,Guangdong,Shenzhen,urban,medium,399,16,0.94,C,True,active
CUST_00463,public_hospital,Shandong,Yantai,rural,medium,1246,5,0.939,B,True,active
CUST_00464,public_hospital,Sichuan,Mianyang,urban,medium,8353,4,0.959,A,True,active
CUST_00465,independent_pharmacy,Henan,Kaifeng,urban,small,228,17,0.967,B,True,active
CUST_00466,independent_pharmacy,Shandong,Jinan,urban,medium,366,12,0.993,A,True,active
CUST_00467,independent_pharmacy,Zhejiang,Wenzhou,urban,small,5953,7,0.9,A,True,active
CUST_00468,chain_pharmacy,Guangdong,Guangzhou,urban,small,164,20,0.913,B,True,active
CUST_00469,independent_pharmacy,Jiangsu,Nanjing,urban,medium,515,17,0.956,B,True,active
CUST_00470,independent_pharmacy,Guangdong,Guangzhou,urban,medium,2760,19,0.967,C,True,active
CUST_00471,primary_healthcare,Guangdong,Guangzhou,urban,small,297,28,0.914,C,True,active
CUST_00472,chain_pharmacy,Jiangsu,Wuxi,rural,medium,18889,11,0.913,B,True,active
CUST_00473,independent_pharmacy,Henan,Luoyang,urban,small,620,29,0.913,C,True,active
CUST_00474,independent_pharmacy,Shandong,Qingdao,urban,small,587,10,0.958,B,True,active
CUST_00475,primary_healthcare,Jiangsu,Wuxi,urban,small,568,22,0.959,C,True,active
CUST_00476,independent_pharmacy,Jiangsu,Nanjing,urban,medium,8614,24,0.922,D,True,active
CUST_00477,primary_healthcare,Shandong,Jinan,urban,medium,23189,7,0.969,A,True,active
CUST_00478,independent_pharmacy,Zhejiang,Wenzhou,urban,medium,10274,12,0.989,A,True,active
CUST_00479,chain_pharmacy,Zhejiang,Wenzhou,rural,small,1514,19,0.935,B,True,active
CUST_00480,independent_pharmacy,Zhejiang,Ningbo,rural,medium,3486,12,0.923,B,True,active
CUST_00481,public_hospital,Shandong,Jinan,rural,medium,8875,11,0.934,B,True,active
CUST_00482,chain_pharmacy,Zhejiang,Hangzhou,rural,small,899,8,0.904,B,True,active
CUST_00483,clinic,Henan,Zhengzhou,urban,medium,1114,10,0.969,D,True,active
CUST_00484,chain_pharmacy,Sichuan,Chengdu,urban,medium,571,7,0.959,A,True,active
CUST_00485,independent_pharmacy,Sichuan,Mianyang,urban,medium,173,20,0.914,C,True,active
CUST_00486,chain_pharmacy,Jiangsu,Nanjing,urban,medium,1115,16,0.927,C,True,active
CUST_00487,independent_pharmacy,Guangdong,Dongguan,urban,small,167,20,0.929,C,True,active
CUST_00488,independent_pharmacy,Hubei,Wuhan,urban,small,163,29,0.9,C,True,active
CUST_00489,public_hospital,Shandong,Jinan,urban,large,18568,4,0.993,B,True,active
CUST_00490,public_hospital,Guangdong,Guangzhou,urban,large,15923,9,0.987,B,True,active
CUST_00491,primary_healthcare,Shandong,Yantai,urban,medium,296,9,0.976,B,True,active
CUST_00492,independent_pharmacy,Jiangsu,Wuxi,urban,small,163,26,0.907,B,True,active
CUST_00493,primary_healthcare,Zhejiang,Hangzhou,urban,medium,4401,7,0.965,A,True,active
CUST_00494,independent_pharmacy,Shandong,Qingdao,urban,small,1040,14,0.963,B,True,active
CUST_00495,public_hospital,Guangdong,Guangzhou,urban,medium,6539,14,0.975,C,True,active
CUST_00496,chain_pharmacy,Zhejiang,Wenzhou,rural,small,4380,23,0.983,B,True,active
CUST_00497,independent_pharmacy,Zhejiang,Ningbo,urban,small,660,22,0.964,B,True,active
CUST_00498,independent_pharmacy,Hubei,Wuhan,urban,medium,3883,12,0.904,A,True,active
CUST_00499,independent_pharmacy,Zhejiang,Hangzhou,urban,medium,244,16,0.927,C,True,inactive
CUST_00500,independent_pharmacy,Hubei,Wuhan,rural,small,1214,18,0.906,B,True,active
CUST_00501,chain_pharmacy,Jiangsu,Nanjing,rural,small,7479,7,0.956,B,True,active
CUST_00502,independent_pharmacy,Zhejiang,Wenzhou,urban,small,2516,10,0.906,C,True,active
CUST_00503,chain_pharmacy,Zhejiang,Wenzhou,urban,medium,434,16,0.908,C,True,active
CUST_00504,primary_healthcare,Shandong,Yantai,urban,small,731,7,0.967,C,True,active
CUST_00505,primary_healthcare,Zhejiang,Wenzhou,rural,medium,7216,6,0.966,B,True,active
CUST_00506,independent_pharmacy,Jiangsu,Nanjing,urban,medium,3224,21,0.947,B,True,active
CUST_00507,chain_pharmacy,Jiangsu,Nanjing,urban,medium,5780,24,0.948,D,True,active
CUST_00508,primary_healthcare,Hubei,Yichang,urban,medium,9724,4,0.951,A,True,active
CUST_00509,independent_pharmacy,Zhejiang,Ningbo,rural,small,595,13,0.912,C,True,active
CUST_00510,independent_pharmacy,Sichuan,Deyang,urban,medium,9180,18,0.916,A,True,active
CUST_00511,chain_pharmacy,Shandong,Jinan,urban,small,227,20,0.906,C,True,active
CUST_00512,clinic,Henan,Zhengzhou,urban,medium,1975,10,0.969,C,True,active
CUST_00513,primary_healthcare,Henan,Zhengzhou,urban,small,3630,7,0.909,A,True,active
CUST_00514,independent_pharmacy,Hubei,Wuhan,urban,small,746,17,0.902,B,True,active
CUST_00515,independent_pharmacy,Hubei,Yichang,urban,medium,7913,20,0.925,B,True,active
CUST_00516,independent_pharmacy,Hubei,Yichang,rural,medium,3026,20,0.943,C,True,active
CUST_00517,public_hospital,Shandong,Jinan,urban,small,885,5,0.943,A,True,active
CUST_00518,primary_healthcare,Hubei,Yichang,urban,medium,7512,9,0.971,B,True,active
CUST_00519,public_hospital,Hubei,Yichang,rural,medium,17736,4,0.954,A,True,active
CUST_00520,independent_pharmacy,Sichuan,Mianyang,urban,medium,6821,12,0.918,B,True,active
CUST_00521,independent_pharmacy,Jiangsu,Nanjing,urban,small,810,27,0.926,B,True,active
CUST_00522,independent_pharmacy,Henan,Zhengzhou,urban,small,1013,11,0.985,A,True,active
CUST_00523,public_hospital,Henan,Zhengzhou,urban,medium,9874,6,0.945,A,True,active
CUST_00524,primary_healthcare,Zhejiang,Wenzhou,urban,small,594,19,0.912,A,True,active
CUST_00525,chain_pharmacy,Sichuan,Deyang,rural,medium,2563,22,0.944,C,True,active
CUST_00526,independent_pharmacy,Shandong,Yantai,urban,medium,202,26,0.923,B,True,active
CUST_00527,chain_pharmacy,Jiangsu,Nanjing,urban,small,173,27,0.938,C,True,active
CUST_00528,independent_pharmacy,Henan,Kaifeng,rural,medium,14655,23,0.993,B,True,active
CUST_00529,primary_healthcare,Jiangsu,Nanjing,rural,small,3712,9,0.943,D,True,active
CUST_00530,chain_pharmacy,Jiangsu,Wuxi,urban,medium,203,25,0.941,B,True,active
CUST_00531,independent_pharmacy,Hubei,Xiangyang,urban,medium,8926,10,0.941,A,True,active
CUST_00532,independent_pharmacy,Henan,Kaifeng,urban,medium,481,12,0.915,C,True,active
CUST_00533,independent_pharmacy,Sichuan,Deyang,urban,small,6316,5,0.971,B,True,active
CUST_00534,primary_healthcare,Shandong,Qingdao,urban,small,9727,13,0.963,A,True,active
CUST_00535,independent_pharmacy,Zhejiang,Wenzhou,rural,small,3771,17,0.943,B,True,active
CUST_00536,independent_pharmacy,Guangdong,Guangzhou,urban,medium,979,22,0.955,B,True,active
CUST_00537,independent_pharmacy,Guangdong,Guangzhou,urban,small,997,27,0.902,D,True,active
CUST_00538,clinic,Hubei,Wuhan,urban,medium,1986,9,0.975,B,True,active
CUST_00539,chain_pharmacy,Hubei,Yichang,urban,medium,860,22,0.924,D,True,active
CUST_00540,independent_pharmacy,Zhejiang,Ningbo,urban,medium,5093,21,0.928,B,True,active
CUST_00541,independent_pharmacy,Zhejiang,Wenzhou,urban,small,1080,16,0.967,B,True,active
CUST_00542,independent_pharmacy,Hubei,Yichang,urban,small,8932,14,0.957,C,True,active
CUST_00543,independent_pharmacy,Guangdong,Dongguan,rural,medium,451,6,0.958,B,True,active
CUST_00544,independent_pharmacy,Shandong,Jinan,rural,medium,229,20,0.954,C,True,active
CUST_00545,public_hospital,Zhejiang,Hangzhou,rural,medium,1456,5,0.966,D,True,active
CUST_00546,public_hospital,Shandong,Qingdao,urban,medium,3748,6,0.993,B,True,active
CUST_00547,chain_pharmacy,Jiangsu,Suzhou,urban,medium,876,22,0.93,C,True,active
CUST_00548,independent_pharmacy,Henan,Zhengzhou,urban,medium,257,17,0.904,C,True,active
CUST_00549,chain_pharmacy,Guangdong,Dongguan,rural,small,8403,8,0.917,A,True,active
CUST_00550,independent_pharmacy,Guangdong,Dongguan,urban,medium,619,7,0.925,C,True,active
CUST_00551,chain_pharmacy,Sichuan,Mianyang,urban,medium,3677,14,0.982,B,True,active
CUST_00552,primary_healthcare,Zhejiang,Hangzhou,urban,medium,2773,8,0.963,C,True,active
CUST_00553,independent_pharmacy,Sichuan,Mianyang,urban,medium,791,24,0.935,B,True,active
CUST_00554,independent_pharmacy,Guangdong,Shenzhen,urban,small,194,15,0.915,C,True,active
CUST_00555,independent_pharmacy,Henan,Luoyang,urban,medium,1686,6,0.994,B,True,active
CUST_00556,chain_pharmacy,Zhejiang,Hangzhou,urban,small,1484,7,0.939,A,True,active
CUST_00557,independent_pharmacy,Hubei,Wuhan,urban,medium,4587,22,0.919,A,True,active
CUST_00558,independent_pharmacy,Guangdong,Guangzhou,urban,medium,565,24,0.963,C,True,active
CUST_00559,independent_pharmacy,Shandong,Qingdao,urban,medium,163,16,0.908,C,True,active
CUST_00560,chain_pharmacy,Hubei,Wuhan,urban,medium,164,14,0.924,B,True,active
CUST_00561,independent_pharmacy,Shandong,Qingdao,urban,medium,3584,10,0.911,B,True,active
CUST_00562,independent_pharmacy,Jiangsu,Wuxi,urban,medium,168,28,0.908,B,True,active
CUST_00563,independent_pharmacy,Sichuan,Mianyang,urban,small,521,16,0.936,A,True,active
CUST_00564,independent_pharmacy,Jiangsu,Nanjing,rural,small,163,28,0.9,C,True,active
CUST_00565,independent_pharmacy,Henan,Luoyang,rural,medium,8401,11,0.964,B,True,active
CUST_00566,independent_pharmacy,Henan,Zhengzhou,rural,medium,1884,19,0.905,A,True,active
CUST_00567,primary_healthcare,Hubei,Wuhan,urban,large,2699,4,0.929,C,True,active
CUST_00568,chain_pharmacy,Sichuan,Deyang,urban,medium,1923,24,0.929,B,True,active
CUST_00569,independent_pharmacy,Zhejiang,Wenzhou,urban,medium,214,25,0.913,C,True,active
CUST_00570,chain_pharmacy,Sichuan,Chengdu,urban,medium,9997,17,0.912,C,True,active
CUST_00571,public_hospital,Sichuan,Deyang,urban,medium,1767,4,0.954,A,True,active
CUST_00572,chain_pharmacy,Sichuan,Mianyang,urban,small,277,7,0.955,C,True,active
CUST_00573,public_hospital,Shandong,Yantai,urban,medium,8535,7,0.99,C,True,active
CUST_00574,clinic,Sichuan,Chengdu,urban,medium,1489,11,0.987,B,True,active
CUST_00575,independent_pharmacy,Zhejiang,Hangzhou,urban,small,179,23,0.905,A,True,active
CUST_00576,independent_pharmacy,Zhejiang,Wenzhou,urban,small,458,11,0.901,B,True,active
CUST_00577,independent_pharmacy,Zhejiang,Hangzhou,urban,small,2839,11,0.926,A,True,active
CUST_00578,public_hospital,Henan,Luoyang,urban,medium,2261,5,0.911,B,True,active
CUST_00579,independent_pharmacy,Zhejiang,Ningbo,rural,small,226,21,0.937,C,True,active
CUST_00580,independent_pharmacy,Hubei,Wuhan,rural,medium,752,26,0.983,C,True,active
CUST_00581,independent_pharmacy,Zhejiang,Ningbo,urban,small,461,13,0.923,B,True,active
CUST_00582,primary_healthcare,Zhejiang,Ningbo,rural,small,29385,7,0.973,B,True,active
CUST_00583,primary_healthcare,Jiangsu,Nanjing,urban,medium,311,17,0.942,B,True,active
CUST_00584,independent_pharmacy,Hubei,Xiangyang,rural,small,3569,27,0.925,C,True,active
CUST_00585,primary_healthcare,Sichuan,Mianyang,urban,small,2204,19,0.917,B,True,active
CUST_00586,independent_pharmacy,Guangdong,Guangzhou,urban,small,670,28,0.904,B,True,active
CUST_00587,independent_pharmacy,Jiangsu,Suzhou,rural,small,940,27,0.926,C,True,active
CUST_00588,primary_healthcare,Guangdong,Guangzhou,urban,medium,10846,11,0.993,A,True,active
CUST_00589,public_hospital,Shandong,Jinan,rural,medium,18065,6,0.983,B,True,active
CUST_00590,primary_healthcare,Hubei,Yichang,urban,medium,3461,6,0.909,B,True,active
CUST_00591,primary_healthcare,Jiangsu,Nanjing,rural,small,13251,9,0.989,C,True,active
CUST_00592,independent_pharmacy,Zhejiang,Wenzhou,urban,medium,5474,27,0.918,B,True,active
CUST_00593,independent_pharmacy,Sichuan,Deyang,urban,small,333,24,0.902,A,True,active
CUST_00594,independent_pharmacy,Henan,Kaifeng,urban,medium,4704,23,0.923,B,True,inactive
CUST_00595,independent_pharmacy,Guangdong,Dongguan,urban,medium,197,18,0.922,C,True,active
CUST_00596,primary_healthcare,Zhejiang,Ningbo,urban,small,2774,12,0.978,B,True,active
CUST_00597,independent_pharmacy,Zhejiang,Hangzhou,urban,small,163,16,0.928,A,True,active
CUST_00598,primary_healthcare,Sichuan,Deyang,rural,large,19107,25,0.993,C,True,active
CUST_00599,primary_healthcare,Henan,Zhengzhou,urban,small,257,17,0.911,C,True,active
CUST_00600,independent_pharmacy,Zhejiang,Ningbo,urban,small,835,18,0.915,B,True,active
CUST_00601,primary_healthcare,Zhejiang,Ningbo,urban,small,859,12,0.944,C,True,active
CUST_00602,chain_pharmacy,Guangdong,Shenzhen,urban,small,4085,7,0.952,B,True,active
CUST_00603,independent_pharmacy,Jiangsu,Nanjing,urban,medium,4575,12,0.965,A,True,active
CUST_00604,public_hospital,Guangdong,Dongguan,rural,medium,4128,5,0.91,A,True,active
CUST_00605,primary_healthcare,Jiangsu,Suzhou,urban,medium,367,7,0.972,B,True,active
CUST_00606,independent_pharmacy,Guangdong,Shenzhen,urban,small,344,27,0.924,C,True,active
CUST_00607,independent_pharmacy,Jiangsu,Suzhou,urban,medium,2885,23,0.935,B,True,active
CUST_00608,chain_pharmacy,Zhejiang,Hangzhou,urban,medium,332,12,0.901,B,True,active
CUST_00609,chain_pharmacy,Zhejiang,Ningbo,urban,medium,10333,12,0.937,A,True,active
CUST_00610,independent_pharmacy,Jiangsu,Wuxi,urban,medium,2272,20,0.946,A,True,active
CUST_00611,chain_pharmacy,Hubei,Yichang,urban,small,7546,12,0.976,A,True,active
CUST_00612,chain_pharmacy,Hubei,Xiangyang,urban,medium,11707,9,0.973,B,True,active
CUST_00613,chain_pharmacy,Sichuan,Chengdu,rural,medium,629,10,0.901,D,True,active
CUST_00614,chain_pharmacy,Shandong,Jinan,urban,small,9441,12,0.908,B,True,active
CUST_00615,independent_pharmacy,Shandong,Qingdao,urban,small,165,28,0.918,B,True,active
CUST_00616,primary_healthcare,Henan,Zhengzhou,rural,medium,6750,6,0.988,A,True,active
CUST_00617,primary_healthcare,Henan,Zhengzhou,urban,small,705,28,0.95,C,True,active
CUST_00618,primary_healthcare,Zhejiang,Ningbo,urban,medium,7821,9,0.94,C,True,inactive
CUST_00619,primary_healthcare,Sichuan,Mianyang,urban,small,171,6,0.945,C,True,active
CUST_00620,primary_healthcare,Hubei,Wuhan,rural,medium,13912,5,0.982,D,True,active
CUST_00621,independent_pharmacy,Zhejiang,Ningbo,urban,medium,165,21,0.934,C,True,active
CUST_00622,independent_pharmacy,Hubei,Yichang,rural,medium,306,27,0.909,C,True,active
CUST_00623,primary_healthcare,Hubei,Yichang,urban,medium,14688,10,0.924,A,True,active
CUST_00624,independent_pharmacy,Hubei,Wuhan,rural,small,165,25,0.921,C,True,inactive
CUST_00625,public_hospital,Jiangsu,Nanjing,urban,medium,12628,12,0.954,B,True,active
CUST_00626,primary_healthcare,Shandong,Jinan,urban,small,545,22,0.97,C,True,active
CUST_00627,independent_pharmacy,Zhejiang,Ningbo,rural,small,1892,24,0.906,B,True,active
CUST_00628,public_hospital,Hubei,Wuhan,urban,medium,861,17,0.906,D,True,active
CUST_00629,chain_pharmacy,Zhejiang,Wenzhou,urban,small,3238,8,0.986,C,True,active
CUST_00630,independent_pharmacy,Jiangsu,Nanjing,urban,small,1723,10,0.916,B,True,active
CUST_00631,independent_pharmacy,Jiangsu,Nanjing,urban,medium,11531,27,0.91,B,True,active
CUST_00632,primary_healthcare,Zhejiang,Ningbo,urban,medium,756,20,0.931,D,True,active
CUST_00633,independent_pharmacy,Zhejiang,Wenzhou,rural,small,208,18,0.91,A,True,active
CUST_00634,primary_healthcare,Shandong,Qingdao,rural,medium,4313,19,0.924,B,True,active
CUST_00635,independent_pharmacy,Zhejiang,Ningbo,urban,small,3384,9,0.986,A,True,active
CUST_00636,independent_pharmacy,Zhejiang,Wenzhou,urban,small,257,20,0.933,C,True,active
CUST_00637,independent_pharmacy,Zhejiang,Ningbo,rural,small,184,13,0.928,B,True,active
CUST_00638,independent_pharmacy,Henan,Zhengzhou,urban,small,3878,24,0.943,D,True,active
CUST_00639,independent_pharmacy,Shandong,Qingdao,urban,medium,3932,15,0.955,A,True,active
CUST_00640,independent_pharmacy,Guangdong,Shenzhen,rural,medium,512,25,0.904,C,True,active
CUST_00641,public_hospital,Shandong,Jinan,rural,small,2482,12,0.98,C,True,active
CUST_00642,chain_pharmacy,Shandong,Qingdao,urban,medium,2217,17,0.974,A,True,active
CUST_00643,independent_pharmacy,Sichuan,Mianyang,rural,medium,758,27,0.91,C,True,active
CUST_00644,independent_pharmacy,Hubei,Wuhan,urban,large,532,21,0.931,B,True,active
CUST_00645,independent_pharmacy,Hubei,Yichang,urban,medium,7505,10,0.969,B,True,active
CUST_00646,chain_pharmacy,Guangdong,Dongguan,rural,medium,14685,9,0.982,B,True,active
CUST_00647,primary_healthcare,Hubei,Xiangyang,urban,medium,1120,13,0.921,B,True,active
CUST_00648,chain_pharmacy,Zhejiang,Hangzhou,urban,medium,2662,22,0.959,B,True,active
CUST_00649,clinic,Zhejiang,Ningbo,urban,medium,891,15,0.962,C,True,active
CUST_00650,chain_pharmacy,Zhejiang,Hangzhou,rural,small,1591,14,0.946,D,True,active
CUST_00651,primary_healthcare,Henan,Zhengzhou,urban,medium,3914,6,0.926,C,True,active
CUST_00652,public_hospital,Sichuan,Deyang,urban,medium,8478,5,0.995,A,True,active
CUST_00653,independent_pharmacy,Zhejiang,Hangzhou,urban,medium,9962,8,0.905,A,True,active
CUST_00654,clinic,Zhejiang,Hangzhou,urban,large,3722,20,0.96,B,True,active
CUST_00655,independent_pharmacy,Zhejiang,Ningbo,urban,small,210,16,0.908,C,True,active
CUST_00656,public_hospital,Guangdong,Guangzhou,urban,medium,24442,5,0.992,A,True,active
CUST_00657,independent_pharmacy,Henan,Luoyang,urban,small,163,29,0.91,C,True,active
CUST_00658,independent_pharmacy,Hubei,Xiangyang,urban,small,163,23,0.903,C,True,inactive
CUST_00659,public_hospital,Guangdong,Guangzhou,urban,medium,7168,7,0.991,B,True,active
CUST_00660,chain_pharmacy,Sichuan,Deyang,rural,small,179,24,0.902,C,True,active
CUST_00661,independent_pharmacy,Henan,Zhengzhou,urban,medium,944,5,0.903,A,True,active
CUST_00662,independent_pharmacy,Shandong,Qingdao,urban,small,271,25,0.932,D,True,active
CUST_00663,chain_pharmacy,Zhejiang,Ningbo,rural,medium,2431,25,0.942,C,True,active
CUST_00664,primary_healthcare,Jiangsu,Nanjing,urban,medium,3974,10,0.964,B,True,active
CUST_00665,independent_pharmacy,Guangdong,Shenzhen,urban,small,198,28,0.905,C,True,active
CUST_00666,independent_pharmacy,Hubei,Wuhan,rural,medium,6612,21,0.912,B,True,active
CUST_00667,chain_pharmacy,Zhejiang,Ningbo,urban,small,645,22,0.958,A,True,active
CUST_00668,independent_pharmacy,Zhejiang,Hangzhou,urban,small,2297,23,0.91,A,True,active
CUST_00669,chain_pharmacy,Jiangsu,Nanjing,urban,small,1128,7,0.925,C,True,active
CUST_00670,independent_pharmacy,Zhejiang,Hangzhou,urban,small,487,18,0.901,B,True,active
CUST_00671,independent_pharmacy,Sichuan,Chengdu,urban,small,173,26,0.901,B,True,active
CUST_00672,primary_healthcare,Sichuan,Mianyang,urban,medium,23462,12,0.993,A,True,active
CUST_00673,clinic,Zhejiang,Hangzhou,urban,large,2881,9,0.965,A,True,active
CUST_00674,independent_pharmacy,Guangdong,Dongguan,urban,small,2117,26,0.916,C,True,active
CUST_00675,primary_healthcare,Guangdong,Dongguan,urban,medium,207,13,0.928,B,True,active
CUST_00676,independent_pharmacy,Shandong,Qingdao,urban,large,3093,14,0.919,A,True,active
CUST_00677,clinic,Sichuan,Chengdu,urban,small,164,15,0.914,C,True,active
CUST_00678,public_hospital,Henan,Luoyang,urban,small,9017,11,0.935,D,True,active
CUST_00679,independent_pharmacy,Jiangsu,Wuxi,urban,large,2755,8,0.953,B,True,active
CUST_00680,independent_pharmacy,Henan,Luoyang,rural,small,1019,27,0.977,C,True,active
CUST_00681,primary_healthcare,Jiangsu,Wuxi,urban,medium,580,9,0.995,B,True,active
CUST_00682,independent_pharmacy,Zhejiang,Wenzhou,rural,small,1789,16,0.948,C,True,active
CUST_00683,chain_pharmacy,Henan,Zhengzhou,urban,medium,236,19,0.91,A,True,active
CUST_00684,independent_pharmacy,Henan,Zhengzhou,urban,medium,1091,24,0.903,B,True,active
CUST_00685,independent_pharmacy,Hubei,Wuhan,urban,small,2559,15,0.967,C,True,active
CUST_00686,independent_pharmacy,Shandong,Yantai,rural,medium,469,14,0.968,B,True,active
CUST_00687,primary_healthcare,Sichuan,Mianyang,rural,small,298,12,0.972,C,True,active
CUST_00688,independent_pharmacy,Hubei,Yichang,urban,medium,12626,11,0.945,B,True,active
CUST_00689,primary_healthcare,Henan,Zhengzhou,urban,medium,14431,15,0.983,B,True,active
CUST_00690,independent_pharmacy,Shandong,Qingdao,urban,medium,839,17,0.96,A,True,active
CUST_00691,chain_pharmacy,Sichuan,Deyang,urban,small,858,13,0.911,B,True,active
CUST_00692,primary_healthcare,Zhejiang,Hangzhou,rural,small,8202,20,0.964,A,True,active
CUST_00693,chain_pharmacy,Zhejiang,Wenzhou,urban,medium,18740,12,0.93,A,True,active
CUST_00694,independent_pharmacy,Guangdong,Dongguan,urban,large,2381,21,0.948,A,True,active
CUST_00695,chain_pharmacy,Zhejiang,Ningbo,urban,large,2771,8,0.933,A,True,active
CUST_00696,independent_pharmacy,Guangdong,Guangzhou,urban,small,268,28,0.904,B,True,active
CUST_00697,primary_healthcare,Hubei,Yichang,rural,medium,2234,11,0.981,A,True,active
CUST_00698,public_hospital,Hubei,Yichang,urban,medium,2958,5,0.947,C,True,inactive
CUST_00699,independent_pharmacy,Sichuan,Deyang,urban,medium,8074,13,0.923,B,True,active
CUST_00700,chain_pharmacy,Zhejiang,Ningbo,urban,medium,431,9,0.949,B,True,active
CUST_00701,independent_pharmacy,Jiangsu,Wuxi,urban,small,754,8,0.958,D,True,active
CUST_00702,independent_pharmacy,Shandong,Jinan,urban,medium,744,13,0.934,D,True,active
CUST_00703,independent_pharmacy,Guangdong,Dongguan,urban,medium,654,18,0.945,B,True,active
CUST_00704,independent_pharmacy,Shandong,Qingdao,urban,large,7629,6,0.923,D,True,active
CUST_00705,independent_pharmacy,Jiangsu,Wuxi,urban,small,188,24,0.967,D,True,active
CUST_00706,public_hospital,Sichuan,Deyang,urban,medium,7630,4,0.937,B,True,active
CUST_00707,public_hospital,Shandong,Yantai,urban,large,30075,5,0.991,A,True,active
CUST_00708,independent_pharmacy,Hubei,Yichang,urban,small,843,25,0.927,B,True,active
CUST_00709,independent_pharmacy,Sichuan,Mianyang,urban,small,260,18,0.919,A,True,active
CUST_00710,chain_pharmacy,Sichuan,Deyang,urban,medium,1582,20,0.975,C,True,active
CUST_00711,primary_healthcare,Sichuan,Deyang,urban,medium,643,23,0.928,B,True,active
CUST_00712,public_hospital,Zhejiang,Wenzhou,urban,large,14098,5,0.98,B,True,active
CUST_00713,public_hospital,Guangdong,Guangzhou,urban,medium,9729,9,0.99,A,True,active
CUST_00714,independent_pharmacy,Guangdong,Guangzhou,urban,medium,439,24,0.979,C,True,active
CUST_00715,primary_healthcare,Shandong,Yantai,urban,medium,1559,14,0.911,A,True,active
CUST_00716,chain_pharmacy,Guangdong,Dongguan,urban,small,363,10,0.947,C,True,active
CUST_00717,primary_healthcare,Zhejiang,Ningbo,urban,medium,10961,5,0.951,C,True,active
CUST_00718,independent_pharmacy,Zhejiang,Ningbo,urban,medium,2974,18,0.964,B,True,active
CUST_00719,chain_pharmacy,Zhejiang,Ningbo,urban,medium,5502,5,0.911,A,True,active
CUST_00720,chain_pharmacy,Hubei,Xiangyang,rural,medium,1694,18,0.959,B,True,active
CUST_00721,primary_healthcare,Shandong,Qingdao,urban,medium,1585,11,0.935,B,True,active
CUST_00722,primary_healthcare,Zhejiang,Hangzhou,urban,medium,16631,8,0.987,B,True,active
CUST_00723,independent_pharmacy,Jiangsu,Nanjing,urban,medium,3217,13,0.939,A,True,active
CUST_00724,chain_pharmacy,Jiangsu,Nanjing,urban,small,326,7,0.935,A,True,active
CUST_00725,primary_healthcare,Henan,Kaifeng,urban,medium,14732,11,0.948,A,True,active
CUST_00726,independent_pharmacy,Hubei,Xiangyang,urban,small,1681,16,0.901,B,True,active
CUST_00727,primary_healthcare,Zhejiang,Hangzhou,urban,small,291,20,0.908,B,True,active
CUST_00728,chain_pharmacy,Zhejiang,Wenzhou,urban,medium,3556,14,0.959,C,True,active
CUST_00729,independent_pharmacy,Hubei,Yichang,urban,small,581,10,0.929,B,True,active
CUST_00730,chain_pharmacy,Zhejiang,Hangzhou,urban,small,603,16,0.984,C,True,active
CUST_00731,independent_pharmacy,Hubei,Wuhan,urban,small,628,12,0.974,B,True,active
CUST_00732,public_hospital,Sichuan,Chengdu,rural,large,456,22,0.986,C,True,active
CUST_00733,primary_healthcare,Shandong,Yantai,urban,small,177,7,0.905,C,True,active
CUST_00734,independent_pharmacy,Jiangsu,Nanjing,urban,medium,2152,25,0.927,A,True,active
CUST_00735,primary_healthcare,Jiangsu,Nanjing,rural,medium,4373,11,0.968,A,True,active
CUST_00736,independent_pharmacy,Guangdong,Dongguan,urban,medium,266,27,0.911,C,True,active
CUST_00737,independent_pharmacy,Sichuan,Mianyang,urban,small,3850,15,0.974,C,True,active
CUST_00738,independent_pharmacy,Sichuan,Deyang,urban,medium,635,19,0.926,C,True,active
CUST_00739,clinic,Zhejiang,Hangzhou,urban,small,2983,18,0.917,D,True,active
CUST_00740,public_hospital,Shandong,Yantai,rural,medium,21872,6,0.991,A,True,active
CUST_00741,independent_pharmacy,Hubei,Yichang,urban,small,817,24,0.929,B,True,active
CUST_00742,primary_healthcare,Zhejiang,Wenzhou,rural,medium,20207,4,0.933,B,True,active
CUST_00743,independent_pharmacy,Hubei,Yichang,urban,small,555,23,0.981,C,True,active
CUST_00744,independent_pharmacy,Henan,Zhengzhou,urban,small,8952,8,0.948,A,True,active
CUST_00745,primary_healthcare,Henan,Kaifeng,urban,small,10994,5,0.963,A,True,active
CUST_00746,chain_pharmacy,Guangdong,Dongguan,rural,medium,9218,10,0.976,A,True,active
CUST_00747,public_hospital,Zhejiang,Wenzhou,urban,medium,6657,13,0.964,A,True,active
CUST_00748,independent_pharmacy,Sichuan,Deyang,urban,medium,396,8,0.917,B,True,active
CUST_00749,primary_healthcare,Henan,Zhengzhou,urban,medium,4144,10,0.931,A,True,active
CUST_00750,independent_pharmacy,Jiangsu,Suzhou,urban,small,983,8,0.935,B,True,active
CUST_00751,public_hospital,Hubei,Yichang,urban,large,15343,5,0.974,A,True,active
CUST_00752,primary_healthcare,Zhejiang,Hangzhou,urban,small,164,24,0.919,C,True,active
CUST_00753,chain_pharmacy,Hubei,Yichang,urban,medium,6295,11,0.974,B,True,active
CUST_00754,independent_pharmacy,Zhejiang,Wenzhou,urban,medium,9735,16,0.962,C,True,active
CUST_00755,chain_pharmacy,Zhejiang,Wenzhou,urban,medium,250,26,0.937,D,True,active
CUST_00756,public_hospital,Zhejiang,Ningbo,urban,large,2745,5,0.951,C,True,active
CUST_00757,independent_pharmacy,Sichuan,Chengdu,urban,medium,1735,15,0.946,B,True,active
CUST_00758,chain_pharmacy,Jiangsu,Wuxi,urban,small,677,22,0.912,C,True,active
CUST_00759,public_hospital,Sichuan,Deyang,urban,medium,2925,5,0.98,C,True,inactive
CUST_00760,primary_healthcare,Jiangsu,Wuxi,urban,small,5334,8,0.94,A,True,active
CUST_00761,primary_healthcare,Sichuan,Deyang,urban,medium,12088,6,0.961,B,True,active
CUST_00762,independent_pharmacy,Henan,Zhengzhou,rural,small,199,28,0.92,C,True,active
CUST_00763,independent_pharmacy,Guangdong,Guangzhou,urban,small,6566,21,0.949,A,True,active
CUST_00764,chain_pharmacy,Shandong,Qingdao,urban,medium,10872,18,0.955,B,True,active
CUST_00765,primary_healthcare,Guangdong,Shenzhen,urban,medium,1394,5,0.911,A,True,active
CUST_00766,public_hospital,Jiangsu,Wuxi,urban,small,337,5,0.988,B,True,active
CUST_00767,primary_healthcare,Zhejiang,Wenzhou,urban,medium,4350,10,0.931,B,True,active
CUST_00768,chain_pharmacy,Hubei,Yichang,urban,medium,1243,19,0.907,B,True,active
CUST_00769,clinic,Shandong,Jinan,urban,medium,2240,7,0.98,C,True,active
CUST_00770,primary_healthcare,Zhejiang,Ningbo,urban,medium,11736,12,0.95,A,True,active
CUST_00771,independent_pharmacy,Hubei,Yichang,urban,medium,2534,21,0.917,C,True,active
CUST_00772,independent_pharmacy,Henan,Luoyang,rural,small,2507,8,0.928,B,True,active
CUST_00773,public_hospital,Sichuan,Chengdu,urban,small,934,17,0.96,C,True,active
CUST_00774,chain_pharmacy,Zhejiang,Ningbo,urban,small,494,16,0.937,C,True,active
CUST_00775,chain_pharmacy,Zhejiang,Hangzhou,rural,medium,7144,15,0.946,C,True,active
CUST_00776,public_hospital,Jiangsu,Wuxi,rural,medium,9041,6,0.965,A,True,active
CUST_00777,independent_pharmacy,Sichuan,Mianyang,urban,medium,5550,14,0.966,B,True,active
CUST_00778,independent_pharmacy,Guangdong,Dongguan,urban,medium,235,24,0.936,C,True,active
CUST_00779,public_hospital,Guangdong,Guangzhou,urban,small,370,9,0.967,B,True,active
CUST_00780,independent_pharmacy,Zhejiang,Hangzhou,urban,small,238,11,0.905,B,True,active
CUST_00781,primary_healthcare,Sichuan,Chengdu,urban,small,445,10,0.966,D,True,active
CUST_00782,chain_pharmacy,Zhejiang,Hangzhou,urban,large,33133,4,0.963,A,True,active
CUST_00783,chain_pharmacy,Jiangsu,Nanjing,urban,medium,539,17,0.94,B,True,active
CUST_00784,independent_pharmacy,Henan,Luoyang,urban,small,1925,27,0.931,B,True,active
CUST_00785,public_hospital,Jiangsu,Nanjing,urban,medium,21178,5,0.985,B,True,active
CUST_00786,independent_pharmacy,Zhejiang,Wenzhou,rural,small,3130,27,0.938,B,True,active
CUST_00787,chain_pharmacy,Guangdong,Guangzhou,urban,medium,2927,13,0.979,B,True,active
CUST_00788,independent_pharmacy,Guangdong,Guangzhou,rural,medium,643,23,0.923,C,True,active
CUST_00789,independent_pharmacy,Shandong,Jinan,urban,medium,2593,6,0.976,B,True,active
CUST_00790,independent_pharmacy,Zhejiang,Ningbo,rural,small,14646,23,0.937,B,True,active
CUST_00791,chain_pharmacy,Zhejiang,Wenzhou,urban,medium,4405,7,0.974,B,True,inactive
CUST_00792,public_hospital,Hubei,Yichang,urban,large,18268,4,0.974,A,True,active
CUST_00793,primary_healthcare,Sichuan,Deyang,urban,medium,1803,13,0.983,C,True,active
CUST_00794,independent_pharmacy,Henan,Zhengzhou,urban,small,9635,16,0.918,B,True,active
CUST_00795,clinic,Zhejiang,Ningbo,urban,medium,1920,7,0.962,B,True,active
CUST_00796,independent_pharmacy,Zhejiang,Wenzhou,urban,medium,568,21,0.935,D,True,active
CUST_00797,primary_healthcare,Zhejiang,Hangzhou,urban,medium,6553,4,0.981,B,True,active
CUST_00798,independent_pharmacy,Guangdong,Shenzhen,urban,medium,10136,14,0.935,C,True,active
CUST_00799,primary_healthcare,Sichuan,Deyang,rural,small,3175,9,0.955,C,True,inactive
CUST_00800,chain_pharmacy,Zhejiang,Wenzhou,urban,small,1065,6,0.942,B,True,active
CUST_00801,primary_healthcare,Zhejiang,Ningbo,urban,small,506,12,0.959,B,True,active
CUST_00802,chain_pharmacy,Jiangsu,Suzhou,urban,small,856,23,0.938,C,True,active
CUST_00803,independent_pharmacy,Hubei,Yichang,urban,small,231,8,0.911,B,True,active
CUST_00804,chain_pharmacy,Hubei,Yichang,rural,medium,21743,4,0.983,A,True,active
CUST_00805,primary_healthcare,Henan,Luoyang,urban,medium,8964,7,0.984,A,True,active
CUST_00806,independent_pharmacy,Shandong,Yantai,urban,medium,1755,28,0.907,C,True,active
CUST_00807,clinic,Jiangsu,Wuxi,urban,small,1834,19,0.922,B,True,active
CUST_00808,independent_pharmacy,Zhejiang,Ningbo,urban,small,169,24,0.932,C,True,active
CUST_00809,clinic,Sichuan,Deyang,urban,small,170,22,0.935,C,True,active
CUST_00810,independent_pharmacy,Shandong,Qingdao,urban,small,1334,27,0.92,D,True,active
CUST_00811,independent_pharmacy,Jiangsu,Wuxi,urban,small,459,21,0.91,C,True,active
CUST_00812,public_hospital,Sichuan,Deyang,urban,medium,18574,4,0.958,B,True,active
CUST_00813,chain_pharmacy,Guangdong,Shenzhen,urban,small,183,28,0.953,C,True,active
CUST_00814,independent_pharmacy,Guangdong,Dongguan,urban,medium,11820,21,0.944,A,True,active
CUST_00815,independent_pharmacy,Shandong,Qingdao,urban,medium,6382,6,0.952,A,True,inactive
CUST_00816,primary_healthcare,Sichuan,Deyang,urban,small,777,8,0.967,C,True,active
CUST_00817,independent_pharmacy,Zhejiang,Ningbo,urban,small,273,15,0.906,A,True,active
CUST_00818,independent_pharmacy,Hubei,Wuhan,urban,medium,351,6,0.965,B,True,active
CUST_00819,clinic,Henan,Zhengzhou,urban,small,3275,8,0.943,B,True,active
CUST_00820,independent_pharmacy,Sichuan,Deyang,urban,large,721,20,0.908,D,True,active
CUST_00821,independent_pharmacy,Guangdong,Guangzhou,urban,small,845,19,0.944,C,True,active
CUST_00822,independent_pharmacy,Jiangsu,Wuxi,rural,small,230,24,0.9,B,True,active
CUST_00823,independent_pharmacy,Zhejiang,Hangzhou,urban,medium,452,17,0.903,C,True,active
CUST_00824,primary_healthcare,Guangdong,Dongguan,rural,small,214,16,0.921,C,True,active
CUST_00825,public_hospital,Hubei,Yichang,urban,medium,8933,7,0.982,A,True,active
CUST_00826,primary_healthcare,Zhejiang,Ningbo,urban,medium,3034,5,0.965,A,True,inactive
CUST_00827,independent_pharmacy,Shandong,Qingdao,urban,medium,3391,18,0.905,A,True,active
CUST_00828,primary_healthcare,Shandong,Yantai,rural,medium,10583,8,0.951,B,True,active
CUST_00829,independent_pharmacy,Henan,Kaifeng,urban,small,570,10,0.911,D,True,active
CUST_00830,primary_healthcare,Hubei,Yichang,urban,medium,7688,12,0.98,A,True,active
CUST_00831,public_hospital,Zhejiang,Ningbo,rural,small,1524,6,0.993,D,True,active
CUST_00832,independent_pharmacy,Shandong,Qingdao,urban,small,210,25,0.901,D,True,active
CUST_00833,independent_pharmacy,Hubei,Xiangyang,rural,small,196,22,0.905,C,True,active
CUST_00834,independent_pharmacy,Sichuan,Chengdu,urban,medium,889,19,0.903,C,True,active
CUST_00835,independent_pharmacy,Jiangsu,Nanjing,urban,medium,2073,16,0.964,C,True,active
CUST_00836,primary_healthcare,Guangdong,Dongguan,urban,medium,1649,10,0.961,C,True,active
CUST_00837,primary_healthcare,Hubei,Xiangyang,rural,small,506,4,0.967,B,True,active
CUST_00838,clinic,Zhejiang,Ningbo,rural,small,4815,11,0.947,C,True,active
CUST_00839,independent_pharmacy,Hubei,Wuhan,rural,small,621,10,0.935,A,True,active
CUST_00840,independent_pharmacy,Zhejiang,Wenzhou,urban,small,249,12,0.909,C,True,active
CUST_00841,independent_pharmacy,Zhejiang,Ningbo,urban,large,23686,5,0.979,A,True,active
CUST_00842,public_hospital,Hubei,Wuhan,urban,large,12616,7,0.928,A,True,active
CUST_00843,independent_pharmacy,Shandong,Qingdao,urban,small,164,24,0.902,B,True,active
CUST_00844,independent_pharmacy,Guangdong,Guangzhou,urban,small,1071,4,0.972,A,True,active
CUST_00845,independent_pharmacy,Zhejiang,Ningbo,rural,small,183,22,0.919,D,True,active
CUST_00846,independent_pharmacy,Guangdong,Guangzhou,rural,small,201,8,0.969,C,True,active
CUST_00847,public_hospital,Guangdong,Dongguan,urban,small,17004,7,0.994,A,True,inactive
CUST_00848,chain_pharmacy,Zhejiang,Wenzhou,urban,large,704,7,0.963,B,True,active
CUST_00849,independent_pharmacy,Hubei,Yichang,urban,medium,2423,28,0.948,C,True,active
CUST_00850,independent_pharmacy,Hubei,Wuhan,urban,small,166,29,0.909,B,True,active
CUST_00851,independent_pharmacy,Shandong,Yantai,urban,medium,164,27,0.918,C,True,active
CUST_00852,public_hospital,Henan,Kaifeng,rural,small,761,23,0.934,C,True,active
CUST_00853,independent_pharmacy,Henan,Zhengzhou,urban,small,871,10,0.977,A,True,active
CUST_00854,primary_healthcare,Zhejiang,Wenzhou,urban,medium,7480,9,0.986,B,True,active
CUST_00855,independent_pharmacy,Hubei,Xiangyang,urban,medium,1839,15,0.965,A,True,active
CUST_00856,chain_pharmacy,Jiangsu,Nanjing,urban,small,591,18,0.918,C,True,active
CUST_00857,primary_healthcare,Hubei,Yichang,urban,medium,558,6,0.985,C,True,active
CUST_00858,public_hospital,Zhejiang,Hangzhou,urban,medium,6557,11,0.918,B,True,active
CUST_00859,independent_pharmacy,Sichuan,Deyang,urban,small,570,26,0.955,C,True,active
CUST_00860,primary_healthcare,Guangdong,Dongguan,rural,medium,789,10,0.992,C,True,active
CUST_00861,chain_pharmacy,Shandong,Qingdao,rural,small,680,11,0.959,B,True,active
CUST_00862,chain_pharmacy,Hubei,Yichang,urban,small,500,19,0.953,B,True,active
CUST_00863,independent_pharmacy,Hubei,Xiangyang,urban,small,170,28,0.911,C,True,active
CUST_00864,chain_pharmacy,Jiangsu,Nanjing,urban,medium,768,13,0.96,B,True,active
CUST_00865,independent_pharmacy,Hubei,Yichang,urban,medium,298,15,0.916,C,True,active
CUST_00866,primary_healthcare,Zhejiang,Hangzhou,urban,medium,4065,6,0.967,A,True,active
CUST_00867,independent_pharmacy,Hubei,Wuhan,urban,small,4251,8,0.954,A,True,active
CUST_00868,independent_pharmacy,Sichuan,Deyang,urban,small,1669,10,0.938,D,True,inactive
CUST_00869,independent_pharmacy,Zhejiang,Ningbo,urban,medium,18941,10,0.93,A,True,active
CUST_00870,clinic,Sichuan,Deyang,urban,medium,380,27,0.948,B,True,active
CUST_00871,independent_pharmacy,Henan,Kaifeng,urban,small,199,21,0.922,A,True,active
CUST_00872,primary_healthcare,Zhejiang,Wenzhou,rural,small,3893,7,0.981,A,True,active
CUST_00873,independent_pharmacy,Zhejiang,Hangzhou,urban,small,208,12,0.923,C,True,active
CUST_00874,independent_pharmacy,Shandong,Qingdao,urban,small,201,23,0.911,C,True,active
CUST_00875,chain_pharmacy,Guangdong,Dongguan,urban,medium,2631,15,0.902,D,True,active
CUST_00876,independent_pharmacy,Jiangsu,Nanjing,urban,medium,3102,26,0.926,B,True,active
CUST_00877,independent_pharmacy,Zhejiang,Ningbo,rural,small,2542,5,0.905,B,True,inactive
CUST_00878,public_hospital,Guangdong,Dongguan,urban,medium,18611,8,0.965,B,True,active
CUST_00879,independent_pharmacy,Henan,Kaifeng,rural,small,2220,19,0.962,B,True,active
CUST_00880,primary_healthcare,Zhejiang,Hangzhou,urban,small,6500,10,0.982,D,True,active
CUST_00881,chain_pharmacy,Sichuan,Deyang,rural,medium,5740,17,0.991,C,True,active
CUST_00882,independent_pharmacy,Hubei,Xiangyang,rural,small,730,20,0.91,C,True,active
CUST_00883,independent_pharmacy,Hubei,Xiangyang,urban,small,222,27,0.971,C,True,active
CUST_00884,independent_pharmacy,Sichuan,Mianyang,rural,small,166,27,0.915,C,True,active
CUST_00885,chain_pharmacy,Hubei,Yichang,rural,medium,3033,12,0.901,C,True,active
CUST_00886,independent_pharmacy,Shandong,Jinan,urban,medium,578,25,0.903,C,True,active
CUST_00887,independent_pharmacy,Jiangsu,Nanjing,urban,medium,257,27,0.901,D,True,active
CUST_00888,primary_healthcare,Shandong,Yantai,rural,medium,9104,5,0.938,A,True,active
CUST_00889,clinic,Hubei,Xiangyang,urban,small,258,24,0.971,C,True,active
CUST_00890,primary_healthcare,Zhejiang,Ningbo,urban,small,1454,22,0.96,C,True,active
CUST_00891,chain_pharmacy,Hubei,Yichang,urban,medium,1801,5,0.993,D,True,active
CUST_00892,independent_pharmacy,Hubei,Wuhan,urban,medium,5644,12,0.915,B,True,active
CUST_00893,independent_pharmacy,Sichuan,Chengdu,urban,small,397,12,0.959,C,True,active
CUST_00894,primary_healthcare,Zhejiang,Ningbo,urban,medium,13935,5,0.993,B,True,active
CUST_00895,independent_pharmacy,Shandong,Qingdao,urban,medium,15019,7,0.99,A,True,active
CUST_00896,clinic,Zhejiang,Ningbo,rural,small,2562,17,0.958,B,True,active
CUST_00897,primary_healthcare,Zhejiang,Hangzhou,urban,small,3199,7,0.96,B,True,active
CUST_00898,chain_pharmacy,Guangdong,Guangzhou,rural,small,676,19,0.925,C,True,active
CUST_00899,independent_pharmacy,Zhejiang,Hangzhou,urban,medium,206,23,0.908,B,True,active
CUST_00900,independent_pharmacy,Hubei,Xiangyang,urban,medium,5794,20,0.967,A,True,active
CUST_00901,independent_pharmacy,Zhejiang,Hangzhou,urban,medium,1960,11,0.923,B,True,active
CUST_00902,independent_pharmacy,Sichuan,Deyang,urban,small,844,11,0.983,B,True,active
CUST_00903,independent_pharmacy,Zhejiang,Ningbo,urban,small,8789,8,0.938,A,True,active
CUST_00904,primary_healthcare,Hubei,Wuhan,rural,medium,4947,14,0.922,B,True,active
CUST_00905,public_hospital,Guangdong,Dongguan,urban,medium,4507,18,0.931,B,True,active
CUST_00906,chain_pharmacy,Zhejiang,Wenzhou,rural,medium,1724,12,0.906,C,True,active
CUST_00907,independent_pharmacy,Guangdong,Dongguan,urban,small,218,12,0.967,B,True,active
CUST_00908,chain_pharmacy,Sichuan,Mianyang,urban,medium,686,26,0.937,A,True,active
CUST_00909,independent_pharmacy,Hubei,Wuhan,rural,medium,3808,16,0.947,C,True,active
CUST_00910,chain_pharmacy,Shandong,Qingdao,urban,medium,2668,18,0.905,C,True,active
CUST_00911,chain_pharmacy,Zhejiang,Wenzhou,urban,medium,2807,19,0.956,C,True,inactive
CUST_00912,primary_healthcare,Zhejiang,Hangzhou,urban,small,5257,9,0.958,C,True,active
CUST_00913,clinic,Zhejiang,Hangzhou,urban,medium,14501,7,0.981,B,True,active
CUST_00914,independent_pharmacy,Henan,Zhengzhou,urban,medium,586,15,0.916,B,True,active
CUST_00915,independent_pharmacy,Zhejiang,Hangzhou,urban,medium,1048,11,0.951,B,True,active
CUST_00916,chain_pharmacy,Hubei,Yichang,urban,small,2255,12,0.991,C,True,inactive
CUST_00917,public_hospital,Hubei,Yichang,urban,medium,12023,6,0.98,A,True,active
CUST_00918,chain_pharmacy,Shandong,Qingdao,urban,medium,2287,12,0.928,B,True,active
CUST_00919,independent_pharmacy,Jiangsu,Suzhou,urban,medium,185,28,0.907,C,True,active
CUST_00920,independent_pharmacy,Zhejiang,Ningbo,urban,medium,4050,16,0.92,C,True,active
CUST_00921,independent_pharmacy,Sichuan,Deyang,rural,medium,6620,23,0.96,A,True,active
CUST_00922,primary_healthcare,Zhejiang,Ningbo,urban,medium,2387,8,0.964,B,True,active
CUST_00923,public_hospital,Guangdong,Guangzhou,urban,medium,14518,17,0.972,A,True,active
CUST_00924,independent_pharmacy,Henan,Zhengzhou,urban,medium,28400,6,0.993,A,True,active
CUST_00925,independent_pharmacy,Shandong,Qingdao,urban,medium,579,22,0.962,B,True,active
CUST_00926,independent_pharmacy,Jiangsu,Suzhou,rural,small,1022,11,0.934,D,True,active
CUST_00927,independent_pharmacy,Zhejiang,Ningbo,urban,large,17783,13,0.964,B,True,inactive
CUST_00928,chain_pharmacy,Sichuan,Chengdu,urban,large,3111,5,0.906,B,True,active
CUST_00929,independent_pharmacy,Zhejiang,Ningbo,urban,small,5541,15,0.941,C,True,active
CUST_00930,clinic,Hubei,Wuhan,urban,small,5614,16,0.955,C,True,active
CUST_00931,public_hospital,Henan,Zhengzhou,urban,small,9395,7,0.954,B,True,active
CUST_00932,chain_pharmacy,Sichuan,Mianyang,urban,medium,2546,22,0.92,B,True,active
CUST_00933,independent_pharmacy,Zhejiang,Hangzhou,urban,medium,165,11,0.918,C,True,active
CUST_00934,chain_pharmacy,Shandong,Jinan,rural,medium,6456,8,0.951,A,True,active
CUST_00935,independent_pharmacy,Shandong,Qingdao,urban,small,1269,7,0.962,B,True,active
CUST_00936,primary_healthcare,Sichuan,Deyang,rural,small,5575,9,0.96,A,True,active
CUST_00937,clinic,Jiangsu,Nanjing,urban,medium,541,17,0.905,A,True,active
CUST_00938,chain_pharmacy,Zhejiang,Hangzhou,urban,medium,1037,11,0.951,B,True,active
CUST_00939,clinic,Guangdong,Guangzhou,urban,small,1564,11,0.975,B,True,inactive
CUST_00940,independent_pharmacy,Hubei,Wuhan,urban,small,265,16,0.921,C,True,active
CUST_00941,public_hospital,Jiangsu,Suzhou,urban,medium,2614,4,0.931,B,True,active
CUST_00942,public_hospital,Guangdong,Dongguan,urban,medium,6147,4,0.985,A,True,active
CUST_00943,primary_healthcare,Shandong,Qingdao,rural,medium,946,4,0.956,A,True,active
CUST_00944,independent_pharmacy,Guangdong,Dongguan,urban,large,1364,24,0.961,B,True,active
CUST_00945,independent_pharmacy,Henan,Zhengzhou,urban,small,178,11,0.942,B,True,active
CUST_00946,primary_healthcare,Jiangsu,Nanjing,urban,medium,3586,16,0.965,A,True,active
CUST_00947,independent_pharmacy,Shandong,Qingdao,urban,medium,325,22,0.901,B,True,active
CUST_00948,clinic,Guangdong,Dongguan,rural,small,1147,11,0.987,C,True,active
CUST_00949,independent_pharmacy,Shandong,Qingdao,rural,medium,1353,15,0.97,B,True,active
CUST_00950,independent_pharmacy,Shandong,Jinan,rural,small,5802,24,0.974,C,True,active
CUST_00951,independent_pharmacy,Zhejiang,Ningbo,urban,large,11463,13,0.951,B,True,active
CUST_00952,clinic,Jiangsu,Nanjing,urban,medium,2641,11,0.992,A,True,active
CUST_00953,independent_pharmacy,Hubei,Wuhan,rural,small,439,16,0.949,C,True,active
CUST_00954,independent_pharmacy,Zhejiang,Wenzhou,rural,small,165,23,0.907,B,True,active
CUST_00955,independent_pharmacy,Zhejiang,Hangzhou,urban,medium,273,27,0.932,C,True,active
CUST_00956,independent_pharmacy,Jiangsu,Nanjing,urban,medium,1033,6,0.928,D,True,active
CUST_00957,independent_pharmacy,Hubei,Xiangyang,urban,small,1312,22,0.91,B,True,active
CUST_00958,independent_pharmacy,Henan,Luoyang,urban,medium,3857,13,0.963,B,True,active
CUST_00959,independent_pharmacy,Henan,Zhengzhou,urban,small,484,24,0.902,B,True,active
CUST_00960,primary_healthcare,Guangdong,Guangzhou,rural,medium,29693,4,0.97,D,True,active
CUST_00961,independent_pharmacy,Hubei,Yichang,rural,medium,1396,28,0.924,C,True,active
CUST_00962,primary_healthcare,Jiangsu,Wuxi,urban,small,18673,5,0.994,A,True,active
CUST_00963,primary_healthcare,Zhejiang,Hangzhou,urban,small,521,21,0.97,C,True,active
CUST_00964,independent_pharmacy,Guangdong,Dongguan,urban,medium,443,28,0.916,A,True,active
CUST_00965,chain_pharmacy,Hubei,Yichang,rural,small,245,18,0.904,C,True,active
CUST_00966,clinic,Henan,Zhengzhou,urban,medium,2745,10,0.945,C,True,active
CUST_00967,primary_healthcare,Shandong,Jinan,urban,medium,13034,5,0.948,B,True,active
CUST_00968,primary_healthcare,Guangdong,Dongguan,urban,large,9763,11,0.949,A,True,active
CUST_00969,chain_pharmacy,Henan,Zhengzhou,urban,medium,511,8,0.972,B,True,active
CUST_00970,chain_pharmacy,Henan,Zhengzhou,urban,small,385,14,0.901,C,True,active
CUST_00971,chain_pharmacy,Jiangsu,Nanjing,urban,small,487,6,0.959,B,True,active
CUST_00972,chain_pharmacy,Sichuan,Deyang,rural,small,15026,6,0.949,A,True,active
CUST_00973,primary_healthcare,Shandong,Qingdao,urban,medium,1002,17,0.958,C,True,active
CUST_00974,chain_pharmacy,Sichuan,Deyang,rural,small,163,21,0.942,C,True,active
CUST_00975,clinic,Henan,Luoyang,rural,medium,2111,12,0.96,D,True,active
CUST_00976,public_hospital,Jiangsu,Wuxi,rural,small,2411,10,0.972,B,True,active
CUST_00977,public_hospital,Guangdong,Dongguan,rural,medium,7000,13,0.986,B,True,active
CUST_00978,chain_pharmacy,Jiangsu,Nanjing,urban,large,11208,6,0.982,D,True,active
CUST_00979,primary_healthcare,Zhejiang,Wenzhou,urban,large,3127,4,0.993,B,True,active
CUST_00980,chain_pharmacy,Sichuan,Deyang,urban,medium,6645,22,0.928,B,True,active
CUST_00981,chain_pharmacy,Zhejiang,Ningbo,urban,medium,9194,8,0.994,C,True,active
CUST_00982,primary_healthcare,Hubei,Yichang,rural,medium,8356,19,0.965,B,True,active
CUST_00983,clinic,Guangdong,Dongguan,urban,medium,1293,6,0.977,B,True,active
CUST_00984,public_hospital,Sichuan,Deyang,urban,medium,12985,4,0.977,C,True,active
CUST_00985,independent_pharmacy,Shandong,Qingdao,rural,small,1146,21,0.952,B,True,active
CUST_00986,public_hospital,Guangdong,Guangzhou,rural,small,1280,6,0.987,A,True,active
CUST_00987,public_hospital,Hubei,Wuhan,urban,large,5722,4,0.989,B,True,active
CUST_00988,public_hospital,Zhejiang,Wenzhou,urban,large,6754,4,0.949,A,True,active
CUST_00989,independent_pharmacy,Zhejiang,Wenzhou,urban,small,2064,11,0.972,B,True,active
CUST_00990,public_hospital,Sichuan,Deyang,rural,large,9405,4,0.917,B,True,active
CUST_00991,independent_pharmacy,Henan,Zhengzhou,urban,medium,780,24,0.949,B,True,active
CUST_00992,independent_pharmacy,Sichuan,Mianyang,urban,small,325,17,0.939,B,True,active
CUST_00993,independent_pharmacy,Zhejiang,Wenzhou,urban,small,260,27,0.923,D,True,active
CUST_00994,independent_pharmacy,Zhejiang,Hangzhou,urban,small,492,22,0.935,D,True,active
CUST_00995,independent_pharmacy,Zhejiang,Ningbo,urban,small,507,25,0.905,B,True,active
CUST_00996,public_hospital,Shandong,Qingdao,rural,medium,36502,4,0.989,B,True,active
CUST_00997,public_hospital,Hubei,Wuhan,urban,medium,10723,16,0.975,A,True,active
CUST_00998,chain_pharmacy,Zhejiang,Hangzhou,rural,medium,9861,9,0.99,A,True,active
CUST_00999,chain_pharmacy,Sichuan,Mianyang,urban,medium,1024,8,0.945,A,True,active
CUST_01000,independent_pharmacy,Zhejiang,Ningbo,rural,small,390,19,0.963,C,True,active
CUST_01001,independent_pharmacy,Zhejiang,Wenzhou,urban,small,1043,19,0.933,C,True,active
CUST_01002,independent_pharmacy,Shandong,Qingdao,urban,medium,4870,10,0.924,A,True,active
CUST_01003,public_hospital,Hubei,Yichang,urban,small,228,16,0.988,C,True,active
CUST_01004,independent_pharmacy,Sichuan,Deyang,urban,medium,1068,21,0.925,C,True,active
CUST_01005,independent_pharmacy,Zhejiang,Ningbo,urban,small,3589,23,0.947,A,True,active
CUST_01006,chain_pharmacy,Jiangsu,Nanjing,urban,medium,2749,10,0.987,C,True,inactive
CUST_01007,independent_pharmacy,Hubei,Wuhan,urban,medium,2133,21,0.917,C,True,active
CUST_01008,independent_pharmacy,Zhejiang,Ningbo,urban,small,8457,7,0.99,B,True,active
CUST_01009,chain_pharmacy,Guangdong,Guangzhou,urban,large,7872,12,0.994,B,True,active
CUST_01010,independent_pharmacy,Zhejiang,Ningbo,urban,medium,17922,10,0.955,A,True,active
CUST_01011,independent_pharmacy,Hubei,Yichang,urban,small,485,21,0.948,C,True,active
CUST_01012,independent_pharmacy,Guangdong,Guangzhou,urban,medium,812,10,0.976,A,True,active
CUST_01013,independent_pharmacy,Shandong,Yantai,urban,small,211,24,0.933,C,True,active
CUST_01014,independent_pharmacy,Zhejiang,Ningbo,urban,small,425,25,0.91,C,True,active
CUST_01015,independent_pharmacy,Sichuan,Deyang,rural,medium,6552,8,0.9,A,True,active
CUST_01016,independent_pharmacy,Shandong,Yantai,urban,medium,824,15,0.945,B,True,active
CUST_01017,public_hospital,Sichuan,Deyang,urban,large,8334,6,0.968,A,True,active
CUST_01018,independent_pharmacy,Jiangsu,Suzhou,urban,small,2218,26,0.91,C,True,active
CUST_01019,primary_healthcare,Zhejiang,Ningbo,urban,small,7514,5,0.966,C,True,active
CUST_01020,independent_pharmacy,Sichuan,Mianyang,rural,small,3635,19,0.96,C,True,active
CUST_01021,independent_pharmacy,Henan,Kaifeng,urban,medium,285,18,0.909,C,True,active
CUST_01022,independent_pharmacy,Henan,Zhengzhou,rural,medium,649,17,0.901,B,True,active
CUST_01023,public_hospital,Zhejiang,Hangzhou,rural,medium,3683,9,0.904,C,True,active
CUST_01024,public_hospital,Henan,Luoyang,urban,medium,6518,15,0.985,C,True,active
CUST_01025,independent_pharmacy,Guangdong,Guangzhou,urban,small,604,19,0.905,A,True,inactive
CUST_01026,independent_pharmacy,Shandong,Jinan,urban,small,179,24,0.902,C,True,active
CUST_01027,primary_healthcare,Hubei,Yichang,urban,small,4207,5,0.936,B,True,active
CUST_01028,primary_healthcare,Hubei,Wuhan,rural,small,2112,4,0.973,A,True,active
CUST_01029,independent_pharmacy,Shandong,Yantai,urban,medium,7760,19,0.974,B,True,active
CUST_01030,independent_pharmacy,Zhejiang,Hangzhou,urban,medium,547,15,0.901,B,True,active
CUST_01031,primary_healthcare,Hubei,Wuhan,rural,medium,1706,6,0.963,C,True,active
CUST_01032,primary_healthcare,Sichuan,Chengdu,urban,medium,8300,5,0.975,A,True,active
CUST_01033,independent_pharmacy,Hubei,Yichang,urban,medium,2281,23,0.96,D,True,active
CUST_01034,public_hospital,Henan,Zhengzhou,urban,small,236,17,0.954,C,True,active
CUST_01035,independent_pharmacy,Hubei,Xiangyang,urban,small,1238,19,0.901,C,True,active
CUST_01036,chain_pharmacy,Guangdong,Shenzhen,urban,small,1283,9,0.927,C,True,active
CUST_01037,clinic,Henan,Luoyang,urban,medium,1262,10,0.961,C,True,active
CUST_01038,independent_pharmacy,Zhejiang,Ningbo,urban,large,1681,12,0.905,C,True,active
CUST_01039,independent_pharmacy,Zhejiang,Wenzhou,urban,small,336,28,0.964,C,True,active
CUST_01040,independent_pharmacy,Sichuan,Mianyang,urban,medium,10897,8,0.97,C,True,active
CUST_01041,independent_pharmacy,Hubei,Yichang,urban,small,206,23,0.909,D,True,active
CUST_01042,primary_healthcare,Sichuan,Mianyang,rural,small,2596,21,0.924,C,True,active
CUST_01043,chain_pharmacy,Guangdong,Shenzhen,rural,medium,25971,5,0.929,A,True,active
CUST_01044,independent_pharmacy,Shandong,Jinan,urban,small,343,21,0.918,C,True,inactive
CUST_01045,independent_pharmacy,Zhejiang,Hangzhou,urban,medium,5367,10,0.982,B,True,active
CUST_01046,primary_healthcare,Henan,Zhengzhou,urban,medium,3042,16,0.929,C,True,active
CUST_01047,public_hospital,Guangdong,Guangzhou,rural,small,21687,6,0.941,B,True,active
CUST_01048,independent_pharmacy,Hubei,Yichang,urban,medium,1258,11,0.94,B,True,active
CUST_01049,independent_pharmacy,Zhejiang,Hangzhou,urban,medium,2792,18,0.951,B,True,active
CUST_01050,independent_pharmacy,Hubei,Wuhan,urban,small,2352,23,0.914,B,True,active
CUST_01051,primary_healthcare,Zhejiang,Hangzhou,urban,medium,12044,16,0.985,C,True,active
CUST_01052,primary_healthcare,Zhejiang,Wenzhou,urban,medium,16143,12,0.931,B,True,active
CUST_01053,independent_pharmacy,Hubei,Xiangyang,urban,medium,676,22,0.926,C,True,active
CUST_01054,primary_healthcare,Zhejiang,Hangzhou,urban,small,9136,16,0.942,D,True,active
CUST_01055,clinic,Sichuan,Chengdu,rural,medium,677,19,0.956,B,True,inactive
CUST_01056,independent_pharmacy,Shandong,Qingdao,urban,small,342,18,0.901,A,True,active
CUST_01057,independent_pharmacy,Jiangsu,Nanjing,urban,small,1455,5,0.99,A,True,active
CUST_01058,primary_healthcare,Zhejiang,Wenzhou,urban,small,714,11,0.967,C,True,active
CUST_01059,independent_pharmacy,Zhejiang,Hangzhou,urban,medium,3019,18,0.975,B,True,active
CUST_01060,independent_pharmacy,Shandong,Qingdao,urban,small,616,13,0.929,C,True,active
CUST_01061,clinic,Jiangsu,Suzhou,rural,small,5924,10,0.902,B,True,active
CUST_01062,independent_pharmacy,Zhejiang,Wenzhou,urban,small,897,23,0.916,C,True,active
CUST_01063,independent_pharmacy,Zhejiang,Wenzhou,urban,medium,4926,13,0.987,D,True,active
CUST_01064,independent_pharmacy,Sichuan,Deyang,rural,small,398,15,0.942,D,True,active
CUST_01065,chain_pharmacy,Zhejiang,Ningbo,urban,large,21964,7,0.913,B,True,active
CUST_01066,independent_pharmacy,Hubei,Wuhan,urban,small,590,17,0.986,B,True,active
CUST_01067,primary_healthcare,Shandong,Jinan,urban,medium,7372,6,0.992,B,True,active
CUST_01068,independent_pharmacy,Jiangsu,Wuxi,urban,small,2604,21,0.971,C,True,active
CUST_01069,independent_pharmacy,Jiangsu,Nanjing,urban,small,3717,20,0.946,A,True,active
CUST_01070,public_hospital,Shandong,Qingdao,urban,medium,1932,10,0.947,C,True,inactive
CUST_01071,independent_pharmacy,Henan,Luoyang,urban,small,174,25,0.9,C,True,active
CUST_01072,independent_pharmacy,Guangdong,Dongguan,urban,small,2455,21,0.911,C,True,active
CUST_01073,independent_pharmacy,Guangdong,Dongguan,urban,medium,960,18,0.951,C,True,active
CUST_01074,independent_pharmacy,Sichuan,Deyang,urban,medium,178,27,0.934,D,True,active
CUST_01075,clinic,Hubei,Yichang,rural,small,654,6,0.975,A,True,inactive
CUST_01076,independent_pharmacy,Shandong,Qingdao,rural,medium,4426,19,0.926,C,True,active
CUST_01077,independent_pharmacy,Zhejiang,Hangzhou,urban,medium,433,24,0.951,C,True,active
CUST_01078,independent_pharmacy,Shandong,Qingdao,urban,small,237,24,0.908,B,True,active
CUST_01079,independent_pharmacy,Jiangsu,Wuxi,urban,medium,2333,5,0.92,C,True,active
CUST_01080,primary_healthcare,Zhejiang,Wenzhou,urban,large,9050,6,0.989,B,True,active
CUST_01081,primary_healthcare,Zhejiang,Hangzhou,urban,medium,14529,8,0.917,D,True,active
CUST_01082,independent_pharmacy,Henan,Zhengzhou,urban,medium,7354,8,0.957,B,True,active
CUST_01083,primary_healthcare,Guangdong,Guangzhou,rural,medium,15715,13,0.949,B,True,active
CUST_01084,independent_pharmacy,Sichuan,Deyang,rural,small,255,10,0.946,C,True,active
CUST_01085,primary_healthcare,Shandong,Yantai,urban,small,746,9,0.926,C,True,active
CUST_01086,public_hospital,Jiangsu,Nanjing,urban,medium,12089,18,0.967,B,True,active
CUST_01087,independent_pharmacy,Sichuan,Chengdu,rural,small,364,28,0.914,C,True,active
CUST_01088,independent_pharmacy,Shandong,Qingdao,rural,medium,7748,15,0.958,B,True,active
CUST_01089,primary_healthcare,Hubei,Wuhan,urban,small,2227,5,0.985,A,True,active
CUST_01090,independent_pharmacy,Shandong,Jinan,urban,small,586,23,0.987,C,True,active
CUST_01091,chain_pharmacy,Henan,Zhengzhou,rural,medium,14837,8,0.934,B,True,active
CUST_01092,chain_pharmacy,Henan,Zhengzhou,urban,small,14892,7,0.971,B,True,active
CUST_01093,primary_healthcare,Sichuan,Deyang,rural,medium,13388,12,0.994,C,True,active
CUST_01094,independent_pharmacy,Hubei,Xiangyang,urban,medium,1038,6,0.906,A,True,active
CUST_01095,independent_pharmacy,Hubei,Yichang,urban,small,164,29,0.902,C,True,active
CUST_01096,chain_pharmacy,Zhejiang,Hangzhou,urban,small,2303,16,0.938,B,True,active
CUST_01097,public_hospital,Sichuan,Mianyang,urban,medium,6537,7,0.989,A,True,inactive
CUST_01098,clinic,Sichuan,Chengdu,urban,medium,1046,9,0.972,B,True,active
CUST_01099,chain_pharmacy,Hubei,Xiangyang,urban,small,2682,6,0.989,B,True,active
CUST_01100,independent_pharmacy,Zhejiang,Wenzhou,urban,medium,1355,15,0.921,B,True,active
CUST_01101,independent_pharmacy,Henan,Luoyang,rural,medium,181,29,0.909,C,True,active
CUST_01102,primary_healthcare,Zhejiang,Hangzhou,urban,medium,934,6,0.973,C,True,active
CUST_01103,primary_healthcare,Hubei,Xiangyang,urban,medium,5701,9,0.964,A,True,active
CUST_01104,independent_pharmacy,Jiangsu,Nanjing,rural,small,4483,12,0.966,A,True,active
CUST_01105,independent_pharmacy,Zhejiang,Wenzhou,urban,large,2007,17,0.948,B,True,active
CUST_01106,primary_healthcare,Hubei,Wuhan,urban,small,852,7,0.923,D,True,active
CUST_01107,independent_pharmacy,Sichuan,Deyang,urban,small,2311,16,0.971,C,True,active
CUST_01108,public_hospital,Henan,Luoyang,rural,small,1675,4,0.992,B,True,active
CUST_01109,public_hospital,Zhejiang,Hangzhou,rural,small,11864,9,0.993,C,True,active
CUST_01110,independent_pharmacy,Zhejiang,Ningbo,urban,medium,163,26,0.9,C,True,active
CUST_01111,independent_pharmacy,Shandong,Yantai,urban,small,164,23,0.955,C,True,active
CUST_01112,independent_pharmacy,Hubei,Yichang,rural,small,1568,19,0.94,A,True,active
CUST_01113,chain_pharmacy,Jiangsu,Suzhou,urban,large,1095,11,0.919,B,True,active
CUST_01114,independent_pharmacy,Henan,Zhengzhou,urban,medium,1772,18,0.968,C,True,active
CUST_01115,primary_healthcare,Zhejiang,Ningbo,rural,small,5120,4,0.952,B,True,active
CUST_01116,independent_pharmacy,Hubei,Yichang,urban,small,425,27,0.967,B,True,active
CUST_01117,chain_pharmacy,Shandong,Qingdao,urban,medium,1230,14,0.913,C,True,inactive
CUST_01118,primary_healthcare,Zhejiang,Ningbo,urban,medium,6171,8,0.98,B,True,active
CUST_01119,independent_pharmacy,Hubei,Xiangyang,urban,small,338,17,0.95,B,True,active
CUST_01120,public_hospital,Shandong,Qingdao,rural,medium,18983,10,0.921,B,True,active
CUST_01121,independent_pharmacy,Shandong,Qingdao,urban,medium,266,23,0.957,B,True,active
CUST_01122,independent_pharmacy,Zhejiang,Wenzhou,urban,medium,1357,13,0.91,A,True,inactive
CUST_01123,independent_pharmacy,Guangdong,Dongguan,urban,medium,1221,6,0.942,A,True,active
CUST_01124,independent_pharmacy,Jiangsu,Nanjing,urban,medium,3756,8,0.945,B,True,active
CUST_01125,independent_pharmacy,Zhejiang,Ningbo,urban,small,6388,7,0.907,D,True,active
CUST_01126,clinic,Zhejiang,Ningbo,urban,medium,2313,14,0.956,C,True,active
CUST_01127,independent_pharmacy,Guangdong,Guangzhou,urban,small,934,24,0.941,B,True,active
CUST_01128,independent_pharmacy,Guangdong,Guangzhou,urban,small,685,11,0.961,B,True,active
CUST_01129,independent_pharmacy,Jiangsu,Nanjing,rural,small,2659,25,0.937,D,True,active
CUST_01130,independent_pharmacy,Shandong,Yantai,rural,small,5940,12,0.92,C,True,active
CUST_01131,primary_healthcare,Jiangsu,Nanjing,urban,large,366,5,0.964,B,True,active
CUST_01132,primary_healthcare,Hubei,Wuhan,urban,medium,26732,4,0.991,A,True,active
CUST_01133,primary_healthcare,Zhejiang,Wenzhou,urban,medium,15000,7,0.983,B,True,active
CUST_01134,chain_pharmacy,Guangdong,Shenzhen,rural,medium,1165,5,0.93,B,True,active
CUST_01135,independent_pharmacy,Jiangsu,Wuxi,urban,medium,1995,12,0.989,C,True,active
CUST_01136,independent_pharmacy,Zhejiang,Wenzhou,urban,medium,316,15,0.913,B,True,active
CUST_01137,independent_pharmacy,Shandong,Qingdao,urban,medium,165,16,0.91,C,True,active
CUST_01138,independent_pharmacy,Zhejiang,Wenzhou,urban,medium,1486,11,0.903,A,True,active
CUST_01139,independent_pharmacy,Sichuan,Deyang,urban,small,266,11,0.919,B,True,active
CUST_01140,independent_pharmacy,Shandong,Yantai,urban,large,359,14,0.912,C,True,active
CUST_01141,chain_pharmacy,Jiangsu,Nanjing,urban,large,8483,22,0.935,C,True,active
CUST_01142,independent_pharmacy,Sichuan,Mianyang,urban,medium,1854,25,0.965,C,True,active
CUST_01143,independent_pharmacy,Zhejiang,Hangzhou,rural,medium,3910,20,0.93,B,True,active
CUST_01144,independent_pharmacy,Zhejiang,Wenzhou,urban,small,166,12,0.9,C,True,active
CUST_01145,primary_healthcare,Zhejiang,Hangzhou,rural,medium,2239,6,0.981,B,True,active
CUST_01146,independent_pharmacy,Jiangsu,Nanjing,urban,small,614,27,0.903,C,True,active
CUST_01147,public_hospital,Guangdong,Guangzhou,rural,small,17928,7,0.98,A,True,active
CUST_01148,clinic,Jiangsu,Suzhou,urban,small,3336,5,0.927,B,True,active
CUST_01149,independent_pharmacy,Hubei,Wuhan,urban,medium,351,19,0.938,B,True,active
CUST_01150,primary_healthcare,Zhejiang,Hangzhou,urban,small,174,20,0.914,A,True,active
CUST_01151,primary_healthcare,Jiangsu,Suzhou,urban,medium,8604,4,0.988,A,True,active
CUST_01152,independent_pharmacy,Shandong,Qingdao,urban,medium,1360,15,0.95,A,True,active
CUST_01153,primary_healthcare,Hubei,Xiangyang,urban,medium,10615,9,0.943,B,True,active
CUST_01154,independent_pharmacy,Hubei,Yichang,urban,small,277,10,0.949,C,True,active
CUST_01155,independent_pharmacy,Hubei,Yichang,rural,small,480,7,0.922,B,True,active
CUST_01156,clinic,Sichuan,Chengdu,urban,small,169,28,0.989,B,True,active
CUST_01157,public_hospital,Zhejiang,Ningbo,urban,medium,4760,4,0.924,A,True,active
CUST_01158,independent_pharmacy,Hubei,Xiangyang,urban,medium,7567,22,0.922,D,True,active
CUST_01159,independent_pharmacy,Jiangsu,Wuxi,urban,medium,886,24,0.94,A,True,active
CUST_01160,primary_healthcare,Hubei,Wuhan,urban,medium,2003,15,0.987,C,True,active
CUST_01161,primary_healthcare,Zhejiang,Ningbo,rural,small,4522,20,0.983,C,True,active
CUST_01162,independent_pharmacy,Zhejiang,Hangzhou,urban,medium,873,22,0.959,B,True,active
CUST_01163,independent_pharmacy,Guangdong,Dongguan,urban,small,17308,5,0.955,A,True,inactive
CUST_01164,chain_pharmacy,Sichuan,Chengdu,urban,small,3243,9,0.947,B,True,active
CUST_01165,chain_pharmacy,Zhejiang,Hangzhou,urban,medium,4664,7,0.956,A,True,active
CUST_01166,primary_healthcare,Guangdong,Dongguan,urban,small,7954,7,0.929,B,True,active
CUST_01167,chain_pharmacy,Jiangsu,Wuxi,urban,medium,5612,18,0.968,B,True,active
CUST_01168,chain_pharmacy,Hubei,Wuhan,urban,small,354,14,0.939,C,True,active
CUST_01169,independent_pharmacy,Henan,Zhengzhou,urban,small,167,18,0.95,A,True,active
CUST_01170,chain_pharmacy,Shandong,Qingdao,rural,small,870,23,0.931,C,True,active
CUST_01171,primary_healthcare,Zhejiang,Ningbo,urban,medium,2329,6,0.994,C,True,active
CUST_01172,primary_healthcare,Guangdong,Shenzhen,urban,medium,4049,6,0.938,A,True,active
CUST_01173,chain_pharmacy,Sichuan,Chengdu,rural,small,1876,10,0.941,B,True,inactive
CUST_01174,independent_pharmacy,Zhejiang,Ningbo,urban,small,1031,18,0.976,C,True,active
CUST_01175,independent_pharmacy,Henan,Luoyang,rural,small,11307,5,0.979,A,True,active
CUST_01176,chain_pharmacy,Guangdong,Guangzhou,rural,medium,641,22,0.95,C,True,active
CUST_01177,chain_pharmacy,Hubei,Wuhan,rural,small,2946,18,0.913,B,True,active
CUST_01178,chain_pharmacy,Hubei,Wuhan,urban,medium,1996,12,0.906,C,True,active
CUST_01179,chain_pharmacy,Zhejiang,Ningbo,rural,medium,3401,24,0.975,B,True,active
CUST_01180,primary_healthcare,Hubei,Yichang,urban,large,22128,5,0.965,A,True,active
CUST_01181,chain_pharmacy,Sichuan,Mianyang,urban,small,6410,8,0.947,B,True,active
CUST_01182,chain_pharmacy,Sichuan,Deyang,urban,large,4471,20,0.946,D,True,active
CUST_01183,independent_pharmacy,Hubei,Yichang,rural,small,626,10,0.926,C,True,active
CUST_01184,chain_pharmacy,Zhejiang,Ningbo,urban,small,1103,8,0.973,A,True,active
CUST_01185,public_hospital,Henan,Luoyang,urban,medium,38858,4,0.994,A,True,active
CUST_01186,public_hospital,Hubei,Xiangyang,rural,small,2157,12,0.94,A,True,active
CUST_01187,independent_pharmacy,Jiangsu,Wuxi,urban,small,167,11,0.952,C,True,active
CUST_01188,primary_healthcare,Guangdong,Guangzhou,urban,medium,1011,17,0.96,C,True,inactive
CUST_01189,clinic,Sichuan,Deyang,urban,medium,7084,4,0.986,B,True,active
CUST_01190,chain_pharmacy,Hubei,Yichang,urban,small,2579,7,0.977,B,True,active
CUST_01191,primary_healthcare,Guangdong,Guangzhou,urban,small,2324,7,0.922,A,True,active
CUST_01192,primary_healthcare,Jiangsu,Nanjing,urban,small,1430,23,0.96,C,True,active
CUST_01193,independent_pharmacy,Zhejiang,Ningbo,urban,small,164,21,0.916,C,True,inactive
CUST_01194,chain_pharmacy,Shandong,Jinan,urban,medium,10674,8,0.922,C,True,active
CUST_01195,primary_healthcare,Shandong,Yantai,rural,medium,3278,16,0.935,C,True,active
CUST_01196,primary_healthcare,Henan,Luoyang,urban,small,866,15,0.99,B,True,active
CUST_01197,independent_pharmacy,Guangdong,Shenzhen,urban,small,1043,7,0.912,B,True,active
CUST_01198,clinic,Shandong,Qingdao,rural,medium,7539,17,0.963,B,True,active
CUST_01199,primary_healthcare,Zhejiang,Wenzhou,urban,medium,186,7,0.941,C,True,inactive
CUST_01200,primary_healthcare,Henan,Zhengzhou,rural,medium,4503,4,0.931,B,True,inactive
CUST_01201,independent_pharmacy,Hubei,Yichang,urban,small,2173,10,0.943,D,True,active
CUST_01202,chain_pharmacy,Sichuan,Mianyang,urban,small,14744,17,0.983,B,True,active
CUST_01203,primary_healthcare,Zhejiang,Wenzhou,urban,small,1302,5,0.945,B,True,active
CUST_01204,chain_pharmacy,Zhejiang,Wenzhou,rural,medium,7803,19,0.936,B,True,active
CUST_01205,independent_pharmacy,Henan,Zhengzhou,urban,medium,577,19,0.911,A,True,active
CUST_01206,primary_healthcare,Shandong,Jinan,urban,medium,465,28,0.939,B,True,active
CUST_01207,chain_pharmacy,Hubei,Yichang,urban,small,658,7,0.915,B,True,active
CUST_01208,independent_pharmacy,Henan,Kaifeng,urban,small,163,29,0.915,C,True,active
CUST_01209,primary_healthcare,Sichuan,Mianyang,urban,medium,11242,11,0.913,B,True,active
CUST_01210,independent_pharmacy,Hubei,Yichang,urban,small,401,28,0.901,C,True,active
CUST_01211,independent_pharmacy,Sichuan,Deyang,urban,small,164,21,0.936,C,True,active
CUST_01212,independent_pharmacy,Guangdong,Guangzhou,urban,medium,173,18,0.929,C,True,active
CUST_01213,independent_pharmacy,Sichuan,Deyang,urban,small,2679,15,0.923,C,True,active
CUST_01214,primary_healthcare,Henan,Zhengzhou,urban,small,187,21,0.917,B,True,active
CUST_01215,independent_pharmacy,Zhejiang,Wenzhou,urban,medium,3733,5,0.901,B,True,inactive
CUST_01216,public_hospital,Zhejiang,Ningbo,urban,small,2082,6,0.991,B,True,active
CUST_01217,chain_pharmacy,Hubei,Yichang,urban,small,14975,22,0.971,A,True,active
CUST_01218,independent_pharmacy,Jiangsu,Nanjing,urban,small,372,25,0.902,B,True,active
CUST_01219,independent_pharmacy,Zhejiang,Hangzhou,urban,small,343,10,0.904,A,True,inactive
CUST_01220,primary_healthcare,Jiangsu,Suzhou,rural,small,6782,5,0.972,B,True,active
CUST_01221,independent_pharmacy,Jiangsu,Wuxi,urban,small,5162,22,0.92,B,True,active
CUST_01222,primary_healthcare,Sichuan,Mianyang,urban,medium,4266,5,0.943,A,True,active
CUST_01223,public_hospital,Jiangsu,Wuxi,rural,small,4042,6,0.943,B,True,active
CUST_01224,independent_pharmacy,Jiangsu,Nanjing,rural,medium,432,28,0.903,C,True,active
CUST_01225,independent_pharmacy,Sichuan,Deyang,urban,medium,820,5,0.971,C,True,inactive
CUST_01226,independent_pharmacy,Jiangsu,Nanjing,urban,medium,1844,20,0.915,C,True,active
CUST_01227,independent_pharmacy,Zhejiang,Hangzhou,urban,medium,773,20,0.904,C,True,active
CUST_01228,clinic,Hubei,Xiangyang,urban,medium,12856,6,0.935,B,True,active
CUST_01229,independent_pharmacy,Shandong,Jinan,urban,small,246,28,0.9,C,True,active
CUST_01230,independent_pharmacy,Henan,Luoyang,urban,medium,2023,5,0.965,B,True,active
CUST_01231,primary_healthcare,Sichuan,Deyang,urban,medium,1038,13,0.941,D,True,active
CUST_01232,public_hospital,Henan,Kaifeng,rural,medium,6517,8,0.973,A,True,active
CUST_01233,independent_pharmacy,Zhejiang,Hangzhou,urban,small,348,22,0.982,C,True,active
CUST_01234,independent_pharmacy,Shandong,Qingdao,urban,medium,5004,23,0.941,B,True,active
CUST_01235,independent_pharmacy,Sichuan,Deyang,urban,medium,1905,9,0.963,A,True,active
CUST_01236,independent_pharmacy,Zhejiang,Hangzhou,urban,small,380,26,0.91,C,True,active
CUST_01237,independent_pharmacy,Jiangsu,Suzhou,rural,small,379,17,0.921,A,True,active
CUST_01238,clinic,Guangdong,Dongguan,urban,small,530,24,0.975,C,True,active
CUST_01239,independent_pharmacy,Jiangsu,Nanjing,urban,large,248,9,0.928,A,True,active
CUST_01240,public_hospital,Sichuan,Chengdu,urban,medium,1146,16,0.976,A,True,active
CUST_01241,clinic,Zhejiang,Hangzhou,urban,medium,163,25,0.904,B,True,active
CUST_01242,primary_healthcare,Zhejiang,Hangzhou,urban,medium,15967,4,0.913,B,True,active
CUST_01243,clinic,Zhejiang,Wenzhou,urban,small,491,24,0.969,B,True,active
CUST_01244,primary_healthcare,Zhejiang,Hangzhou,urban,medium,244,18,0.925,B,True,active
CUST_01245,independent_pharmacy,Jiangsu,Nanjing,urban,small,948,21,0.906,C,True,active
CUST_01246,independent_pharmacy,Jiangsu,Nanjing,urban,medium,283,19,0.902,B,True,inactive
CUST_01247,independent_pharmacy,Sichuan,Chengdu,urban,small,166,24,0.918,C,True,active
CUST_01248,independent_pharmacy,Zhejiang,Hangzhou,urban,medium,1438,17,0.952,B,True,inactive
CUST_01249,independent_pharmacy,Guangdong,Guangzhou,urban,medium,8882,15,0.965,C,True,active
CUST_01250,primary_healthcare,Zhejiang,Ningbo,rural,medium,4058,7,0.941,B,True,active
CUST_01251,independent_pharmacy,Shandong,Qingdao,urban,large,11487,5,0.989,A,True,active
CUST_01252,independent_pharmacy,Shandong,Yantai,rural,small,185,11,0.951,B,True,active
CUST_01253,independent_pharmacy,Shandong,Qingdao,urban,small,3212,24,0.913,C,True,active
CUST_01254,primary_healthcare,Shandong,Jinan,rural,medium,663,9,0.961,A,True,active
CUST_01255,independent_pharmacy,Guangdong,Shenzhen,rural,small,3504,18,0.917,B,True,inactive
CUST_01256,primary_healthcare,Shandong,Yantai,urban,medium,12643,8,0.966,B,True,active
CUST_01257,chain_pharmacy,Shandong,Qingdao,urban,small,1048,15,0.933,C,True,active
CUST_01258,primary_healthcare,Hubei,Wuhan,rural,large,13007,9,0.935,A,True,active
CUST_01259,primary_healthcare,Sichuan,Mianyang,rural,large,2669,10,0.923,B,True,active
CUST_01260,independent_pharmacy,Jiangsu,Wuxi,urban,medium,164,29,0.904,B,True,active
CUST_01261,independent_pharmacy,Sichuan,Chengdu,urban,small,485,23,0.9,C,True,active
CUST_01262,primary_healthcare,Zhejiang,Wenzhou,rural,small,4683,25,0.921,B,True,active
CUST_01263,independent_pharmacy,Guangdong,Dongguan,urban,medium,572,21,0.952,C,True,active
CUST_01264,independent_pharmacy,Shandong,Qingdao,urban,large,223,23,0.903,C,True,active
CUST_01265,clinic,Zhejiang,Wenzhou,urban,medium,4037,10,0.98,A,True,active
CUST_01266,independent_pharmacy,Zhejiang,Ningbo,rural,medium,1773,11,0.959,D,True,active
CUST_01267,independent_pharmacy,Guangdong,Guangzhou,rural,small,870,20,0.973,B,True,active
CUST_01268,primary_healthcare,Hubei,Yichang,urban,medium,12243,13,0.961,C,True,active
CUST_01269,chain_pharmacy,Hubei,Xiangyang,rural,medium,813,20,0.907,A,True,active
CUST_01270,primary_healthcare,Shandong,Qingdao,rural,large,8691,5,0.982,A,True,active
CUST_01271,primary_healthcare,Guangdong,Guangzhou,urban,medium,9651,13,0.97,B,True,active
CUST_01272,independent_pharmacy,Hubei,Wuhan,rural,medium,1185,8,0.972,B,True,active
CUST_01273,independent_pharmacy,Zhejiang,Wenzhou,rural,small,6217,8,0.918,B,True,active
CUST_01274,independent_pharmacy,Zhejiang,Hangzhou,urban,small,523,24,0.955,B,True,active
CUST_01275,chain_pharmacy,Guangdong,Shenzhen,urban,small,1666,13,0.904,D,True,active
CUST_01276,primary_healthcare,Zhejiang,Hangzhou,rural,small,396,5,0.938,B,True,active
CUST_01277,independent_pharmacy,Henan,Kaifeng,rural,medium,885,17,0.903,B,True,active
CUST_01278,independent_pharmacy,Zhejiang,Wenzhou,urban,small,555,14,0.965,B,True,active
CUST_01279,public_hospital,Hubei,Wuhan,urban,medium,6269,9,0.92,C,True,active
CUST_01280,chain_pharmacy,Zhejiang,Wenzhou,rural,large,13594,19,0.97,A,True,active
CUST_01281,primary_healthcare,Sichuan,Chengdu,urban,small,5284,8,0.973,A,True,active
CUST_01282,primary_healthcare,Jiangsu,Wuxi,rural,medium,3017,18,0.952,A,True,active
CUST_01283,independent_pharmacy,Sichuan,Mianyang,urban,small,2275,21,0.943,B,True,active
CUST_01284,primary_healthcare,Hubei,Yichang,rural,small,786,24,0.958,C,True,active
CUST_01285,independent_pharmacy,Hubei,Yichang,urban,medium,3752,6,0.901,C,True,inactive
CUST_01286,independent_pharmacy,Hubei,Yichang,urban,small,178,24,0.903,C,True,active
CUST_01287,clinic,Jiangsu,Nanjing,urban,medium,5210,7,0.925,D,True,active
CUST_01288,chain_pharmacy,Zhejiang,Hangzhou,rural,medium,205,21,0.956,D,True,active
CUST_01289,primary_healthcare,Hubei,Xiangyang,rural,small,752,20,0.965,C,True,active
CUST_01290,primary_healthcare,Hubei,Xiangyang,urban,large,12838,16,0.973,C,True,active
CUST_01291,public_hospital,Hubei,Yichang,urban,medium,4718,6,0.991,C,True,active
CUST_01292,independent_pharmacy,Guangdong,Guangzhou,urban,small,350,12,0.964,C,True,active
CUST_01293,independent_pharmacy,Sichuan,Mianyang,urban,small,638,16,0.95,B,True,active
CUST_01294,primary_healthcare,Zhejiang,Wenzhou,urban,large,6113,7,0.956,D,True,active
CUST_01295,independent_pharmacy,Hubei,Wuhan,urban,medium,10130,5,0.985,A,True,active
CUST_01296,primary_healthcare,Zhejiang,Hangzhou,rural,small,11790,18,0.92,A,True,active
CUST_01297,independent_pharmacy,Hubei,Wuhan,urban,small,1124,15,0.909,C,True,active
CUST_01298,independent_pharmacy,Zhejiang,Wenzhou,urban,large,455,19,0.965,C,True,active
CUST_01299,clinic,Sichuan,Deyang,rural,small,9409,7,0.909,B,True,active
CUST_01300,primary_healthcare,Guangdong,Guangzhou,urban,large,17068,14,0.97,B,True,inactive
CUST_01301,independent_pharmacy,Zhejiang,Hangzhou,urban,small,305,16,0.945,C,True,active
CUST_01302,independent_pharmacy,Sichuan,Deyang,urban,small,376,22,0.913,C,True,active
CUST_01303,independent_pharmacy,Guangdong,Dongguan,rural,small,3966,24,0.982,A,True,active
CUST_01304,primary_healthcare,Hubei,Yichang,urban,small,1561,11,0.956,C,True,active
CUST_01305,primary_healthcare,Sichuan,Mianyang,rural,medium,2655,20,0.928,C,True,active
CUST_01306,independent_pharmacy,Shandong,Qingdao,urban,small,164,29,0.902,C,True,active
CUST_01307,primary_healthcare,Guangdong,Guangzhou,rural,medium,6352,7,0.968,C,True,active
CUST_01308,clinic,Zhejiang,Hangzhou,rural,small,768,19,0.941,B,True,active
CUST_01309,primary_healthcare,Zhejiang,Ningbo,rural,small,1478,9,0.915,C,True,inactive
CUST_01310,independent_pharmacy,Zhejiang,Ningbo,urban,small,488,22,0.926,C,True,active
CUST_01311,independent_pharmacy,Sichuan,Deyang,urban,medium,965,16,0.932,B,True,active
CUST_01312,chain_pharmacy,Zhejiang,Wenzhou,urban,medium,11930,6,0.991,B,True,active
CUST_01313,independent_pharmacy,Shandong,Jinan,urban,small,889,23,0.913,C,True,active
CUST_01314,chain_pharmacy,Zhejiang,Ningbo,urban,small,6618,10,0.964,B,True,active
CUST_01315,primary_healthcare,Shandong,Jinan,urban,medium,10425,10,0.975,B,True,active
CUST_01316,independent_pharmacy,Jiangsu,Nanjing,urban,medium,1804,17,0.911,B,True,active
CUST_01317,chain_pharmacy,Henan,Zhengzhou,urban,small,3141,15,0.905,C,True,active
CUST_01318,chain_pharmacy,Guangdong,Dongguan,urban,medium,2192,7,0.97,B,True,active
CUST_01319,independent_pharmacy,Zhejiang,Hangzhou,rural,small,188,28,0.93,B,True,active
CUST_01320,independent_pharmacy,Guangdong,Guangzhou,urban,medium,640,23,0.919,B,True,active
CUST_01321,chain_pharmacy,Sichuan,Chengdu,urban,small,6291,6,0.933,A,True,active
CUST_01322,independent_pharmacy,Sichuan,Deyang,urban,small,163,26,0.926,C,True,active
CUST_01323,chain_pharmacy,Shandong,Jinan,rural,small,807,4,0.97,B,True,active
CUST_01324,independent_pharmacy,Sichuan,Deyang,urban,large,1658,5,0.916,B,True,active
CUST_01325,independent_pharmacy,Hubei,Xiangyang,urban,small,1105,15,0.988,B,True,active
CUST_01326,independent_pharmacy,Sichuan,Deyang,urban,small,194,14,0.918,C,True,active
CUST_01327,independent_pharmacy,Sichuan,Mianyang,rural,small,553,14,0.923,B,True,active
CUST_01328,chain_pharmacy,Zhejiang,Wenzhou,urban,small,8559,6,0.981,C,True,active
CUST_01329,independent_pharmacy,Guangdong,Guangzhou,urban,small,2326,12,0.932,B,True,active
CUST_01330,independent_pharmacy,Guangdong,Dongguan,urban,small,1584,19,0.92,D,True,active
CUST_01331,independent_pharmacy,Hubei,Xiangyang,urban,medium,618,15,0.953,A,True,active
CUST_01332,primary_healthcare,Jiangsu,Nanjing,urban,medium,16681,20,0.995,B,True,active
CUST_01333,independent_pharmacy,Hubei,Wuhan,urban,medium,207,20,0.902,A,True,active
CUST_01334,independent_pharmacy,Hubei,Yichang,urban,small,164,27,0.904,C,True,active
CUST_01335,independent_pharmacy,Hubei,Wuhan,urban,medium,853,28,0.934,C,True,active
CUST_01336,primary_healthcare,Henan,Kaifeng,urban,small,5340,13,0.93,B,True,active
CUST_01337,public_hospital,Sichuan,Deyang,urban,small,2087,8,0.992,B,True,active
CUST_01338,independent_pharmacy,Sichuan,Deyang,urban,large,2058,16,0.951,C,True,active
CUST_01339,primary_healthcare,Zhejiang,Ningbo,urban,medium,22680,6,0.963,A,True,active
CUST_01340,independent_pharmacy,Hubei,Wuhan,urban,medium,3132,22,0.906,B,True,active
CUST_01341,independent_pharmacy,Jiangsu,Suzhou,urban,medium,523,16,0.924,B,True,active
CUST_01342,independent_pharmacy,Henan,Kaifeng,urban,small,2162,24,0.925,C,True,active
CUST_01343,primary_healthcare,Hubei,Yichang,urban,large,8039,18,0.97,A,True,active
CUST_01344,independent_pharmacy,Henan,Zhengzhou,urban,large,10799,11,0.955,B,True,inactive
CUST_01345,independent_pharmacy,Zhejiang,Hangzhou,urban,small,650,23,0.924,C,True,active
CUST_01346,independent_pharmacy,Hubei,Yichang,urban,medium,254,17,0.935,B,True,active
CUST_01347,independent_pharmacy,Zhejiang,Ningbo,urban,medium,7545,10,0.944,A,True,active
CUST_01348,independent_pharmacy,Sichuan,Chengdu,urban,small,198,28,0.929,C,True,active
CUST_01349,independent_pharmacy,Guangdong,Dongguan,urban,small,167,29,0.913,C,True,active
CUST_01350,primary_healthcare,Hubei,Wuhan,rural,large,6824,14,0.943,C,True,active
CUST_01351,public_hospital,Zhejiang,Hangzhou,urban,medium,13879,4,0.989,A,True,active
CUST_01352,public_hospital,Shandong,Qingdao,rural,medium,2093,18,0.944,C,True,active
CUST_01353,independent_pharmacy,Henan,Luoyang,urban,small,1807,22,0.903,C,True,inactive
CUST_01354,primary_healthcare,Guangdong,Guangzhou,rural,medium,1204,19,0.979,B,True,active
CUST_01355,chain_pharmacy,Sichuan,Deyang,urban,small,4243,4,0.97,B,True,active
CUST_01356,chain_pharmacy,Zhejiang,Ningbo,rural,medium,3818,11,0.914,B,True,active
CUST_01357,independent_pharmacy,Jiangsu,Nanjing,urban,medium,8284,9,0.986,C,True,active
CUST_01358,primary_healthcare,Henan,Luoyang,rural,medium,754,5,0.912,D,True,active
CUST_01359,independent_pharmacy,Zhejiang,Ningbo,urban,small,329,16,0.977,B,True,active
CUST_01360,independent_pharmacy,Zhejiang,Wenzhou,urban,small,973,10,0.917,B,True,active
CUST_01361,primary_healthcare,Guangdong,Dongguan,urban,small,408,17,0.931,C,True,active
CUST_01362,independent_pharmacy,Sichuan,Deyang,urban,small,165,13,0.9,A,True,active
CUST_01363,independent_pharmacy,Jiangsu,Nanjing,urban,small,890,24,0.939,C,True,active
CUST_01364,public_hospital,Zhejiang,Wenzhou,urban,large,2703,9,0.963,B,True,active
CUST_01365,chain_pharmacy,Jiangsu,Nanjing,rural,medium,9601,14,0.99,A,True,active
CUST_01366,independent_pharmacy,Sichuan,Deyang,rural,small,395,12,0.94,B,True,active
CUST_01367,primary_healthcare,Jiangsu,Wuxi,urban,small,19575,10,0.961,A,True,active
CUST_01368,independent_pharmacy,Zhejiang,Hangzhou,urban,small,448,18,0.932,B,True,active
CUST_01369,independent_pharmacy,Hubei,Wuhan,rural,small,5761,19,0.948,D,True,active
CUST_01370,public_hospital,Zhejiang,Ningbo,urban,medium,2831,26,0.931,C,True,active
CUST_01371,independent_pharmacy,Guangdong,Dongguan,urban,medium,1999,11,0.924,B,True,active
CUST_01372,independent_pharmacy,Hubei,Wuhan,urban,small,527,18,0.905,C,True,active
CUST_01373,chain_pharmacy,Hubei,Yichang,rural,medium,6527,7,0.959,A,True,active
CUST_01374,chain_pharmacy,Zhejiang,Wenzhou,rural,medium,4873,18,0.978,C,True,active
CUST_01375,independent_pharmacy,Henan,Luoyang,urban,small,499,16,0.96,D,True,active
CUST_01376,independent_pharmacy,Guangdong,Shenzhen,rural,small,166,21,0.917,C,True,active
CUST_01377,independent_pharmacy,Jiangsu,Suzhou,urban,medium,1983,7,0.918,A,True,active
CUST_01378,independent_pharmacy,Shandong,Yantai,urban,medium,4755,4,0.914,C,True,active
CUST_01379,primary_healthcare,Jiangsu,Nanjing,urban,medium,609,20,0.919,C,True,active
CUST_01380,primary_healthcare,Zhejiang,Wenzhou,urban,small,2660,8,0.916,B,True,active
CUST_01381,independent_pharmacy,Jiangsu,Nanjing,urban,small,8297,17,0.94,B,True,active
CUST_01382,independent_pharmacy,Hubei,Xiangyang,urban,small,551,5,0.968,A,True,active
CUST_01383,chain_pharmacy,Zhejiang,Hangzhou,urban,small,568,17,0.933,B,True,active
CUST_01384,primary_healthcare,Shandong,Jinan,urban,small,1011,8,0.964,C,True,active
CUST_01385,public_hospital,Sichuan,Deyang,urban,large,322,12,0.912,B,True,active
CUST_01386,primary_healthcare,Guangdong,Shenzhen,urban,medium,5847,21,0.984,B,True,active
CUST_01387,public_hospital,Hubei,Wuhan,urban,medium,1074,9,0.969,D,True,active
CUST_01388,independent_pharmacy,Zhejiang,Ningbo,urban,medium,1000,25,0.917,C,True,active
CUST_01389,chain_pharmacy,Guangdong,Shenzhen,rural,small,1061,18,0.92,C,True,active
CUST_01390,independent_pharmacy,Sichuan,Chengdu,rural,medium,5010,28,0.947,B,True,active
CUST_01391,independent_pharmacy,Jiangsu,Wuxi,urban,medium,7135,14,0.917,C,True,active
CUST_01392,public_hospital,Sichuan,Deyang,urban,medium,894,4,0.982,A,True,active
CUST_01393,independent_pharmacy,Guangdong,Dongguan,urban,medium,506,14,0.903,A,True,active
CUST_01394,independent_pharmacy,Guangdong,Guangzhou,urban,small,187,17,0.977,C,True,active
CUST_01395,chain_pharmacy,Guangdong,Dongguan,urban,small,1367,16,0.985,B,True,active
CUST_01396,independent_pharmacy,Henan,Zhengzhou,urban,small,5944,22,0.979,A,True,active
CUST_01397,primary_healthcare,Sichuan,Mianyang,rural,medium,2663,7,0.972,C,True,inactive
CUST_01398,independent_pharmacy,Guangdong,Shenzhen,rural,medium,9633,17,0.903,A,True,active
CUST_01399,primary_healthcare,Zhejiang,Hangzhou,urban,medium,1244,13,0.935,B,True,active
CUST_01400,clinic,Hubei,Wuhan,urban,medium,12465,7,0.949,B,True,active
CUST_01401,independent_pharmacy,Zhejiang,Ningbo,urban,small,3907,23,0.965,C,True,active
CUST_01402,primary_healthcare,Guangdong,Guangzhou,rural,small,295,25,0.906,C,True,active
CUST_01403,clinic,Jiangsu,Nanjing,urban,medium,201,9,0.942,C,True,inactive
CUST_01404,primary_healthcare,Zhejiang,Hangzhou,urban,medium,7972,9,0.972,B,True,active
CUST_01405,independent_pharmacy,Zhejiang,Ningbo,urban,small,2110,20,0.938,B,True,active
CUST_01406,independent_pharmacy,Sichuan,Deyang,urban,medium,5807,9,0.909,B,True,active
CUST_01407,independent_pharmacy,Zhejiang,Wenzhou,rural,small,212,29,0.933,D,True,active
CUST_01408,primary_healthcare,Shandong,Jinan,urban,medium,3077,6,0.991,B,True,active
CUST_01409,independent_pharmacy,Jiangsu,Wuxi,urban,medium,20862,11,0.967,B,True,active
CUST_01410,chain_pharmacy,Sichuan,Deyang,urban,small,17768,5,0.993,A,True,active
CUST_01411,independent_pharmacy,Guangdong,Guangzhou,urban,small,2426,10,0.933,A,True,active
CUST_01412,chain_pharmacy,Guangdong,Guangzhou,urban,large,506,19,0.914,B,True,active
CUST_01413,independent_pharmacy,Henan,Kaifeng,urban,medium,226,18,0.938,C,True,active
CUST_01414,independent_pharmacy,Jiangsu,Wuxi,urban,medium,4279,16,0.933,B,True,active
CUST_01415,chain_pharmacy,Zhejiang,Ningbo,urban,small,1061,16,0.921,C,True,active
CUST_01416,public_hospital,Hubei,Yichang,urban,medium,19826,11,0.977,B,True,active
CUST_01417,independent_pharmacy,Zhejiang,Ningbo,urban,small,189,25,0.912,C,True,active
CUST_01418,independent_pharmacy,Guangdong,Guangzhou,urban,medium,4745,18,0.978,B,True,active
CUST_01419,independent_pharmacy,Guangdong,Dongguan,urban,small,200,16,0.933,C,True,active
CUST_01420,independent_pharmacy,Hubei,Yichang,rural,small,177,25,0.96,B,True,active
CUST_01421,independent_pharmacy,Jiangsu,Nanjing,urban,small,238,6,0.977,A,True,active
CUST_01422,primary_healthcare,Guangdong,Shenzhen,rural,small,669,20,0.912,D,True,active
CUST_01423,independent_pharmacy,Zhejiang,Hangzhou,rural,large,5734,7,0.963,B,True,active
CUST_01424,independent_pharmacy,Shandong,Yantai,urban,large,958,13,0.952,B,True,active
CUST_01425,independent_pharmacy,Zhejiang,Ningbo,urban,small,1038,21,0.937,B,True,active
CUST_01426,chain_pharmacy,Guangdong,Shenzhen,urban,small,3857,6,0.941,A,True,active
CUST_01427,chain_pharmacy,Henan,Kaifeng,urban,small,294,6,0.934,B,True,active
CUST_01428,independent_pharmacy,Henan,Zhengzhou,urban,small,311,21,0.967,B,True,active
CUST_01429,primary_healthcare,Henan,Zhengzhou,urban,medium,8902,13,0.952,B,True,active
CUST_01430,independent_pharmacy,Guangdong,Shenzhen,rural,small,1726,9,0.911,C,True,active
CUST_01431,primary_healthcare,Hubei,Wuhan,urban,small,4392,5,0.964,C,True,active
CUST_01432,primary_healthcare,Guangdong,Dongguan,urban,small,1401,19,0.984,B,True,active
CUST_01433,primary_healthcare,Zhejiang,Ningbo,rural,medium,1116,5,0.946,C,True,active
CUST_01434,independent_pharmacy,Jiangsu,Nanjing,urban,small,2411,27,0.923,C,True,active
CUST_01435,independent_pharmacy,Sichuan,Chengdu,rural,medium,537,16,0.951,A,True,active
CUST_01436,primary_healthcare,Sichuan,Deyang,urban,medium,2296,21,0.966,C,True,active
CUST_01437,independent_pharmacy,Jiangsu,Nanjing,rural,medium,1411,20,0.902,B,True,inactive
CUST_01438,independent_pharmacy,Shandong,Qingdao,urban,small,166,24,0.959,C,True,active
CUST_01439,independent_pharmacy,Sichuan,Deyang,urban,small,166,26,0.903,B,True,inactive
CUST_01440,independent_pharmacy,Shandong,Qingdao,urban,small,163,28,0.961,C,True,active
CUST_01441,primary_healthcare,Jiangsu,Nanjing,urban,small,7047,20,0.986,B,True,active
CUST_01442,independent_pharmacy,Zhejiang,Wenzhou,urban,small,164,25,0.912,B,True,active
CUST_01443,independent_pharmacy,Shandong,Qingdao,rural,small,1528,18,0.902,B,True,active
CUST_01444,clinic,Jiangsu,Nanjing,rural,medium,993,8,0.908,B,True,active
CUST_01445,primary_healthcare,Zhejiang,Ningbo,urban,medium,1391,17,0.947,A,True,active
CUST_01446,independent_pharmacy,Henan,Zhengzhou,urban,small,2194,18,0.943,B,True,active
CUST_01447,primary_healthcare,Zhejiang,Wenzhou,urban,medium,2300,9,0.962,A,True,active
CUST_01448,independent_pharmacy,Zhejiang,Ningbo,rural,medium,2196,10,0.915,B,True,active
CUST_01449,independent_pharmacy,Guangdong,Guangzhou,rural,small,597,22,0.961,B,True,active
CUST_01450,independent_pharmacy,Zhejiang,Wenzhou,rural,small,473,21,0.904,C,True,inactive
CUST_01451,independent_pharmacy,Shandong,Qingdao,urban,medium,342,28,0.952,C,True,active
CUST_01452,independent_pharmacy,Hubei,Xiangyang,urban,small,1501,25,0.936,C,True,active
CUST_01453,independent_pharmacy,Jiangsu,Nanjing,rural,small,2461,23,0.904,C,True,active
CUST_01454,independent_pharmacy,Shandong,Qingdao,rural,small,164,26,0.929,C,True,active
CUST_01455,chain_pharmacy,Zhejiang,Ningbo,urban,small,18563,6,0.979,A,True,active
CUST_01456,independent_pharmacy,Shandong,Qingdao,urban,small,165,16,0.97,D,True,active
CUST_01457,chain_pharmacy,Shandong,Jinan,urban,small,682,12,0.948,C,True,active
CUST_01458,independent_pharmacy,Sichuan,Mianyang,urban,small,1752,27,0.908,B,True,active
CUST_01459,independent_pharmacy,Sichuan,Deyang,urban,small,277,13,0.919,A,True,active
CUST_01460,clinic,Zhejiang,Ningbo,urban,medium,8375,10,0.918,C,True,active
CUST_01461,independent_pharmacy,Shandong,Qingdao,urban,medium,2018,16,0.923,B,True,active
CUST_01462,independent_pharmacy,Zhejiang,Wenzhou,urban,medium,301,25,0.929,C,True,active
CUST_01463,clinic,Zhejiang,Hangzhou,rural,medium,18572,6,0.986,A,True,active
CUST_01464,independent_pharmacy,Hubei,Xiangyang,urban,small,165,22,0.916,B,True,active
CUST_01465,independent_pharmacy,Zhejiang,Ningbo,urban,small,1201,26,0.954,C,True,active
CUST_01466,clinic,Henan,Kaifeng,urban,medium,12312,22,0.975,A,True,active
CUST_01467,primary_healthcare,Zhejiang,Hangzhou,urban,large,1076,8,0.932,A,True,active
CUST_01468,independent_pharmacy,Zhejiang,Hangzhou,urban,small,187,25,0.927,C,True,active
CUST_01469,independent_pharmacy,Zhejiang,Ningbo,urban,medium,2939,4,0.927,C,True,active
CUST_01470,independent_pharmacy,Sichuan,Mianyang,rural,small,1743,21,0.907,B,True,active
CUST_01471,independent_pharmacy,Jiangsu,Nanjing,urban,medium,4280,27,0.955,B,True,active
CUST_01472,independent_pharmacy,Jiangsu,Nanjing,urban,small,637,16,0.931,C,True,active
CUST_01473,primary_healthcare,Hubei,Wuhan,urban,medium,5966,7,0.92,D,True,active
CUST_01474,independent_pharmacy,Hubei,Yichang,urban,medium,1118,21,0.955,A,True,active
CUST_01475,independent_pharmacy,Guangdong,Dongguan,urban,small,920,4,0.924,A,True,active
CUST_01476,independent_pharmacy,Guangdong,Dongguan,urban,small,830,12,0.959,C,True,active
CUST_01477,primary_healthcare,Guangdong,Guangzhou,urban,small,9096,20,0.908,C,True,active
CUST_01478,independent_pharmacy,Jiangsu,Wuxi,urban,small,227,16,0.901,A,True,active
CUST_01479,independent_pharmacy,Zhejiang,Ningbo,urban,small,386,16,0.912,D,True,active
CUST_01480,primary_healthcare,Zhejiang,Hangzhou,urban,medium,15646,5,0.983,B,True,active
CUST_01481,independent_pharmacy,Zhejiang,Hangzhou,urban,small,233,17,0.942,B,True,active
CUST_01482,primary_healthcare,Hubei,Wuhan,rural,medium,526,5,0.935,D,True,active
CUST_01483,independent_pharmacy,Zhejiang,Wenzhou,urban,small,170,25,0.915,B,True,active
CUST_01484,chain_pharmacy,Shandong,Yantai,urban,medium,333,8,0.9,A,True,active
CUST_01485,chain_pharmacy,Henan,Zhengzhou,rural,small,7208,15,0.935,C,True,active
CUST_01486,independent_pharmacy,Hubei,Xiangyang,urban,small,970,26,0.927,B,True,active
CUST_01487,primary_healthcare,Guangdong,Guangzhou,urban,small,3471,10,0.927,C,True,active
CUST_01488,public_hospital,Hubei,Wuhan,urban,small,33176,5,0.962,C,True,active
CUST_01489,independent_pharmacy,Shandong,Jinan,urban,medium,371,24,0.907,B,True,inactive
CUST_01490,chain_pharmacy,Shandong,Jinan,rural,medium,947,17,0.901,B,True,inactive
CUST_01491,public_hospital,Jiangsu,Nanjing,urban,medium,6036,7,0.986,C,True,active
CUST_01492,primary_healthcare,Shandong,Qingdao,rural,small,6404,24,0.971,B,True,active
CUST_01493,chain_pharmacy,Hubei,Wuhan,rural,small,4063,7,0.989,C,True,active
CUST_01494,clinic,Jiangsu,Wuxi,rural,medium,20786,7,0.968,A,True,active
CUST_01495,clinic,Zhejiang,Hangzhou,urban,medium,3727,22,0.978,B,True,active
CUST_01496,primary_healthcare,Zhejiang,Wenzhou,rural,medium,5524,8,0.921,D,True,active
CUST_01497,independent_pharmacy,Shandong,Qingdao,urban,medium,5777,8,0.943,A,True,active
CUST_01498,clinic,Hubei,Wuhan,urban,small,6470,14,0.946,B,True,active
CUST_01499,chain_pharmacy,Guangdong,Guangzhou,urban,medium,35813,7,0.981,A,True,active
CUST_01500,primary_healthcare,Zhejiang,Wenzhou,urban,small,897,14,0.921,B,True,active
CUST_01501,primary_healthcare,Zhejiang,Wenzhou,urban,medium,2293,5,0.958,B,True,active
CUST_01502,primary_healthcare,Henan,Zhengzhou,urban,medium,5996,10,0.969,B,True,active
CUST_01503,clinic,Hubei,Yichang,urban,medium,906,10,0.908,A,True,active
CUST_01504,public_hospital,Hubei,Yichang,urban,medium,5508,7,0.981,B,True,active
CUST_01505,clinic,Zhejiang,Ningbo,urban,small,2848,16,0.938,A,True,active
CUST_01506,chain_pharmacy,Shandong,Yantai,urban,large,5780,9,0.954,A,True,active
CUST_01507,primary_healthcare,Sichuan,Deyang,urban,small,770,14,0.904,C,True,inactive
CUST_01508,primary_healthcare,Zhejiang,Wenzhou,urban,small,4025,13,0.918,B,True,active
CUST_01509,independent_pharmacy,Jiangsu,Wuxi,urban,small,896,20,0.92,C,True,active
CUST_01510,independent_pharmacy,Sichuan,Mianyang,rural,medium,260,26,0.961,C,True,active
CUST_01511,public_hospital,Sichuan,Chengdu,urban,medium,6621,5,0.988,B,True,active
CUST_01512,primary_healthcare,Henan,Kaifeng,urban,small,240,18,0.926,C,True,active
CUST_01513,independent_pharmacy,Zhejiang,Hangzhou,urban,small,180,26,0.913,A,True,active
CUST_01514,public_hospital,Guangdong,Dongguan,urban,medium,1415,10,0.935,D,True,active
CUST_01515,independent_pharmacy,Hubei,Yichang,rural,small,531,25,0.901,C,True,active
CUST_01516,independent_pharmacy,Guangdong,Guangzhou,rural,medium,2504,9,0.961,C,True,active
CUST_01517,independent_pharmacy,Shandong,Qingdao,urban,medium,1981,6,0.91,B,True,active
CUST_01518,independent_pharmacy,Hubei,Yichang,urban,small,167,27,0.901,B,True,active
CUST_01519,independent_pharmacy,Sichuan,Deyang,rural,medium,5659,9,0.971,B,True,active
CUST_01520,independent_pharmacy,Zhejiang,Ningbo,rural,medium,697,8,0.906,A,True,active
CUST_01521,independent_pharmacy,Henan,Zhengzhou,urban,small,546,20,0.919,B,True,active
CUST_01522,independent_pharmacy,Guangdong,Dongguan,urban,small,863,26,0.901,C,True,active
CUST_01523,primary_healthcare,Henan,Zhengzhou,urban,small,216,17,0.914,C,True,active
CUST_01524,chain_pharmacy,Guangdong,Guangzhou,urban,small,322,14,0.936,B,True,active
CUST_01525,independent_pharmacy,Henan,Kaifeng,urban,medium,1102,24,0.901,C,True,active
CUST_01526,independent_pharmacy,Hubei,Wuhan,urban,small,299,9,0.971,A,True,active
CUST_01527,clinic,Jiangsu,Nanjing,urban,small,289,5,0.921,A,True,active
CUST_01528,primary_healthcare,Sichuan,Mianyang,urban,large,7314,7,0.941,A,True,active
CUST_01529,public_hospital,Hubei,Yichang,rural,large,24826,6,0.962,A,True,active
CUST_01530,public_hospital,Shandong,Qingdao,urban,medium,11263,15,0.988,B,True,active
CUST_01531,independent_pharmacy,Henan,Zhengzhou,rural,small,11916,12,0.93,B,True,active
CUST_01532,independent_pharmacy,Zhejiang,Ningbo,urban,medium,664,12,0.905,B,True,active
CUST_01533,public_hospital,Jiangsu,Nanjing,rural,medium,10178,19,0.991,B,True,active
CUST_01534,public_hospital,Zhejiang,Wenzhou,urban,medium,41376,5,0.933,A,True,active
CUST_01535,independent_pharmacy,Guangdong,Dongguan,urban,small,426,18,0.932,C,True,active
CUST_01536,primary_healthcare,Henan,Kaifeng,urban,medium,2918,17,0.932,C,True,active
CUST_01537,clinic,Hubei,Wuhan,urban,medium,9314,6,0.967,A,True,active
CUST_01538,independent_pharmacy,Shandong,Qingdao,urban,medium,8135,11,0.981,B,True,active
CUST_01539,chain_pharmacy,Shandong,Qingdao,urban,medium,238,11,0.974,B,True,active
CUST_01540,independent_pharmacy,Hubei,Xiangyang,urban,small,203,7,0.951,A,True,active
CUST_01541,primary_healthcare,Shandong,Qingdao,urban,large,2011,13,0.913,B,True,active
CUST_01542,independent_pharmacy,Shandong,Qingdao,urban,small,734,18,0.944,B,True,active
CUST_01543,public_hospital,Sichuan,Mianyang,urban,medium,3130,8,0.949,B,True,active
CUST_01544,primary_healthcare,Hubei,Wuhan,urban,medium,11258,7,0.97,B,True,active
CUST_01545,independent_pharmacy,Jiangsu,Nanjing,urban,medium,6419,12,0.919,B,True,active
CUST_01546,independent_pharmacy,Sichuan,Mianyang,urban,medium,471,13,0.955,B,True,active
CUST_01547,primary_healthcare,Shandong,Qingdao,rural,medium,9764,19,0.956,B,True,active
CUST_01548,primary_healthcare,Guangdong,Dongguan,urban,medium,656,20,0.967,B,True,active
CUST_01549,public_hospital,Sichuan,Deyang,rural,medium,3551,4,0.977,B,True,active
CUST_01550,public_hospital,Shandong,Jinan,rural,medium,8092,7,0.967,B,True,active
CUST_01551,chain_pharmacy,Zhejiang,Wenzhou,urban,small,1669,9,0.966,B,True,active
CUST_01552,clinic,Guangdong,Guangzhou,rural,small,4767,10,0.937,D,True,active
CUST_01553,independent_pharmacy,Guangdong,Dongguan,urban,medium,3567,19,0.902,B,True,active
CUST_01554,public_hospital,Hubei,Wuhan,rural,small,9621,7,0.919,C,True,active
CUST_01555,independent_pharmacy,Hubei,Yichang,urban,medium,293,12,0.933,A,True,active
CUST_01556,independent_pharmacy,Shandong,Jinan,urban,small,2222,11,0.977,B,True,active
CUST_01557,public_hospital,Shandong,Qingdao,urban,medium,1512,4,0.964,A,True,active
CUST_01558,primary_healthcare,Guangdong,Shenzhen,urban,medium,389,7,0.947,C,True,active
CUST_01559,independent_pharmacy,Shandong,Qingdao,urban,small,507,25,0.936,C,True,active
CUST_01560,chain_pharmacy,Guangdong,Guangzhou,urban,medium,2052,11,0.976,B,True,active
CUST_01561,independent_pharmacy,Henan,Kaifeng,rural,small,1780,20,0.946,C,True,active
CUST_01562,independent_pharmacy,Sichuan,Chengdu,urban,medium,2263,12,0.955,C,True,active
CUST_01563,primary_healthcare,Zhejiang,Wenzhou,rural,medium,5435,5,0.968,A,True,active
CUST_01564,independent_pharmacy,Hubei,Yichang,rural,small,218,29,0.904,C,True,inactive
CUST_01565,independent_pharmacy,Sichuan,Deyang,urban,small,4112,13,0.904,C,True,active
CUST_01566,primary_healthcare,Jiangsu,Nanjing,urban,small,6794,7,0.957,A,True,active
CUST_01567,chain_pharmacy,Zhejiang,Ningbo,urban,small,716,22,0.929,C,True,active
CUST_01568,chain_pharmacy,Zhejiang,Hangzhou,urban,small,3716,11,0.921,C,True,active
CUST_01569,independent_pharmacy,Hubei,Xiangyang,urban,small,6952,21,0.937,C,True,active
CUST_01570,chain_pharmacy,Zhejiang,Wenzhou,urban,medium,5356,9,0.978,C,True,active
CUST_01571,independent_pharmacy,Zhejiang,Hangzhou,urban,small,2003,17,0.95,D,True,active
CUST_01572,public_hospital,Henan,Luoyang,urban,small,626,20,0.937,B,True,active
CUST_01573,clinic,Zhejiang,Wenzhou,urban,large,1798,10,0.955,A,True,active
CUST_01574,public_hospital,Zhejiang,Hangzhou,rural,small,196,9,0.992,C,True,active
CUST_01575,clinic,Shandong,Yantai,urban,medium,16026,7,0.961,B,True,active
CUST_01576,clinic,Jiangsu,Wuxi,urban,small,513,14,0.941,C,True,active
CUST_01577,independent_pharmacy,Jiangsu,Suzhou,urban,small,8853,20,0.98,C,True,active
CUST_01578,independent_pharmacy,Zhejiang,Ningbo,urban,medium,2137,16,0.905,C,True,active
CUST_01579,independent_pharmacy,Guangdong,Dongguan,urban,small,764,14,0.903,B,True,active
CUST_01580,public_hospital,Zhejiang,Hangzhou,urban,medium,3572,18,0.985,A,True,active
CUST_01581,primary_healthcare,Guangdong,Dongguan,urban,small,269,22,0.965,C,True,active
CUST_01582,independent_pharmacy,Shandong,Qingdao,urban,medium,2188,15,0.925,B,True,active
CUST_01583,public_hospital,Shandong,Yantai,urban,medium,10277,6,0.994,A,True,active
CUST_01584,independent_pharmacy,Sichuan,Chengdu,rural,small,238,27,0.909,C,True,active
CUST_01585,independent_pharmacy,Zhejiang,Hangzhou,rural,small,238,11,0.912,B,True,active
CUST_01586,independent_pharmacy,Henan,Zhengzhou,urban,medium,1178,18,0.91,D,True,active
CUST_01587,independent_pharmacy,Zhejiang,Wenzhou,urban,small,388,24,0.904,C,True,active
CUST_01588,independent_pharmacy,Guangdong,Guangzhou,urban,small,2829,21,0.971,B,True,active
CUST_01589,independent_pharmacy,Guangdong,Dongguan,urban,small,195,19,0.952,C,True,active
CUST_01590,primary_healthcare,Guangdong,Shenzhen,urban,small,1889,19,0.962,D,True,active
CUST_01591,chain_pharmacy,Jiangsu,Nanjing,urban,small,3350,6,0.95,A,True,active
CUST_01592,primary_healthcare,Zhejiang,Hangzhou,urban,medium,5410,12,0.978,B,True,active
CUST_01593,primary_healthcare,Hubei,Yichang,rural,small,726,12,0.933,B,True,active
CUST_01594,primary_healthcare,Zhejiang,Ningbo,urban,medium,5541,16,0.918,B,True,active
CUST_01595,independent_pharmacy,Zhejiang,Wenzhou,urban,small,3336,13,0.91,B,True,active
CUST_01596,chain_pharmacy,Henan,Zhengzhou,urban,small,1500,17,0.914,B,True,active
CUST_01597,independent_pharmacy,Guangdong,Dongguan,rural,medium,9950,10,0.971,A,True,active
CUST_01598,clinic,Sichuan,Chengdu,rural,medium,833,27,0.904,C,True,active
CUST_01599,independent_pharmacy,Shandong,Qingdao,urban,small,172,29,0.908,B,True,active
CUST_01600,primary_healthcare,Zhejiang,Ningbo,urban,small,2218,21,0.977,D,True,active
CUST_01601,independent_pharmacy,Hubei,Yichang,urban,medium,1908,11,0.972,B,True,active
CUST_01602,independent_pharmacy,Guangdong,Dongguan,urban,medium,1980,13,0.907,A,True,active
CUST_01603,public_hospital,Sichuan,Mianyang,rural,medium,2071,9,0.993,B,True,active
CUST_01604,primary_healthcare,Guangdong,Guangzhou,urban,medium,11216,8,0.917,A,True,active
CUST_01605,independent_pharmacy,Jiangsu,Nanjing,rural,medium,608,15,0.905,C,True,active
CUST_01606,independent_pharmacy,Hubei,Yichang,urban,medium,5017,15,0.913,A,True,active
CUST_01607,primary_healthcare,Guangdong,Shenzhen,urban,medium,4271,5,0.975,A,True,active
CUST_01608,public_hospital,Sichuan,Mianyang,urban,small,3279,9,0.919,A,True,active
CUST_01609,independent_pharmacy,Guangdong,Guangzhou,urban,small,1022,8,0.93,B,True,active
CUST_01610,clinic,Hubei,Yichang,urban,small,13600,11,0.994,A,True,active
CUST_01611,independent_pharmacy,Hubei,Xiangyang,urban,small,2111,9,0.957,A,True,active
CUST_01612,primary_healthcare,Zhejiang,Ningbo,urban,medium,2551,9,0.984,B,True,active
CUST_01613,primary_healthcare,Jiangsu,Wuxi,urban,small,3903,5,0.948,B,True,active
CUST_01614,independent_pharmacy,Henan,Zhengzhou,urban,small,1136,29,0.933,C,True,active
CUST_01615,independent_pharmacy,Guangdong,Dongguan,urban,small,170,17,0.955,C,True,active
CUST_01616,independent_pharmacy,Henan,Kaifeng,urban,small,1089,12,0.961,C,True,active
CUST_01617,chain_pharmacy,Guangdong,Dongguan,urban,medium,713,17,0.913,C,True,active
CUST_01618,independent_pharmacy,Sichuan,Deyang,urban,medium,277,21,0.943,A,True,active
CUST_01619,public_hospital,Sichuan,Chengdu,urban,medium,2821,14,0.949,C,True,active
CUST_01620,independent_pharmacy,Zhejiang,Wenzhou,urban,medium,3936,24,0.983,C,True,active
CUST_01621,clinic,Sichuan,Mianyang,urban,medium,4536,16,0.926,C,True,active
CUST_01622,clinic,Shandong,Jinan,urban,small,245,16,0.925,C,True,active
CUST_01623,primary_healthcare,Zhejiang,Hangzhou,urban,medium,1385,14,0.931,C,True,active
CUST_01624,primary_healthcare,Henan,Zhengzhou,urban,small,5549,5,0.986,A,True,active
CUST_01625,primary_healthcare,Henan,Zhengzhou,rural,large,21676,6,0.97,A,True,inactive
CUST_01626,independent_pharmacy,Hubei,Xiangyang,urban,medium,472,10,0.905,A,True,active
CUST_01627,public_hospital,Sichuan,Mianyang,rural,medium,3761,8,0.961,B,True,inactive
CUST_01628,chain_pharmacy,Guangdong,Guangzhou,urban,small,7135,14,0.977,B,True,active
CUST_01629,public_hospital,Guangdong,Dongguan,urban,medium,6249,6,0.958,A,True,active
CUST_01630,independent_pharmacy,Hubei,Xiangyang,urban,small,3005,20,0.972,B,True,active
CUST_01631,public_hospital,Guangdong,Dongguan,urban,small,390,17,0.993,D,True,active
CUST_01632,independent_pharmacy,Shandong,Yantai,rural,small,167,29,0.927,C,True,active
CUST_01633,independent_pharmacy,Shandong,Yantai,rural,medium,18890,13,0.938,A,True,active
CUST_01634,independent_pharmacy,Shandong,Qingdao,urban,small,164,28,0.903,B,True,active
CUST_01635,independent_pharmacy,Zhejiang,Ningbo,urban,small,267,7,0.96,A,True,active
CUST_01636,clinic,Zhejiang,Hangzhou,rural,medium,2344,20,0.913,D,True,active
CUST_01637,independent_pharmacy,Sichuan,Chengdu,urban,medium,245,15,0.917,A,True,active
CUST_01638,independent_pharmacy,Shandong,Qingdao,rural,medium,250,27,0.906,D,True,inactive
CUST_01639,chain_pharmacy,Henan,Luoyang,urban,small,1303,27,0.983,B,True,active
CUST_01640,clinic,Guangdong,Dongguan,rural,medium,3974,8,0.963,A,True,active
CUST_01641,clinic,Zhejiang,Ningbo,urban,small,1789,8,0.968,B,True,active
CUST_01642,chain_pharmacy,Zhejiang,Hangzhou,urban,small,164,23,0.923,C,True,active
CUST_01643,primary_healthcare,Guangdong,Shenzhen,urban,medium,1119,22,0.943,C,True,active
CUST_01644,independent_pharmacy,Henan,Zhengzhou,urban,medium,534,9,0.926,A,True,active
CUST_01645,independent_pharmacy,Sichuan,Chengdu,urban,small,1758,15,0.911,C,True,active
CUST_01646,chain_pharmacy,Sichuan,Deyang,rural,medium,170,21,0.91,C,True,active
CUST_01647,independent_pharmacy,Hubei,Xiangyang,urban,medium,2831,20,0.951,C,True,active
CUST_01648,chain_pharmacy,Zhejiang,Hangzhou,urban,small,720,13,0.918,C,True,active
CUST_01649,chain_pharmacy,Guangdong,Guangzhou,urban,large,2812,13,0.903,B,True,inactive
CUST_01650,independent_pharmacy,Sichuan,Deyang,urban,medium,786,21,0.914,B,True,active
CUST_01651,primary_healthcare,Jiangsu,Nanjing,urban,large,6686,4,0.986,A,True,active
CUST_01652,independent_pharmacy,Guangdong,Dongguan,urban,small,311,18,0.95,A,True,active
CUST_01653,independent_pharmacy,Shandong,Jinan,urban,small,163,22,0.901,C,True,active
CUST_01654,public_hospital,Jiangsu,Nanjing,urban,small,31230,5,0.956,A,True,active
CUST_01655,independent_pharmacy,Shandong,Yantai,urban,small,4634,21,0.976,A,True,active
CUST_01656,chain_pharmacy,Zhejiang,Wenzhou,rural,medium,398,27,0.932,C,True,active
CUST_01657,independent_pharmacy,Jiangsu,Nanjing,urban,small,451,20,0.908,B,True,active
CUST_01658,primary_healthcare,Zhejiang,Hangzhou,urban,small,5044,5,0.983,B,True,active
CUST_01659,chain_pharmacy,Shandong,Qingdao,rural,medium,1503,5,0.927,C,True,active
CUST_01660,primary_healthcare,Sichuan,Deyang,rural,small,539,26,0.926,B,True,active
CUST_01661,primary_healthcare,Zhejiang,Ningbo,urban,medium,1206,5,0.969,B,True,active
CUST_01662,independent_pharmacy,Guangdong,Guangzhou,urban,small,192,26,0.912,C,True,active
CUST_01663,independent_pharmacy,Zhejiang,Ningbo,urban,small,12697,12,0.939,B,True,active
CUST_01664,chain_pharmacy,Shandong,Qingdao,urban,small,1464,13,0.926,B,True,active
CUST_01665,independent_pharmacy,Jiangsu,Nanjing,urban,small,9377,13,0.988,C,True,active
CUST_01666,chain_pharmacy,Hubei,Xiangyang,urban,small,225,23,0.903,B,True,active
CUST_01667,independent_pharmacy,Guangdong,Dongguan,urban,small,3032,14,0.932,C,True,active
CUST_01668,public_hospital,Shandong,Qingdao,rural,large,17373,4,0.988,A,True,active
CUST_01669,independent_pharmacy,Zhejiang,Ningbo,rural,small,223,21,0.909,B,True,active
CUST_01670,independent_pharmacy,Sichuan,Deyang,urban,medium,163,25,0.927,D,True,active
CUST_01671,independent_pharmacy,Jiangsu,Wuxi,urban,medium,3171,5,0.962,B,True,active
CUST_01672,independent_pharmacy,Sichuan,Mianyang,urban,medium,441,24,0.908,B,True,active
CUST_01673,public_hospital,Hubei,Xiangyang,rural,medium,17973,8,0.96,B,True,active
CUST_01674,independent_pharmacy,Shandong,Qingdao,rural,small,5774,23,0.921,B,True,active
CUST_01675,clinic,Hubei,Wuhan,rural,medium,1355,14,0.936,B,True,active
CUST_01676,independent_pharmacy,Henan,Kaifeng,rural,small,186,29,0.903,C,True,active
CUST_01677,independent_pharmacy,Guangdong,Guangzhou,urban,medium,586,21,0.913,C,True,active
CUST_01678,independent_pharmacy,Shandong,Qingdao,rural,small,539,17,0.92,B,True,inactive
CUST_01679,clinic,Hubei,Xiangyang,urban,small,555,27,0.99,C,True,active
CUST_01680,clinic,Henan,Zhengzhou,rural,medium,3799,9,0.957,C,True,active
CUST_01681,independent_pharmacy,Guangdong,Shenzhen,urban,medium,163,26,0.908,B,True,active
CUST_01682,primary_healthcare,Henan,Luoyang,urban,medium,2444,5,0.971,A,True,active
CUST_01683,primary_healthcare,Shandong,Qingdao,urban,medium,3037,12,0.981,C,True,active
CUST_01684,chain_pharmacy,Shandong,Qingdao,urban,medium,246,21,0.98,C,True,active
CUST_01685,chain_pharmacy,Zhejiang,Ningbo,urban,medium,5471,18,0.949,B,True,inactive
CUST_01686,public_hospital,Shandong,Jinan,rural,medium,610,8,0.918,C,True,active
CUST_01687,independent_pharmacy,Zhejiang,Wenzhou,rural,small,164,11,0.96,B,True,active
CUST_01688,independent_pharmacy,Jiangsu,Wuxi,urban,medium,196,22,0.911,C,True,active
CUST_01689,public_hospital,Henan,Luoyang,urban,medium,12563,5,0.988,A,True,active
CUST_01690,primary_healthcare,Henan,Zhengzhou,urban,medium,2372,8,0.979,B,True,active
CUST_01691,chain_pharmacy,Zhejiang,Ningbo,urban,medium,5106,8,0.967,B,True,active
CUST_01692,primary_healthcare,Henan,Zhengzhou,rural,small,2477,8,0.975,B,True,active
CUST_01693,public_hospital,Jiangsu,Wuxi,rural,medium,6929,6,0.962,A,True,active
CUST_01694,clinic,Jiangsu,Wuxi,rural,medium,12315,17,0.934,D,True,active
CUST_01695,independent_pharmacy,Sichuan,Deyang,urban,small,178,26,0.982,C,True,active
CUST_01696,primary_healthcare,Guangdong,Dongguan,rural,medium,5367,10,0.904,B,True,active
CUST_01697,independent_pharmacy,Zhejiang,Hangzhou,urban,small,765,20,0.975,B,True,active
CUST_01698,clinic,Henan,Zhengzhou,urban,medium,3694,8,0.938,B,True,active
CUST_01699,clinic,Shandong,Jinan,urban,medium,1545,11,0.912,A,True,active
CUST_01700,independent_pharmacy,Zhejiang,Ningbo,urban,medium,275,27,0.906,C,True,active
CUST_01701,chain_pharmacy,Zhejiang,Ningbo,urban,medium,2224,14,0.979,B,True,inactive
CUST_01702,primary_healthcare,Shandong,Qingdao,rural,medium,4051,7,0.957,B,True,active
CUST_01703,primary_healthcare,Zhejiang,Hangzhou,urban,medium,6149,9,0.94,A,True,active
CUST_01704,chain_pharmacy,Zhejiang,Ningbo,rural,small,4941,9,0.966,B,True,active
CUST_01705,primary_healthcare,Zhejiang,Ningbo,urban,medium,3385,9,0.991,A,True,active
CUST_01706,primary_healthcare,Shandong,Yantai,rural,small,1727,6,0.989,D,True,active
CUST_01707,independent_pharmacy,Guangdong,Shenzhen,rural,small,286,26,0.937,B,True,active
CUST_01708,independent_pharmacy,Shandong,Qingdao,urban,medium,1029,21,0.934,B,True,active
CUST_01709,independent_pharmacy,Zhejiang,Ningbo,rural,small,7181,8,0.919,D,True,active
CUST_01710,clinic,Sichuan,Mianyang,urban,small,13232,5,0.975,B,True,active
CUST_01711,primary_healthcare,Sichuan,Mianyang,rural,small,1665,13,0.968,D,True,active
CUST_01712,independent_pharmacy,Hubei,Yichang,rural,medium,3860,20,0.97,C,True,active
CUST_01713,primary_healthcare,Shandong,Yantai,urban,medium,5303,6,0.918,A,True,active
CUST_01714,independent_pharmacy,Sichuan,Deyang,urban,small,179,26,0.915,B,True,active
CUST_01715,independent_pharmacy,Hubei,Yichang,urban,small,5226,12,0.918,B,True,active
CUST_01716,independent_pharmacy,Hubei,Wuhan,urban,small,859,19,0.91,B,True,active
CUST_01717,independent_pharmacy,Guangdong,Guangzhou,urban,medium,169,24,0.91,C,True,active
CUST_01718,independent_pharmacy,Shandong,Qingdao,rural,small,1996,21,0.928,C,True,active
CUST_01719,independent_pharmacy,Jiangsu,Nanjing,urban,medium,2549,17,0.932,B,True,active
CUST_01720,primary_healthcare,Guangdong,Dongguan,urban,small,3313,14,0.965,D,True,active
CUST_01721,independent_pharmacy,Hubei,Yichang,urban,medium,656,16,0.919,C,True,active
CUST_01722,independent_pharmacy,Shandong,Jinan,urban,medium,1330,27,0.924,B,True,active
CUST_01723,primary_healthcare,Guangdong,Dongguan,urban,small,7249,16,0.938,C,True,active
CUST_01724,independent_pharmacy,Hubei,Xiangyang,urban,medium,1048,21,0.907,C,True,active
CUST_01725,clinic,Zhejiang,Ningbo,urban,medium,1585,11,0.951,B,True,inactive
CUST_01726,independent_pharmacy,Zhejiang,Hangzhou,urban,medium,280,15,0.924,B,True,inactive
CUST_01727,chain_pharmacy,Zhejiang,Wenzhou,urban,small,164,18,0.923,B,True,active
CUST_01728,primary_healthcare,Shandong,Jinan,urban,small,9536,17,0.939,C,True,active
CUST_01729,chain_pharmacy,Guangdong,Shenzhen,urban,medium,2387,14,0.921,B,True,inactive
CUST_01730,chain_pharmacy,Hubei,Wuhan,urban,medium,265,21,0.93,A,True,active
CUST_01731,chain_pharmacy,Zhejiang,Ningbo,urban,medium,2310,14,0.935,A,True,active
CUST_01732,primary_healthcare,Shandong,Yantai,urban,medium,4036,16,0.941,B,True,active
CUST_01733,independent_pharmacy,Guangdong,Dongguan,urban,small,355,23,0.91,B,True,active
CUST_01734,independent_pharmacy,Hubei,Xiangyang,urban,medium,7692,15,0.967,A,True,active
CUST_01735,independent_pharmacy,Sichuan,Deyang,rural,medium,4126,11,0.947,B,True,active
CUST_01736,independent_pharmacy,Jiangsu,Nanjing,urban,medium,4289,11,0.956,A,True,active
CUST_01737,independent_pharmacy,Zhejiang,Wenzhou,urban,small,6132,11,0.95,A,True,active
CUST_01738,independent_pharmacy,Jiangsu,Nanjing,urban,medium,1715,13,0.936,A,True,active
CUST_01739,primary_healthcare,Sichuan,Deyang,urban,medium,4858,8,0.973,A,True,active
CUST_01740,chain_pharmacy,Henan,Zhengzhou,urban,small,1756,4,0.939,B,True,active
CUST_01741,independent_pharmacy,Jiangsu,Wuxi,urban,small,163,28,0.9,C,True,active
CUST_01742,chain_pharmacy,Zhejiang,Hangzhou,urban,medium,5403,7,0.915,B,True,active
CUST_01743,independent_pharmacy,Shandong,Yantai,urban,medium,5085,22,0.927,B,True,active
CUST_01744,clinic,Zhejiang,Wenzhou,urban,small,725,5,0.961,C,True,active
CUST_01745,independent_pharmacy,Guangdong,Guangzhou,urban,small,2466,21,0.907,C,True,active
CUST_01746,independent_pharmacy,Zhejiang,Wenzhou,urban,medium,165,23,0.915,B,True,active
CUST_01747,independent_pharmacy,Sichuan,Deyang,urban,medium,1067,22,0.925,B,True,active
CUST_01748,chain_pharmacy,Shandong,Yantai,urban,small,641,13,0.918,B,True,active
CUST_01749,independent_pharmacy,Shandong,Qingdao,urban,small,2018,21,0.968,B,True,active
CUST_01750,independent_pharmacy,Hubei,Yichang,urban,small,508,11,0.903,C,True,active
CUST_01751,independent_pharmacy,Zhejiang,Hangzhou,rural,medium,5798,21,0.923,C,True,active
CUST_01752,independent_pharmacy,Zhejiang,Hangzhou,urban,medium,7187,12,0.933,B,True,active
CUST_01753,independent_pharmacy,Sichuan,Deyang,urban,medium,30751,12,0.936,A,True,active
CUST_01754,independent_pharmacy,Henan,Kaifeng,urban,small,6351,9,0.986,A,True,active
CUST_01755,clinic,Jiangsu,Nanjing,urban,small,8549,7,0.988,C,True,active
CUST_01756,primary_healthcare,Hubei,Yichang,rural,small,1127,5,0.906,C,True,active
CUST_01757,independent_pharmacy,Shandong,Qingdao,urban,small,163,9,0.949,B,True,active
CUST_01758,chain_pharmacy,Shandong,Qingdao,urban,small,1846,8,0.905,B,True,active
CUST_01759,independent_pharmacy,Guangdong,Dongguan,urban,small,12432,20,0.906,C,True,active
CUST_01760,independent_pharmacy,Sichuan,Mianyang,urban,small,559,17,0.949,B,True,active
CUST_01761,chain_pharmacy,Guangdong,Dongguan,rural,medium,1645,18,0.923,B,True,active
CUST_01762,public_hospital,Shandong,Yantai,urban,small,6115,7,0.971,C,True,active
CUST_01763,primary_healthcare,Zhejiang,Ningbo,rural,medium,21479,5,0.97,C,True,active
CUST_01764,primary_healthcare,Hubei,Wuhan,urban,small,2445,9,0.933,B,True,active
CUST_01765,independent_pharmacy,Hubei,Xiangyang,rural,small,30759,10,0.933,D,True,active
CUST_01766,clinic,Zhejiang,Wenzhou,urban,medium,6604,10,0.977,B,True,active
CUST_01767,independent_pharmacy,Zhejiang,Hangzhou,urban,large,824,21,0.913,A,True,active
CUST_01768,primary_healthcare,Zhejiang,Hangzhou,urban,large,4817,8,0.937,B,True,inactive
CUST_01769,independent_pharmacy,Hubei,Xiangyang,urban,small,191,25,0.97,C,True,active
CUST_01770,primary_healthcare,Zhejiang,Ningbo,rural,small,3778,4,0.927,C,True,active
CUST_01771,public_hospital,Zhejiang,Ningbo,urban,large,35048,4,0.995,A,True,active
CUST_01772,independent_pharmacy,Henan,Kaifeng,urban,small,464,20,0.927,B,True,active
CUST_01773,chain_pharmacy,Henan,Zhengzhou,urban,medium,410,23,0.959,C,True,active
CUST_01774,clinic,Sichuan,Deyang,urban,small,8006,5,0.922,C,True,inactive
CUST_01775,chain_pharmacy,Jiangsu,Suzhou,urban,small,7064,12,0.967,A,True,active
CUST_01776,primary_healthcare,Sichuan,Deyang,urban,small,2348,17,0.962,C,True,active
CUST_01777,chain_pharmacy,Guangdong,Dongguan,urban,medium,494,8,0.951,A,True,active
CUST_01778,chain_pharmacy,Zhejiang,Ningbo,rural,large,609,9,0.901,C,True,active
CUST_01779,independent_pharmacy,Hubei,Xiangyang,urban,small,1011,15,0.914,A,True,active
CUST_01780,chain_pharmacy,Zhejiang,Wenzhou,urban,medium,425,23,0.957,C,True,active
CUST_01781,independent_pharmacy,Guangdong,Guangzhou,urban,small,566,27,0.908,B,True,active
CUST_01782,primary_healthcare,Zhejiang,Wenzhou,rural,medium,27638,16,0.955,C,True,active
CUST_01783,independent_pharmacy,Guangdong,Shenzhen,urban,small,206,25,0.91,C,True,active
CUST_01784,primary_healthcare,Hubei,Yichang,rural,medium,9476,7,0.983,B,True,active
CUST_01785,clinic,Henan,Zhengzhou,urban,small,10753,24,0.986,B,True,active
CUST_01786,primary_healthcare,Jiangsu,Wuxi,urban,medium,9594,8,0.99,C,True,inactive
CUST_01787,public_hospital,Henan,Luoyang,urban,medium,1399,16,0.962,C,True,active
CUST_01788,public_hospital,Zhejiang,Wenzhou,rural,small,1356,10,0.939,A,True,active
CUST_01789,independent_pharmacy,Henan,Zhengzhou,urban,medium,173,14,0.9,C,True,active
CUST_01790,independent_pharmacy,Zhejiang,Ningbo,urban,medium,8481,8,0.973,A,True,active
CUST_01791,primary_healthcare,Henan,Zhengzhou,urban,small,241,8,0.985,B,True,active
CUST_01792,chain_pharmacy,Hubei,Yichang,urban,small,1046,4,0.933,C,True,active
CUST_01793,primary_healthcare,Guangdong,Dongguan,rural,medium,8044,7,0.947,B,True,active
CUST_01794,independent_pharmacy,Hubei,Xiangyang,urban,medium,4565,23,0.949,D,True,active
CUST_01795,independent_pharmacy,Zhejiang,Hangzhou,urban,small,1155,14,0.936,B,True,active
CUST_01796,independent_pharmacy,Hubei,Xiangyang,urban,small,358,25,0.937,C,True,active
CUST_01797,independent_pharmacy,Hubei,Wuhan,urban,large,14116,5,0.916,A,True,active
CUST_01798,independent_pharmacy,Hubei,Wuhan,urban,small,264,16,0.901,D,True,active
CUST_01799,independent_pharmacy,Hubei,Yichang,urban,small,975,23,0.952,C,True,active
CUST_01800,independent_pharmacy,Zhejiang,Ningbo,urban,small,5923,9,0.91,D,True,active
CUST_01801,primary_healthcare,Guangdong,Dongguan,rural,large,10401,15,0.931,B,True,active
CUST_01802,public_hospital,Zhejiang,Hangzhou,rural,medium,9937,10,0.965,B,True,active
CUST_01803,independent_pharmacy,Shandong,Yantai,rural,small,5856,28,0.953,C,True,active
CUST_01804,independent_pharmacy,Shandong,Jinan,rural,medium,8552,17,0.9,B,True,active
CUST_01805,independent_pharmacy,Shandong,Yantai,urban,medium,687,29,0.91,B,True,active
CUST_01806,independent_pharmacy,Hubei,Yichang,urban,small,412,27,0.929,C,True,active
CUST_01807,independent_pharmacy,Shandong,Jinan,urban,small,260,26,0.908,B,True,active
CUST_01808,public_hospital,Shandong,Yantai,urban,small,6599,22,0.963,B,True,active
CUST_01809,independent_pharmacy,Zhejiang,Wenzhou,urban,small,504,5,0.952,B,True,active
CUST_01810,independent_pharmacy,Jiangsu,Nanjing,urban,medium,5458,9,0.9,B,True,inactive
CUST_01811,independent_pharmacy,Guangdong,Shenzhen,rural,large,866,8,0.99,A,True,active
CUST_01812,primary_healthcare,Sichuan,Deyang,urban,medium,6033,8,0.989,B,True,active
CUST_01813,independent_pharmacy,Sichuan,Deyang,urban,small,400,19,0.944,C,True,active
CUST_01814,independent_pharmacy,Zhejiang,Hangzhou,urban,small,163,28,0.907,C,True,active
CUST_01815,primary_healthcare,Henan,Zhengzhou,urban,medium,10740,5,0.934,A,True,active
CUST_01816,independent_pharmacy,Shandong,Qingdao,urban,medium,639,24,0.963,B,True,active
CUST_01817,clinic,Shandong,Jinan,urban,small,2073,8,0.909,B,True,active
CUST_01818,independent_pharmacy,Sichuan,Deyang,urban,medium,197,22,0.941,A,True,active
CUST_01819,independent_pharmacy,Zhejiang,Ningbo,rural,medium,7311,23,0.987,B,True,active
CUST_01820,independent_pharmacy,Zhejiang,Hangzhou,urban,small,196,22,0.911,C,True,active
CUST_01821,independent_pharmacy,Shandong,Qingdao,urban,medium,8960,28,0.968,C,True,active
CUST_01822,independent_pharmacy,Shandong,Yantai,rural,small,201,28,0.936,C,True,inactive
CUST_01823,independent_pharmacy,Guangdong,Guangzhou,urban,small,250,19,0.9,C,True,active
CUST_01824,independent_pharmacy,Guangdong,Dongguan,urban,small,184,19,0.908,C,True,active
CUST_01825,independent_pharmacy,Zhejiang,Ningbo,urban,medium,1412,19,0.938,B,True,active
CUST_01826,chain_pharmacy,Zhejiang,Ningbo,rural,small,2325,16,0.954,C,True,active
CUST_01827,independent_pharmacy,Sichuan,Deyang,urban,small,612,16,0.914,A,True,active
CUST_01828,primary_healthcare,Hubei,Wuhan,rural,medium,183,17,0.965,C,True,active
CUST_01829,clinic,Sichuan,Mianyang,urban,small,167,25,0.967,C,True,active
CUST_01830,independent_pharmacy,Zhejiang,Wenzhou,urban,medium,773,11,0.926,C,True,active
CUST_01831,primary_healthcare,Jiangsu,Nanjing,urban,medium,8312,4,0.941,A,True,active
CUST_01832,public_hospital,Hubei,Wuhan,urban,medium,9255,4,0.991,A,True,inactive
CUST_01833,independent_pharmacy,Jiangsu,Nanjing,rural,medium,2127,24,0.919,B,True,active
CUST_01834,primary_healthcare,Guangdong,Shenzhen,rural,small,2046,14,0.95,B,True,active
CUST_01835,primary_healthcare,Henan,Zhengzhou,urban,medium,8739,14,0.99,D,True,active
CUST_01836,primary_healthcare,Sichuan,Mianyang,urban,small,1056,11,0.97,C,True,active
CUST_01837,independent_pharmacy,Jiangsu,Nanjing,rural,medium,2766,15,0.953,B,True,active
CUST_01838,independent_pharmacy,Shandong,Yantai,urban,medium,165,25,0.931,C,True,active
CUST_01839,independent_pharmacy,Hubei,Xiangyang,rural,small,386,24,0.9,D,True,active
CUST_01840,primary_healthcare,Sichuan,Deyang,urban,small,1001,11,0.967,A,True,active
CUST_01841,independent_pharmacy,Sichuan,Deyang,urban,medium,917,24,0.931,B,True,active
CUST_01842,primary_healthcare,Shandong,Qingdao,urban,small,12522,6,0.979,B,True,active
CUST_01843,primary_healthcare,Hubei,Yichang,urban,medium,4493,10,0.963,B,True,active
CUST_01844,independent_pharmacy,Zhejiang,Wenzhou,urban,medium,10249,7,0.914,B,True,active
CUST_01845,independent_pharmacy,Jiangsu,Nanjing,urban,small,398,8,0.901,D,True,active
CUST_01846,primary_healthcare,Sichuan,Mianyang,urban,medium,16173,15,0.993,A,True,active
CUST_01847,public_hospital,Jiangsu,Wuxi,rural,large,9304,6,0.916,A,True,active
CUST_01848,primary_healthcare,Hubei,Xiangyang,urban,medium,25808,11,0.979,B,True,active
CUST_01849,independent_pharmacy,Henan,Kaifeng,rural,small,180,15,0.936,C,True,active
CUST_01850,independent_pharmacy,Hubei,Yichang,urban,medium,8211,9,0.993,B,True,active
CUST_01851,independent_pharmacy,Henan,Kaifeng,urban,small,164,19,0.908,B,True,active
CUST_01852,primary_healthcare,Guangdong,Shenzhen,urban,medium,22285,7,0.982,D,True,active
CUST_01853,public_hospital,Hubei,Wuhan,urban,medium,6347,4,0.952,C,True,inactive
CUST_01854,independent_pharmacy,Zhejiang,Wenzhou,rural,small,569,24,0.928,C,True,active
CUST_01855,independent_pharmacy,Jiangsu,Nanjing,rural,small,474,20,0.904,B,True,active
CUST_01856,chain_pharmacy,Sichuan,Deyang,urban,small,3062,9,0.932,C,True,active
CUST_01857,independent_pharmacy,Jiangsu,Wuxi,urban,small,203,28,0.904,C,True,active
CUST_01858,independent_pharmacy,Zhejiang,Ningbo,urban,small,1234,21,0.918,C,True,active
CUST_01859,independent_pharmacy,Shandong,Qingdao,urban,medium,1448,19,0.933,C,True,active
CUST_01860,independent_pharmacy,Zhejiang,Wenzhou,urban,small,2206,10,0.941,B,True,active
CUST_01861,independent_pharmacy,Sichuan,Deyang,urban,small,4079,9,0.921,B,True,active
CUST_01862,independent_pharmacy,Guangdong,Dongguan,urban,medium,2531,8,0.926,D,True,active
CUST_01863,independent_pharmacy,Shandong,Jinan,urban,medium,3104,12,0.977,B,True,active
CUST_01864,clinic,Shandong,Yantai,rural,small,4011,11,0.968,C,True,active
CUST_01865,clinic,Shandong,Qingdao,urban,small,902,16,0.961,B,True,active
CUST_01866,clinic,Hubei,Yichang,urban,medium,3327,14,0.909,D,True,active
CUST_01867,primary_healthcare,Zhejiang,Wenzhou,rural,small,1504,17,0.985,B,True,active
CUST_01868,independent_pharmacy,Jiangsu,Nanjing,urban,small,1520,26,0.946,C,True,active
CUST_01869,independent_pharmacy,Jiangsu,Nanjing,urban,small,265,18,0.929,B,True,inactive
CUST_01870,primary_healthcare,Guangdong,Guangzhou,rural,medium,4306,6,0.95,B,True,active
CUST_01871,public_hospital,Sichuan,Deyang,urban,medium,1935,5,0.979,C,True,active
CUST_01872,primary_healthcare,Jiangsu,Nanjing,urban,small,4260,19,0.993,C,True,active
CUST_01873,primary_healthcare,Jiangsu,Suzhou,urban,medium,588,6,0.903,B,True,active
CUST_01874,independent_pharmacy,Shandong,Qingdao,urban,small,11555,5,0.981,A,True,active
CUST_01875,independent_pharmacy,Hubei,Xiangyang,urban,small,234,6,0.902,B,True,active
CUST_01876,independent_pharmacy,Shandong,Qingdao,rural,small,981,14,0.944,D,True,active
CUST_01877,chain_pharmacy,Hubei,Xiangyang,urban,large,19246,19,0.918,B,True,active
CUST_01878,chain_pharmacy,Zhejiang,Wenzhou,rural,medium,6160,17,0.965,D,True,active
CUST_01879,primary_healthcare,Hubei,Xiangyang,urban,medium,3001,11,0.96,B,True,active
CUST_01880,independent_pharmacy,Hubei,Xiangyang,urban,medium,3702,23,0.96,C,True,active
CUST_01881,chain_pharmacy,Zhejiang,Ningbo,urban,small,584,5,0.947,C,True,active
CUST_01882,independent_pharmacy,Zhejiang,Ningbo,urban,small,1242,14,0.952,C,True,active
CUST_01883,public_hospital,Henan,Kaifeng,urban,medium,4081,16,0.985,D,True,active
CUST_01884,public_hospital,Shandong,Yantai,urban,medium,5903,7,0.984,A,True,inactive
CUST_01885,primary_healthcare,Hubei,Yichang,urban,small,2159,13,0.934,B,True,active
CUST_01886,independent_pharmacy,Zhejiang,Ningbo,rural,small,170,13,0.928,B,True,active
CUST_01887,public_hospital,Zhejiang,Ningbo,urban,small,548,10,0.911,B,True,active
CUST_01888,independent_pharmacy,Hubei,Xiangyang,rural,medium,3016,15,0.916,C,True,inactive
CUST_01889,public_hospital,Sichuan,Mianyang,urban,medium,3263,20,0.945,D,True,active
CUST_01890,primary_healthcare,Zhejiang,Ningbo,urban,small,9780,9,0.99,B,True,active
CUST_01891,chain_pharmacy,Jiangsu,Nanjing,urban,medium,7602,12,0.988,B,True,active
CUST_01892,independent_pharmacy,Zhejiang,Ningbo,urban,medium,8928,14,0.926,B,True,active
CUST_01893,primary_healthcare,Hubei,Yichang,rural,medium,8261,8,0.992,B,True,active
CUST_01894,primary_healthcare,Sichuan,Chengdu,urban,medium,263,11,0.96,C,True,active
CUST_01895,independent_pharmacy,Guangdong,Guangzhou,urban,medium,9282,22,0.967,A,True,active
CUST_01896,primary_healthcare,Shandong,Jinan,urban,medium,3705,6,0.974,C,True,active
CUST_01897,independent_pharmacy,Jiangsu,Suzhou,rural,medium,402,14,0.949,C,True,active
CUST_01898,independent_pharmacy,Hubei,Wuhan,urban,small,1991,25,0.906,D,True,inactive
CUST_01899,chain_pharmacy,Hubei,Wuhan,rural,small,1052,24,0.935,C,True,active
CUST_01900,primary_healthcare,Zhejiang,Hangzhou,rural,large,17334,11,0.988,C,True,active
CUST_01901,clinic,Henan,Zhengzhou,urban,medium,6747,7,0.967,B,True,active
CUST_01902,independent_pharmacy,Zhejiang,Ningbo,urban,small,207,28,0.925,C,True,active
CUST_01903,chain_pharmacy,Sichuan,Mianyang,urban,medium,12554,6,0.966,B,True,active
CUST_01904,public_hospital,Zhejiang,Ningbo,urban,medium,30933,4,0.95,B,True,active
CUST_01905,independent_pharmacy,Zhejiang,Hangzhou,urban,small,169,13,0.915,B,True,active
CUST_01906,primary_healthcare,Zhejiang,Ningbo,urban,small,1923,11,0.971,B,True,active
CUST_01907,chain_pharmacy,Shandong,Jinan,urban,small,184,15,0.944,C,True,active
CUST_01908,independent_pharmacy,Zhejiang,Ningbo,rural,medium,1468,20,0.922,C,True,active
CUST_01909,independent_pharmacy,Guangdong,Shenzhen,urban,medium,3521,24,0.987,C,True,active
CUST_01910,independent_pharmacy,Hubei,Wuhan,urban,small,422,28,0.952,D,True,active
CUST_01911,chain_pharmacy,Guangdong,Guangzhou,urban,medium,4874,14,0.966,A,True,active
CUST_01912,independent_pharmacy,Jiangsu,Suzhou,rural,medium,2730,7,0.934,B,True,active
CUST_01913,chain_pharmacy,Sichuan,Deyang,urban,medium,458,27,0.91,B,True,active
CUST_01914,chain_pharmacy,Sichuan,Mianyang,urban,medium,1829,20,0.93,B,True,active
CUST_01915,chain_pharmacy,Shandong,Yantai,urban,medium,3894,10,0.967,B,True,active
CUST_01916,primary_healthcare,Shandong,Qingdao,urban,medium,4199,10,0.962,D,True,active
CUST_01917,independent_pharmacy,Henan,Zhengzhou,urban,medium,3364,9,0.976,B,True,active
CUST_01918,public_hospital,Guangdong,Guangzhou,rural,medium,2653,15,0.927,A,True,active
CUST_01919,independent_pharmacy,Zhejiang,Hangzhou,urban,small,185,29,0.908,C,True,active
CUST_01920,independent_pharmacy,Jiangsu,Nanjing,urban,small,2576,9,0.98,A,True,active
CUST_01921,public_hospital,Shandong,Qingdao,rural,small,20803,4,0.973,A,True,active
CUST_01922,independent_pharmacy,Guangdong,Dongguan,rural,medium,179,19,0.951,C,True,active
CUST_01923,independent_pharmacy,Guangdong,Guangzhou,rural,medium,166,8,0.966,C,True,active
CUST_01924,independent_pharmacy,Hubei,Xiangyang,urban,small,907,26,0.961,C,True,active
CUST_01925,independent_pharmacy,Jiangsu,Wuxi,rural,small,360,6,0.951,B,True,active
CUST_01926,clinic,Zhejiang,Wenzhou,urban,medium,5220,7,0.993,B,True,active
CUST_01927,primary_healthcare,Hubei,Yichang,urban,medium,11878,5,0.963,A,True,active
CUST_01928,chain_pharmacy,Sichuan,Chengdu,urban,medium,169,10,0.97,A,True,active
CUST_01929,primary_healthcare,Jiangsu,Nanjing,urban,small,172,11,0.944,B,True,active
CUST_01930,public_hospital,Hubei,Xiangyang,rural,medium,10380,10,0.976,B,True,active
CUST_01931,independent_pharmacy,Zhejiang,Ningbo,urban,small,307,23,0.906,C,True,active
CUST_01932,independent_pharmacy,Zhejiang,Hangzhou,urban,small,1661,18,0.9,B,True,active
CUST_01933,independent_pharmacy,Shandong,Qingdao,urban,small,221,18,0.968,C,True,active
CUST_01934,independent_pharmacy,Sichuan,Deyang,urban,small,3559,8,0.941,B,True,active
CUST_01935,independent_pharmacy,Zhejiang,Ningbo,rural,small,2406,23,0.912,C,True,active
CUST_01936,chain_pharmacy,Jiangsu,Nanjing,urban,medium,218,9,0.909,C,True,active
CUST_01937,chain_pharmacy,Sichuan,Deyang,urban,small,476,21,0.972,B,True,active
CUST_01938,chain_pharmacy,Guangdong,Dongguan,urban,small,386,28,0.912,C,True,active
CUST_01939,independent_pharmacy,Sichuan,Mianyang,urban,medium,813,9,0.918,A,True,active
CUST_01940,primary_healthcare,Shandong,Qingdao,urban,medium,10684,9,0.99,B,True,active
CUST_01941,independent_pharmacy,Zhejiang,Ningbo,rural,medium,166,19,0.905,C,True,inactive
CUST_01942,chain_pharmacy,Hubei,Yichang,urban,medium,1824,4,0.917,B,True,active
CUST_01943,independent_pharmacy,Guangdong,Dongguan,urban,medium,1304,17,0.921,B,True,active
CUST_01944,independent_pharmacy,Sichuan,Mianyang,urban,small,720,26,0.934,B,True,active
CUST_01945,chain_pharmacy,Guangdong,Guangzhou,urban,medium,1479,18,0.954,B,True,active
CUST_01946,independent_pharmacy,Guangdong,Shenzhen,urban,small,168,22,0.908,B,True,active
CUST_01947,independent_pharmacy,Henan,Luoyang,urban,medium,933,22,0.963,B,True,active
CUST_01948,primary_healthcare,Hubei,Xiangyang,urban,small,701,28,0.924,A,True,active
CUST_01949,primary_healthcare,Guangdong,Guangzhou,urban,medium,1471,5,0.954,B,True,active
CUST_01950,independent_pharmacy,Sichuan,Mianyang,rural,small,15169,26,0.917,C,True,active
CUST_01951,independent_pharmacy,Zhejiang,Ningbo,rural,medium,16451,4,0.971,A,True,active
CUST_01952,independent_pharmacy,Hubei,Yichang,urban,medium,11761,10,0.917,B,True,active
CUST_01953,independent_pharmacy,Sichuan,Chengdu,rural,small,163,22,0.9,C,True,active
CUST_01954,primary_healthcare,Sichuan,Mianyang,rural,small,1444,7,0.961,B,True,active
CUST_01955,independent_pharmacy,Zhejiang,Hangzhou,urban,small,163,10,0.928,A,True,active
CUST_01956,chain_pharmacy,Sichuan,Deyang,urban,medium,181,6,0.91,A,True,active
CUST_01957,public_hospital,Henan,Zhengzhou,urban,medium,34512,6,0.953,B,True,active
CUST_01958,chain_pharmacy,Shandong,Qingdao,urban,medium,4602,14,0.954,B,True,active
CUST_01959,independent_pharmacy,Hubei,Wuhan,urban,medium,370,20,0.939,C,True,active
CUST_01960,chain_pharmacy,Henan,Kaifeng,urban,small,184,27,0.933,C,True,active
CUST_01961,chain_pharmacy,Zhejiang,Ningbo,rural,medium,2600,23,0.935,D,True,active
CUST_01962,chain_pharmacy,Jiangsu,Nanjing,urban,medium,6038,7,0.991,D,True,active
CUST_01963,chain_pharmacy,Zhejiang,Ningbo,urban,medium,2408,17,0.986,B,True,active
CUST_01964,primary_healthcare,Zhejiang,Hangzhou,rural,medium,8208,10,0.962,C,True,active
CUST_01965,primary_healthcare,Hubei,Yichang,urban,medium,4220,10,0.931,B,True,active
CUST_01966,independent_pharmacy,Shandong,Yantai,urban,medium,5234,19,0.928,B,True,active
CUST_01967,independent_pharmacy,Hubei,Xiangyang,urban,medium,369,25,0.91,C,True,active
CUST_01968,independent_pharmacy,Jiangsu,Nanjing,urban,small,5065,11,0.982,A,True,active
CUST_01969,chain_pharmacy,Shandong,Qingdao,urban,small,519,25,0.913,A,True,active
CUST_01970,independent_pharmacy,Hubei,Yichang,urban,medium,168,27,0.901,B,True,active
CUST_01971,primary_healthcare,Hubei,Yichang,urban,medium,4335,27,0.947,B,True,active
CUST_01972,primary_healthcare,Sichuan,Deyang,urban,small,2980,8,0.989,D,True,active
CUST_01973,clinic,Hubei,Yichang,urban,small,8531,8,0.992,B,True,active
CUST_01974,independent_pharmacy,Zhejiang,Wenzhou,rural,medium,10435,21,0.921,C,True,active
CUST_01975,chain_pharmacy,Hubei,Yichang,urban,large,1179,18,0.928,D,True,active
CUST_01976,independent_pharmacy,Shandong,Yantai,urban,small,215,15,0.953,D,True,active
CUST_01977,primary_healthcare,Sichuan,Chengdu,rural,small,1148,8,0.953,D,True,active
CUST_01978,independent_pharmacy,Zhejiang,Hangzhou,urban,small,3777,4,0.988,B,True,inactive
CUST_01979,chain_pharmacy,Zhejiang,Wenzhou,urban,medium,3139,17,0.921,A,True,active
CUST_01980,public_hospital,Guangdong,Dongguan,rural,medium,18328,5,0.97,A,True,active
CUST_01981,clinic,Zhejiang,Hangzhou,rural,small,653,20,0.93,C,True,active
CUST_01982,independent_pharmacy,Zhejiang,Hangzhou,urban,medium,290,22,0.984,B,True,active
CUST_01983,chain_pharmacy,Sichuan,Deyang,urban,small,2454,20,0.954,B,True,active
CUST_01984,independent_pharmacy,Guangdong,Shenzhen,urban,small,163,29,0.901,C,True,active
CUST_01985,independent_pharmacy,Guangdong,Guangzhou,urban,medium,3893,10,0.976,B,True,active
CUST_01986,primary_healthcare,Sichuan,Deyang,urban,small,225,14,0.98,D,True,active
CUST_01987,chain_pharmacy,Sichuan,Deyang,urban,small,2112,11,0.959,B,True,active
CUST_01988,chain_pharmacy,Henan,Kaifeng,rural,medium,2646,18,0.97,C,True,active
CUST_01989,independent_pharmacy,Shandong,Jinan,urban,medium,2683,25,0.901,C,True,active
CUST_01990,public_hospital,Jiangsu,Wuxi,urban,large,42887,6,0.994,A,True,active
CUST_01991,primary_healthcare,Sichuan,Deyang,urban,medium,534,10,0.908,A,True,active
CUST_01992,primary_healthcare,Guangdong,Dongguan,rural,medium,518,5,0.989,A,True,active
CUST_01993,independent_pharmacy,Hubei,Xiangyang,urban,medium,3322,12,0.919,B,True,active
CUST_01994,independent_pharmacy,Zhejiang,Ningbo,rural,medium,1134,10,0.904,C,True,active
CUST_01995,independent_pharmacy,Zhejiang,Wenzhou,rural,small,7486,10,0.917,B,True,active
CUST_01996,chain_pharmacy,Shandong,Qingdao,urban,small,4732,16,0.991,C,True,active
CUST_01997,chain_pharmacy,Henan,Kaifeng,urban,medium,16922,4,0.987,B,True,active
CUST_01998,clinic,Jiangsu,Suzhou,rural,medium,11302,13,0.951,A,True,active
CUST_01999,chain_pharmacy,Guangdong,Dongguan,urban,small,1108,5,0.959,A,True,active
CUST_02000,primary_healthcare,Hubei,Xiangyang,urban,medium,8704,11,0.921,D,True,active
