sku_id,category,storage_temperature,shelf_life_days,unit_price_rmb,abc_class,near_expiry_managed,batch_tracking_required,hazardous_or_controlled_flag,unit_volume_liters,unit_weight_kg,manufacturer_id
SKU_00001,Western_Medicine,ambient,579,41.72,C,False,True,False,1.639,0.496,MFG_062
SKU_00002,TCM,cool,730,2.6,C,True,False,False,0.399,1.359,MFG_087
SKU_00003,Medical_Devices,cool,730,6.25,B,True,False,False,1.658,1.133,MFG_094
SKU_00004,Health_Supplements,ambient,523,47.02,A,False,True,False,0.072,1.119,MFG_082
SKU_00005,Medical_Devices,ambient,772,24.71,C,True,True,False,0.761,0.977,MFG_097
SKU_00006,TCM,cool,730,38.34,C,True,True,False,1.159,0.054,MFG_092
SKU_00007,TCM,frozen,193,3.62,C,True,True,False,1.264,0.075,MFG_063
SKU_00008,TCM,ambient,365,8.76,C,False,True,False,1.764,0.803,MFG_020
SKU_00009,Medical_Devices,ambient,744,3.02,C,False,True,False,0.603,0.284,MFG_051
SKU_00010,Medical_Devices,cool,730,81.53,C,False,False,False,0.223,0.071,MFG_061
SKU_00011,Western_Medicine,cool,730,1.39,C,True,False,False,1.808,0.445,MFG_069
SKU_00012,Health_Supplements,ambient,365,9.29,C,False,False,False,0.461,0.012,MFG_021
SKU_00013,TCM,ambient,1029,2.23,C,True,False,False,0.64,0.638,MFG_060
SKU_00014,TCM,cold,361,91.44,B,False,True,False,1.041,0.964,MFG_070
SKU_00015,TCM,cool,628,13.34,B,False,False,False,1.681,0.706,MFG_054
SKU_00016,TCM,cool,525,2.57,B,False,True,False,0.945,1.386,MFG_037
SKU_00017,Western_Medicine,ambient,705,4.94,A,False,False,False,0.757,1.347,MFG_095
SKU_00018,Western_Medicine,ambient,487,3.17,B,False,True,True,1.299,1.402,MFG_022
SKU_00019,Medical_Devices,ambient,1019,1.45,C,True,False,False,0.773,1.445,MFG_003
SKU_00020,Western_Medicine,cool,618,119.43,C,True,False,False,1.229,0.045,MFG_021
SKU_00021,Western_Medicine,cool,292,14.62,C,True,False,False,0.83,0.559,MFG_098
SKU_00022,Western_Medicine,ambient,801,19.9,A,False,True,True,0.209,1.064,MFG_016
SKU_00023,Medical_Devices,cool,730,1.96,A,True,True,False,1.099,0.592,MFG_046
SKU_00024,TCM,ambient,640,75.11,C,False,True,False,0.229,0.244,MFG_030
SKU_00025,Western_Medicine,ambient,365,89.67,A,True,True,False,0.739,1.15,MFG_082
SKU_00026,Medical_Devices,ambient,575,2.12,B,False,False,False,0.976,1.06,MFG_095
SKU_00027,Western_Medicine,ambient,621,4.96,C,True,False,False,0.231,1.445,MFG_047
SKU_00028,Western_Medicine,ambient,503,39.86,B,False,False,False,1.783,0.72,MFG_062
SKU_00029,Medical_Devices,cold,365,45.65,C,True,True,False,0.648,0.939,MFG_087
SKU_00030,Western_Medicine,ambient,863,99.39,B,False,False,False,1.153,1.455,MFG_093
SKU_00031,Medical_Devices,cool,562,26.01,A,False,True,False,0.955,0.102,MFG_050
SKU_00032,Medical_Devices,frozen,255,4.31,C,False,True,False,1.532,0.342,MFG_022
SKU_00033,TCM,cool,431,12.28,B,True,False,False,1.462,0.122,MFG_084
SKU_00034,Western_Medicine,ambient,421,15.78,B,True,True,False,1.085,1.076,MFG_013
SKU_00035,TCM,cold,157,124.03,C,False,True,True,1.39,0.959,MFG_063
SKU_00036,TCM,ambient,458,30.21,C,True,True,False,1.388,0.991,MFG_026
SKU_00037,Western_Medicine,cold,365,33.22,B,True,True,False,1.523,0.183,MFG_038
SKU_00038,Medical_Devices,cool,636,15.69,C,False,True,True,0.394,0.43,MFG_060
SKU_00039,TCM,cold,365,4.22,B,False,True,False,0.897,1.335,MFG_043
SKU_00040,Medical_Devices,cold,137,220.85,C,False,True,False,1.937,1.352,MFG_047
SKU_00041,TCM,cool,546,32.83,C,False,False,False,0.249,1.208,MFG_009
SKU_00042,Medical_Devices,cool,509,46.23,B,True,True,False,1.544,0.678,MFG_021
SKU_00043,Western_Medicine,cool,730,13.05,B,True,False,False,1.968,1.457,MFG_003
SKU_00044,TCM,cool,682,20.83,C,False,True,False,0.669,0.153,MFG_005
SKU_00045,TCM,cold,365,38.16,C,True,True,False,1.302,1.152,MFG_005
SKU_00046,Western_Medicine,ambient,365,102.52,C,False,True,False,0.628,1.287,MFG_036
SKU_00047,Health_Supplements,cold,325,28.92,C,False,True,False,0.679,0.248,MFG_093
SKU_00048,TCM,ambient,444,6.17,C,False,True,False,0.462,0.173,MFG_002
SKU_00049,Medical_Devices,ambient,412,4.23,C,False,False,False,0.136,1.453,MFG_027
SKU_00050,Medical_Devices,ambient,402,8.48,C,True,True,False,0.242,1.095,MFG_003
SKU_00051,Western_Medicine,ambient,382,12.46,C,True,False,False,1.471,0.775,MFG_060
SKU_00052,TCM,ambient,991,12.9,C,False,True,False,0.231,1.014,MFG_028
SKU_00053,TCM,cold,228,94.81,C,False,True,False,1.748,0.12,MFG_055
SKU_00054,Western_Medicine,cold,365,48.12,A,False,True,False,0.582,0.224,MFG_093
SKU_00055,Western_Medicine,ambient,491,5.71,C,True,True,True,0.68,0.366,MFG_096
SKU_00056,Western_Medicine,ambient,445,58.05,C,False,False,False,1.868,0.302,MFG_063
SKU_00057,TCM,ambient,896,5.16,C,False,False,False,0.559,0.63,MFG_081
SKU_00058,Health_Supplements,cool,299,4.56,C,False,True,True,1.09,0.428,MFG_046
SKU_00059,Medical_Devices,cool,704,77.78,C,True,True,False,1.148,0.271,MFG_012
SKU_00060,TCM,cool,730,4.49,A,False,False,False,1.415,0.778,MFG_032
SKU_00061,TCM,ambient,887,2.3,B,False,False,False,1.186,1.421,MFG_071
SKU_00062,Medical_Devices,ambient,721,10.93,C,False,True,False,0.635,0.354,MFG_041
SKU_00063,Medical_Devices,ambient,494,16.46,A,False,False,False,1.472,0.74,MFG_062
SKU_00064,TCM,cool,730,220.85,C,False,False,False,1.718,0.057,MFG_072
SKU_00065,Medical_Devices,cold,124,33.02,B,False,True,False,1.268,0.87,MFG_066
SKU_00066,Western_Medicine,ambient,531,185.08,C,False,True,False,1.637,0.542,MFG_021
SKU_00067,Western_Medicine,ambient,736,94.8,A,False,False,False,1.68,0.815,MFG_063
SKU_00068,Medical_Devices,cold,365,1.38,C,False,True,False,0.074,0.266,MFG_062
SKU_00069,TCM,cold,331,75.33,C,False,True,True,1.544,1.192,MFG_029
SKU_00070,Health_Supplements,cool,730,35.2,A,True,False,False,1.589,0.811,MFG_062
SKU_00071,Western_Medicine,ambient,1014,65.2,C,True,False,False,1.538,0.905,MFG_093
SKU_00072,Medical_Devices,cool,730,4.65,B,True,False,True,1.026,0.899,MFG_080
SKU_00073,Medical_Devices,ambient,365,45.54,C,False,True,False,1.305,0.275,MFG_098
SKU_00074,Medical_Devices,cool,730,8.26,C,True,False,False,1.451,1.074,MFG_061
SKU_00075,Western_Medicine,ambient,365,4.8,C,True,True,False,1.822,1.385,MFG_044
SKU_00076,Western_Medicine,ambient,801,6.95,C,True,False,False,1.145,0.686,MFG_045
SKU_00077,Medical_Devices,cool,415,1.56,A,False,True,False,0.365,0.608,MFG_065
SKU_00078,Medical_Devices,ambient,874,79.69,A,True,True,False,1.369,0.019,MFG_021
SKU_00079,Western_Medicine,cool,577,67.86,A,True,False,False,0.349,1.046,MFG_062
SKU_00080,TCM,ambient,867,4.2,A,True,True,False,1.307,1.178,MFG_042
SKU_00081,Western_Medicine,ambient,551,21.58,C,True,True,False,0.607,1.317,MFG_015
SKU_00082,Western_Medicine,cold,365,75.18,C,False,True,True,0.936,1.158,MFG_038
SKU_00083,Western_Medicine,ambient,365,7.48,B,False,True,False,0.368,0.808,MFG_035
SKU_00084,Western_Medicine,ambient,365,4.42,C,True,False,False,0.328,1.285,MFG_001
SKU_00085,Medical_Devices,cold,365,9.24,C,False,True,False,1.645,0.072,MFG_061
SKU_00086,Medical_Devices,cool,730,16.09,A,True,True,False,0.456,0.29,MFG_083
SKU_00087,TCM,cool,730,19.92,C,False,False,False,1.192,0.021,MFG_067
SKU_00088,TCM,cool,730,22.05,B,True,False,False,0.94,0.372,MFG_063
SKU_00089,Medical_Devices,cool,455,29.95,C,False,False,False,0.708,1.178,MFG_029
SKU_00090,Medical_Devices,cold,148,128.91,C,False,True,False,0.995,0.018,MFG_022
SKU_00091,TCM,ambient,945,15.32,C,True,True,False,0.989,0.225,MFG_067
SKU_00092,TCM,cold,365,22.25,C,True,True,False,0.937,1.156,MFG_093
SKU_00093,Medical_Devices,cool,730,40.25,C,True,False,True,0.713,1.187,MFG_041
SKU_00094,Western_Medicine,ambient,814,6.98,C,True,True,False,0.502,0.123,MFG_082
SKU_00095,TCM,ambient,840,13.55,C,False,False,False,0.499,1.26,MFG_006
SKU_00096,Western_Medicine,cold,365,83.59,C,True,True,False,1.222,1.303,MFG_093
SKU_00097,Western_Medicine,ambient,822,3.46,C,False,False,False,0.095,1.318,MFG_093
SKU_00098,Western_Medicine,ambient,946,41.85,C,True,False,False,0.722,1.081,MFG_063
SKU_00099,TCM,cool,528,4.11,B,False,True,False,1.883,1.407,MFG_009
SKU_00100,Medical_Devices,ambient,958,68.15,C,True,True,False,1.908,0.02,MFG_082
SKU_00101,Medical_Devices,cool,730,7.63,B,True,False,False,1.079,1.411,MFG_020
SKU_00102,Medical_Devices,ambient,898,12.71,C,True,False,False,1.471,1.469,MFG_053
SKU_00103,Western_Medicine,ambient,365,4.47,B,False,False,False,0.097,1.12,MFG_001
SKU_00104,TCM,ambient,780,47.18,C,False,True,False,0.494,1.008,MFG_055
SKU_00105,TCM,ambient,365,62.18,C,True,True,False,0.964,0.035,MFG_007
SKU_00106,Western_Medicine,cold,281,73.27,C,False,True,False,1.766,0.022,MFG_037
SKU_00107,Western_Medicine,ambient,365,35.55,C,False,False,False,0.605,0.537,MFG_055
SKU_00108,Medical_Devices,ambient,1036,8.28,C,False,True,False,0.553,0.289,MFG_043
SKU_00109,Western_Medicine,ambient,390,64.35,C,False,False,False,1.69,1.379,MFG_098
SKU_00110,Western_Medicine,cold,222,86.82,A,False,True,False,0.816,0.944,MFG_013
SKU_00111,Medical_Devices,cool,373,5.89,C,False,False,False,1.555,0.705,MFG_044
SKU_00112,Medical_Devices,cool,730,35.9,C,False,False,False,1.165,0.891,MFG_097
SKU_00113,Medical_Devices,ambient,365,7.67,C,True,False,False,1.005,1.213,MFG_029
SKU_00114,Medical_Devices,ambient,872,65.74,C,True,True,False,1.6,0.96,MFG_076
SKU_00115,TCM,ambient,665,27.97,C,False,False,False,1.257,1.237,MFG_055
SKU_00116,Medical_Devices,ambient,950,46.34,C,False,True,False,1.651,0.455,MFG_007
SKU_00117,TCM,cool,562,47.92,C,True,False,False,1.791,1.152,MFG_032
SKU_00118,Medical_Devices,ambient,365,103.86,B,True,False,False,0.9,0.757,MFG_035
SKU_00119,Medical_Devices,cool,481,49.1,C,True,False,False,0.683,0.886,MFG_033
SKU_00120,Medical_Devices,ambient,465,10.72,C,True,True,False,1.123,0.706,MFG_062
SKU_00121,Western_Medicine,cool,429,39.35,C,False,True,False,1.287,0.054,MFG_055
SKU_00122,TCM,ambient,1022,6.51,B,False,True,False,0.892,0.826,MFG_008
SKU_00123,Medical_Devices,cold,365,86.17,C,False,True,False,1.254,0.297,MFG_001
SKU_00124,Western_Medicine,ambient,738,16.3,C,False,True,False,0.404,0.163,MFG_063
SKU_00125,TCM,ambient,365,1.6,C,True,True,False,1.107,0.124,MFG_050
SKU_00126,TCM,ambient,854,3.18,B,False,False,True,1.553,1.425,MFG_093
SKU_00127,Health_Supplements,cold,210,31.81,B,True,True,False,1.749,0.1,MFG_072
SKU_00128,Health_Supplements,cool,730,106.45,A,False,False,False,1.627,0.54,MFG_029
SKU_00129,Medical_Devices,ambient,365,35.59,A,True,False,False,0.449,1.314,MFG_027
SKU_00130,Health_Supplements,cool,730,2.82,B,False,False,False,1.515,0.529,MFG_083
SKU_00131,TCM,cool,668,9.11,B,True,False,False,0.369,1.394,MFG_093
SKU_00132,TCM,ambient,365,19.79,A,False,True,False,1.211,0.269,MFG_017
SKU_00133,Western_Medicine,cool,669,45.75,C,False,True,False,0.189,1.146,MFG_042
SKU_00134,Western_Medicine,cold,365,117.75,C,False,True,False,0.849,0.034,MFG_061
SKU_00135,TCM,ambient,365,2.83,C,False,False,False,0.862,0.423,MFG_092
SKU_00136,Western_Medicine,cold,272,59.19,B,False,True,False,0.148,0.733,MFG_007
SKU_00137,Western_Medicine,cold,365,173.07,C,False,True,False,1.804,0.021,MFG_009
SKU_00138,Western_Medicine,cool,679,4.5,C,False,False,False,0.376,1.235,MFG_093
SKU_00139,TCM,cool,730,27.15,C,False,False,False,1.502,0.441,MFG_003
SKU_00140,Medical_Devices,cool,281,9.19,B,True,False,False,1.099,0.551,MFG_027
SKU_00141,Medical_Devices,ambient,365,57.5,C,False,False,False,1.722,0.149,MFG_089
SKU_00142,Health_Supplements,cool,474,103.12,C,True,True,False,1.496,1.413,MFG_047
SKU_00143,Western_Medicine,ambient,365,23.69,C,False,True,False,0.546,0.765,MFG_001
SKU_00144,Western_Medicine,cool,721,42.45,C,False,True,True,1.521,1.248,MFG_087
SKU_00145,Health_Supplements,cool,478,97.48,C,False,False,False,0.395,0.113,MFG_082
SKU_00146,Health_Supplements,cold,365,13.22,B,True,True,False,1.635,1.426,MFG_095
SKU_00147,Health_Supplements,ambient,1002,56.26,C,False,False,False,0.723,0.743,MFG_093
SKU_00148,Medical_Devices,ambient,908,9.6,B,False,False,False,1.208,0.646,MFG_058
SKU_00149,Western_Medicine,cold,145,7.15,A,False,True,False,0.944,0.258,MFG_090
SKU_00150,Medical_Devices,ambient,442,10.99,C,True,False,False,1.903,0.804,MFG_035
SKU_00151,Western_Medicine,cool,553,32.72,B,True,False,False,0.256,0.497,MFG_098
SKU_00152,TCM,ambient,600,1.34,B,True,False,True,0.35,1.473,MFG_069
SKU_00153,Medical_Devices,ambient,371,51.5,C,False,False,False,1.535,0.721,MFG_072
SKU_00154,Western_Medicine,cold,147,38.93,C,True,True,False,1.719,0.338,MFG_043
SKU_00155,Medical_Devices,ambient,454,114.73,C,True,True,False,0.638,0.121,MFG_037
SKU_00156,Western_Medicine,ambient,886,4.02,C,True,True,False,1.048,0.773,MFG_063
SKU_00157,Western_Medicine,ambient,365,18.32,C,False,True,False,1.172,0.573,MFG_075
SKU_00158,Western_Medicine,ambient,636,86.21,B,True,True,False,1.93,0.062,MFG_023
SKU_00159,TCM,ambient,365,21.69,A,False,False,False,0.932,0.171,MFG_032
SKU_00160,TCM,ambient,698,9.04,B,False,True,False,1.771,1.26,MFG_024
SKU_00161,Health_Supplements,cool,592,13.18,C,False,False,False,1.025,0.961,MFG_001
SKU_00162,TCM,cool,730,9.71,B,True,True,False,0.992,1.021,MFG_010
SKU_00163,Medical_Devices,ambient,562,28.1,C,True,True,False,0.559,0.68,MFG_072
SKU_00164,TCM,cold,365,132.75,A,True,True,False,1.977,1.115,MFG_025
SKU_00165,Western_Medicine,ambient,431,2.91,C,True,True,False,0.548,1.381,MFG_024
SKU_00166,Medical_Devices,ambient,558,46.17,A,False,True,False,0.332,1.343,MFG_072
SKU_00167,Health_Supplements,cool,189,105.69,B,False,False,False,0.684,0.238,MFG_069
SKU_00168,Western_Medicine,ambient,365,32.43,C,True,True,True,0.348,0.562,MFG_049
SKU_00169,Medical_Devices,cool,372,2.34,C,False,False,False,0.521,1.47,MFG_030
SKU_00170,Western_Medicine,ambient,365,29.44,A,False,True,False,0.567,0.709,MFG_082
SKU_00171,Health_Supplements,frozen,710,14.51,B,True,True,False,0.551,0.251,MFG_046
SKU_00172,TCM,ambient,798,47.85,C,False,False,True,0.279,1.262,MFG_010
SKU_00173,Western_Medicine,ambient,712,10.36,A,False,False,False,0.915,0.223,MFG_095
SKU_00174,Medical_Devices,ambient,860,67.1,C,False,True,False,0.895,0.578,MFG_006
SKU_00175,Western_Medicine,cool,351,75.63,C,False,True,False,0.482,0.858,MFG_067
SKU_00176,TCM,ambient,365,75.87,B,True,True,False,0.715,0.274,MFG_024
SKU_00177,Medical_Devices,ambient,714,18.0,C,False,True,False,1.03,0.546,MFG_054
SKU_00178,Medical_Devices,ambient,657,20.68,B,True,True,False,0.459,0.291,MFG_021
SKU_00179,Western_Medicine,ambient,365,193.24,C,False,True,False,1.238,0.387,MFG_020
SKU_00180,Western_Medicine,ambient,365,62.4,C,True,True,False,0.799,0.382,MFG_069
SKU_00181,Western_Medicine,cool,371,40.02,C,False,False,True,0.243,0.266,MFG_015
SKU_00182,Western_Medicine,cold,252,100.21,C,True,True,False,1.156,1.162,MFG_035
SKU_00183,TCM,cold,365,56.67,B,True,True,False,1.385,1.018,MFG_063
SKU_00184,TCM,cool,619,33.05,C,True,False,False,1.106,1.415,MFG_050
SKU_00185,Health_Supplements,ambient,365,11.95,C,True,False,False,1.976,0.374,MFG_046
SKU_00186,Western_Medicine,ambient,773,76.01,B,False,False,False,0.753,1.334,MFG_054
SKU_00187,Medical_Devices,cool,519,7.99,C,False,False,False,0.286,0.555,MFG_029
SKU_00188,TCM,ambient,365,4.23,B,True,True,False,0.882,0.957,MFG_032
SKU_00189,Medical_Devices,frozen,730,15.05,C,True,True,False,1.893,0.67,MFG_003
SKU_00190,Western_Medicine,ambient,617,37.2,C,False,True,False,1.04,0.047,MFG_063
SKU_00191,Medical_Devices,ambient,932,123.75,B,False,False,False,1.509,0.124,MFG_051
SKU_00192,TCM,frozen,242,1.6,C,False,True,False,0.058,1.012,MFG_029
SKU_00193,TCM,cold,334,57.58,C,False,True,False,1.442,0.853,MFG_026
SKU_00194,TCM,ambient,365,39.73,C,True,False,False,1.863,1.225,MFG_043
SKU_00195,TCM,ambient,822,94.96,A,True,False,False,1.605,0.096,MFG_001
SKU_00196,Medical_Devices,cold,202,35.38,C,False,True,False,0.565,1.211,MFG_009
SKU_00197,Western_Medicine,frozen,730,42.96,B,False,True,False,1.528,0.498,MFG_033
SKU_00198,Medical_Devices,ambient,428,9.31,C,True,False,False,1.64,1.054,MFG_082
SKU_00199,TCM,cold,365,30.11,C,False,True,False,1.621,1.054,MFG_033
SKU_00200,TCM,ambient,603,26.49,C,False,True,False,1.126,0.305,MFG_097
SKU_00201,Western_Medicine,frozen,729,40.67,C,False,True,False,1.931,0.513,MFG_063
SKU_00202,Health_Supplements,cold,142,1.52,C,False,True,False,0.082,0.355,MFG_026
SKU_00203,Medical_Devices,ambient,623,60.35,A,True,True,False,1.946,0.518,MFG_093
SKU_00204,Western_Medicine,cold,360,10.2,C,True,True,False,0.96,0.358,MFG_051
SKU_00205,TCM,ambient,391,60.88,B,False,False,False,0.294,1.001,MFG_022
SKU_00206,TCM,cool,539,49.83,C,False,True,False,0.629,0.465,MFG_092
SKU_00207,Western_Medicine,cool,371,32.19,A,True,True,False,0.299,0.968,MFG_032
SKU_00208,Western_Medicine,cool,730,10.3,C,False,False,False,0.907,0.399,MFG_093
SKU_00209,Western_Medicine,cold,223,3.62,C,True,True,False,1.293,1.119,MFG_095
SKU_00210,Western_Medicine,cool,730,23.71,C,False,False,False,0.204,0.919,MFG_021
SKU_00211,TCM,cool,730,27.99,C,True,True,False,0.956,1.277,MFG_049
SKU_00212,TCM,cool,611,5.56,C,False,True,False,1.501,0.687,MFG_047
SKU_00213,TCM,ambient,865,177.77,A,False,True,False,1.7,0.334,MFG_087
SKU_00214,Western_Medicine,ambient,824,8.63,C,True,False,False,0.621,1.373,MFG_054
SKU_00215,TCM,ambient,532,69.84,C,True,True,False,0.994,1.465,MFG_050
SKU_00216,TCM,frozen,674,104.84,C,False,True,False,1.401,0.697,MFG_001
SKU_00217,Western_Medicine,ambient,789,42.21,C,True,True,False,1.272,0.74,MFG_062
SKU_00218,Medical_Devices,ambient,778,4.13,C,True,False,True,0.233,0.793,MFG_023
SKU_00219,TCM,cool,642,6.38,C,False,True,False,0.169,0.153,MFG_051
SKU_00220,TCM,cool,243,1.99,C,False,True,False,0.218,0.515,MFG_016
SKU_00221,Western_Medicine,ambient,365,28.35,A,True,True,False,1.332,1.221,MFG_053
SKU_00222,TCM,cool,269,13.5,B,False,True,False,0.966,0.903,MFG_013
SKU_00223,TCM,ambient,1053,30.25,B,False,False,False,1.706,1.165,MFG_009
SKU_00224,TCM,cool,416,33.72,C,False,True,False,1.636,0.928,MFG_002
SKU_00225,TCM,ambient,367,87.68,C,False,True,False,1.414,1.26,MFG_033
SKU_00226,Western_Medicine,cool,730,164.59,C,False,False,False,0.984,0.646,MFG_061
SKU_00227,Health_Supplements,cool,730,50.81,C,True,True,False,1.479,0.336,MFG_030
SKU_00228,Western_Medicine,cold,301,47.62,C,False,True,False,0.3,0.198,MFG_087
SKU_00229,TCM,cold,365,5.66,B,False,True,False,0.706,1.095,MFG_076
SKU_00230,Western_Medicine,ambient,738,9.75,B,False,False,False,0.585,0.587,MFG_002
SKU_00231,Western_Medicine,cold,365,5.5,A,False,True,False,1.082,0.842,MFG_062
SKU_00232,Medical_Devices,ambient,627,27.95,C,True,True,False,0.635,1.036,MFG_030
SKU_00233,Western_Medicine,ambient,589,18.61,C,True,True,False,1.314,1.039,MFG_060
SKU_00234,Health_Supplements,ambient,365,11.62,C,False,True,False,0.306,0.338,MFG_032
SKU_00235,TCM,ambient,365,44.09,B,True,True,False,1.872,1.234,MFG_046
SKU_00236,Western_Medicine,ambient,474,8.62,C,True,True,False,0.427,0.676,MFG_075
SKU_00237,Western_Medicine,cold,365,6.4,B,True,True,False,1.371,0.149,MFG_003
SKU_00238,Medical_Devices,cool,603,42.95,C,False,False,False,1.516,0.806,MFG_027
SKU_00239,TCM,ambient,365,70.75,A,True,True,False,0.594,0.975,MFG_097
SKU_00240,Western_Medicine,cool,286,47.9,C,False,True,False,1.827,0.012,MFG_083
SKU_00241,TCM,ambient,908,24.37,B,False,False,False,1.96,0.292,MFG_009
SKU_00242,Medical_Devices,ambient,365,76.6,C,False,False,False,1.786,1.005,MFG_021
SKU_00243,TCM,cool,730,4.48,C,False,False,False,1.547,0.546,MFG_009
SKU_00244,TCM,cool,580,41.11,A,False,False,False,0.812,0.227,MFG_062
SKU_00245,Western_Medicine,cool,513,88.86,C,False,False,False,1.015,0.38,MFG_065
SKU_00246,TCM,ambient,478,47.43,C,True,True,False,1.014,0.363,MFG_005
SKU_00247,Western_Medicine,ambient,782,53.21,A,True,True,False,1.475,0.315,MFG_062
SKU_00248,TCM,ambient,824,3.05,B,True,False,False,1.407,0.166,MFG_053
SKU_00249,Medical_Devices,cold,334,7.97,C,False,True,False,0.335,0.069,MFG_001
SKU_00250,Medical_Devices,ambient,931,40.36,C,False,False,False,1.6,1.23,MFG_024
SKU_00251,Medical_Devices,cold,365,73.28,A,False,True,False,0.934,1.115,MFG_093
SKU_00252,Western_Medicine,cold,365,30.79,C,True,True,False,0.79,0.39,MFG_063
SKU_00253,Western_Medicine,cool,730,18.19,C,False,True,False,1.393,0.371,MFG_002
SKU_00254,Western_Medicine,ambient,365,138.6,C,False,False,False,1.064,0.62,MFG_087
SKU_00255,Medical_Devices,ambient,382,23.31,C,True,True,False,0.903,1.315,MFG_033
SKU_00256,TCM,cold,365,1.8,B,True,True,False,1.042,0.639,MFG_003
SKU_00257,Western_Medicine,ambient,545,9.15,A,False,False,False,0.969,0.23,MFG_006
SKU_00258,Medical_Devices,ambient,497,176.9,C,True,True,False,1.138,1.05,MFG_001
SKU_00259,Medical_Devices,ambient,718,8.03,C,False,False,False,0.626,1.326,MFG_015
SKU_00260,Medical_Devices,cold,365,33.61,C,True,True,False,1.501,1.088,MFG_093
SKU_00261,Health_Supplements,cool,380,16.62,B,False,True,False,0.59,0.026,MFG_093
SKU_00262,Western_Medicine,ambient,559,1.89,C,False,True,False,1.154,1.294,MFG_005
SKU_00263,Medical_Devices,ambient,657,64.06,C,True,False,False,0.878,0.407,MFG_060
SKU_00264,Medical_Devices,cold,140,7.26,C,False,True,False,0.439,1.075,MFG_055
SKU_00265,TCM,ambient,818,2.69,C,False,False,False,0.663,1.093,MFG_054
SKU_00266,Western_Medicine,cool,606,68.26,C,False,False,False,0.351,0.682,MFG_061
SKU_00267,Western_Medicine,ambient,742,20.44,C,False,True,True,1.887,1.104,MFG_027
SKU_00268,Western_Medicine,ambient,365,71.51,A,False,False,False,1.149,0.523,MFG_067
SKU_00269,Medical_Devices,ambient,487,1.53,C,False,True,False,0.53,1.115,MFG_087
SKU_00270,TCM,cool,361,49.85,C,False,False,False,1.559,0.095,MFG_026
SKU_00271,TCM,cold,178,23.02,C,False,True,False,1.489,0.034,MFG_060
SKU_00272,TCM,cool,296,3.76,B,False,False,True,1.47,1.168,MFG_029
SKU_00273,Medical_Devices,cool,587,13.67,B,False,True,False,0.057,0.137,MFG_032
SKU_00274,TCM,ambient,365,7.3,B,True,False,False,0.163,1.142,MFG_062
SKU_00275,Western_Medicine,cool,730,44.62,C,False,False,False,0.703,1.474,MFG_002
SKU_00276,TCM,cool,639,21.85,C,False,True,False,0.719,1.149,MFG_020
SKU_00277,Medical_Devices,ambient,713,70.23,A,False,True,False,1.713,0.057,MFG_002
SKU_00278,Medical_Devices,ambient,762,5.28,C,False,True,False,0.93,0.884,MFG_024
SKU_00279,TCM,ambient,1033,8.08,B,True,True,False,1.103,0.305,MFG_069
SKU_00280,Western_Medicine,cool,730,7.71,C,False,False,False,1.106,0.444,MFG_067
SKU_00281,Western_Medicine,ambient,365,157.31,A,False,True,False,1.154,0.622,MFG_033
SKU_00282,Western_Medicine,ambient,865,50.6,C,True,False,True,1.761,0.123,MFG_012
SKU_00283,Medical_Devices,ambient,365,4.7,B,False,True,False,1.234,1.159,MFG_076
SKU_00284,Western_Medicine,frozen,730,72.2,C,False,True,False,1.689,0.959,MFG_023
SKU_00285,TCM,ambient,365,7.08,C,False,True,False,0.044,1.346,MFG_032
SKU_00286,TCM,ambient,686,56.31,C,True,False,False,1.627,0.051,MFG_021
SKU_00287,Medical_Devices,frozen,730,9.76,C,False,True,False,1.58,1.191,MFG_028
SKU_00288,Health_Supplements,ambient,750,1.59,B,False,False,False,1.947,1.246,MFG_050
SKU_00289,Medical_Devices,cool,395,22.36,C,False,False,False,0.053,0.494,MFG_037
SKU_00290,Western_Medicine,ambient,505,24.68,C,False,True,False,0.667,0.905,MFG_054
SKU_00291,Health_Supplements,ambient,552,106.96,B,False,False,True,1.776,1.326,MFG_054
SKU_00292,Western_Medicine,ambient,507,9.35,B,True,False,False,1.417,0.559,MFG_083
SKU_00293,TCM,cool,730,16.57,B,True,False,False,1.002,0.143,MFG_042
SKU_00294,TCM,cool,730,2.39,B,True,True,False,1.0,0.844,MFG_067
SKU_00295,Medical_Devices,cool,730,87.23,B,True,True,False,0.394,1.377,MFG_098
SKU_00296,Health_Supplements,frozen,730,9.07,C,False,True,False,1.549,0.092,MFG_093
SKU_00297,Medical_Devices,ambient,565,17.82,C,True,True,False,1.812,0.461,MFG_072
SKU_00298,Medical_Devices,cool,361,25.09,C,False,False,False,1.647,1.123,MFG_026
SKU_00299,Western_Medicine,ambient,600,17.62,C,False,True,False,1.925,1.078,MFG_098
SKU_00300,Western_Medicine,cold,365,44.73,A,False,True,False,0.769,0.15,MFG_002
SKU_00301,Health_Supplements,cool,258,5.19,C,False,True,False,0.362,0.421,MFG_022
SKU_00302,Western_Medicine,cold,365,23.23,A,True,True,False,1.232,0.356,MFG_100
SKU_00303,Health_Supplements,cold,365,83.3,C,True,True,False,0.052,1.136,MFG_030
SKU_00304,Medical_Devices,ambient,365,37.05,B,False,True,False,0.089,1.206,MFG_054
SKU_00305,TCM,cool,730,6.83,A,False,False,False,0.046,1.224,MFG_021
SKU_00306,Western_Medicine,ambient,396,17.19,C,False,True,False,1.433,0.976,MFG_050
SKU_00307,Medical_Devices,cool,213,29.66,C,False,False,False,1.38,1.096,MFG_083
SKU_00308,Medical_Devices,cold,365,28.94,C,True,True,False,1.37,1.201,MFG_069
SKU_00309,Western_Medicine,cold,365,21.44,C,True,True,False,1.615,1.288,MFG_015
SKU_00310,Western_Medicine,cold,353,5.34,C,True,True,True,0.628,0.804,MFG_097
SKU_00311,Western_Medicine,cold,365,38.83,B,True,True,False,0.429,1.12,MFG_076
SKU_00312,Medical_Devices,cold,365,35.77,C,False,True,True,1.258,0.889,MFG_032
SKU_00313,Medical_Devices,ambient,432,9.02,C,True,True,True,0.472,0.695,MFG_046
SKU_00314,TCM,ambient,1005,16.6,C,False,True,False,0.884,0.419,MFG_001
SKU_00315,TCM,cold,365,34.73,C,True,True,False,1.228,0.631,MFG_067
SKU_00316,TCM,cool,309,74.82,C,False,False,False,0.548,0.099,MFG_026
SKU_00317,Medical_Devices,ambient,365,65.41,C,False,True,True,1.841,0.259,MFG_053
SKU_00318,Health_Supplements,ambient,835,135.82,C,False,True,False,1.388,1.152,MFG_067
SKU_00319,Medical_Devices,cool,228,18.77,C,False,False,False,0.805,0.981,MFG_051
SKU_00320,Western_Medicine,ambient,365,2.74,C,True,True,True,0.045,1.246,MFG_043
SKU_00321,Medical_Devices,ambient,365,7.29,B,True,True,False,1.813,0.339,MFG_046
SKU_00322,Medical_Devices,cool,427,37.2,A,True,True,False,0.836,0.738,MFG_093
SKU_00323,Health_Supplements,cold,365,29.38,B,False,True,False,1.861,0.383,MFG_093
SKU_00324,TCM,cool,700,3.1,C,False,False,False,0.557,0.092,MFG_072
SKU_00325,Medical_Devices,cool,730,10.92,B,True,False,False,0.443,1.003,MFG_083
SKU_00326,Western_Medicine,cold,305,99.15,C,True,True,False,1.945,0.148,MFG_087
SKU_00327,Medical_Devices,cool,730,2.51,B,False,True,False,0.587,0.938,MFG_051
SKU_00328,TCM,ambient,929,18.59,B,False,True,True,0.83,0.552,MFG_075
SKU_00329,TCM,cool,713,46.93,C,True,False,False,0.618,0.383,MFG_090
SKU_00330,Medical_Devices,cool,383,2.52,B,False,False,False,0.363,1.255,MFG_001
SKU_00331,TCM,ambient,719,32.5,C,False,False,False,0.322,0.954,MFG_030
SKU_00332,TCM,cool,358,38.69,B,False,False,False,1.644,0.056,MFG_005
SKU_00333,Medical_Devices,ambient,365,19.25,C,True,True,False,0.795,0.079,MFG_037
SKU_00334,Medical_Devices,cold,365,15.3,C,True,True,False,1.661,0.198,MFG_002
SKU_00335,Western_Medicine,cool,342,68.35,C,False,False,False,0.428,0.096,MFG_010
SKU_00336,Western_Medicine,ambient,365,89.64,C,True,True,False,1.667,0.764,MFG_047
SKU_00337,TCM,ambient,975,29.43,B,False,True,False,0.517,0.615,MFG_061
SKU_00338,Western_Medicine,ambient,365,2.18,A,True,True,False,0.527,1.127,MFG_051
SKU_00339,Medical_Devices,ambient,365,4.26,C,True,True,False,1.001,0.523,MFG_100
SKU_00340,Medical_Devices,ambient,751,29.38,C,False,False,False,1.761,1.096,MFG_027
SKU_00341,Western_Medicine,ambient,599,1.54,C,True,False,False,1.302,1.239,MFG_047
SKU_00342,Medical_Devices,ambient,365,46.24,C,True,True,False,1.007,0.514,MFG_003
SKU_00343,Health_Supplements,ambient,375,4.97,B,True,True,False,0.347,0.731,MFG_051
SKU_00344,Western_Medicine,ambient,365,17.26,C,False,True,False,0.944,0.24,MFG_017
SKU_00345,Western_Medicine,cool,377,8.15,B,True,False,False,0.486,0.164,MFG_012
SKU_00346,Western_Medicine,ambient,562,4.5,B,True,True,False,0.042,1.384,MFG_030
SKU_00347,Medical_Devices,ambient,457,12.23,B,False,False,False,1.183,0.781,MFG_071
SKU_00348,Western_Medicine,ambient,365,53.22,C,True,False,False,1.553,0.023,MFG_094
SKU_00349,TCM,cool,730,8.09,B,False,True,False,0.825,1.362,MFG_070
SKU_00350,TCM,cool,730,13.71,C,False,False,False,1.956,0.84,MFG_072
SKU_00351,TCM,ambient,590,16.87,C,False,False,False,1.673,0.037,MFG_093
SKU_00352,TCM,cool,717,22.67,B,True,False,False,1.881,0.302,MFG_030
SKU_00353,Western_Medicine,ambient,1039,77.55,A,False,False,False,1.585,0.177,MFG_054
SKU_00354,Medical_Devices,ambient,573,80.48,C,False,True,False,1.377,0.315,MFG_095
SKU_00355,Medical_Devices,cold,365,20.86,B,False,True,False,0.288,0.466,MFG_054
SKU_00356,TCM,ambient,520,4.23,C,True,True,False,1.853,0.507,MFG_097
SKU_00357,Western_Medicine,ambient,556,6.7,C,True,True,False,1.161,0.379,MFG_075
SKU_00358,Medical_Devices,ambient,365,114.73,C,False,True,False,0.745,0.475,MFG_021
SKU_00359,Western_Medicine,ambient,365,6.99,B,True,True,False,0.826,0.774,MFG_005
SKU_00360,TCM,ambient,823,18.33,C,False,True,False,1.256,0.658,MFG_022
SKU_00361,Western_Medicine,cold,365,81.86,C,False,True,False,0.219,0.704,MFG_022
SKU_00362,Western_Medicine,cool,180,10.93,A,True,True,False,1.465,1.282,MFG_092
SKU_00363,Health_Supplements,ambient,798,120.14,C,True,False,False,0.676,1.43,MFG_035
SKU_00364,TCM,cool,730,1.73,C,True,False,False,0.314,0.47,MFG_008
SKU_00365,Medical_Devices,cool,578,29.82,C,True,True,False,0.036,1.285,MFG_051
SKU_00366,Western_Medicine,cool,730,18.45,C,False,True,False,0.673,0.797,MFG_028
SKU_00367,TCM,cool,356,15.94,C,False,True,False,0.199,1.037,MFG_071
SKU_00368,TCM,ambient,365,112.65,C,False,True,True,1.912,1.244,MFG_088
SKU_00369,TCM,cold,291,8.55,B,False,True,False,1.085,1.447,MFG_006
SKU_00370,Western_Medicine,cool,422,20.12,B,True,False,False,0.104,0.622,MFG_008
SKU_00371,Medical_Devices,ambient,685,14.25,B,True,True,False,1.855,0.35,MFG_082
SKU_00372,Medical_Devices,ambient,365,36.51,B,True,True,False,0.558,0.463,MFG_072
SKU_00373,TCM,ambient,365,10.72,C,False,True,False,0.775,0.79,MFG_061
SKU_00374,Medical_Devices,ambient,742,22.83,B,True,True,False,0.476,1.18,MFG_012
SKU_00375,TCM,ambient,741,9.13,C,True,False,False,0.736,1.228,MFG_030
SKU_00376,TCM,ambient,576,24.31,C,False,True,False,0.565,0.54,MFG_029
SKU_00377,Medical_Devices,cold,233,13.39,B,True,True,False,1.032,1.066,MFG_010
SKU_00378,Western_Medicine,cold,365,57.65,B,False,True,False,0.897,1.447,MFG_005
SKU_00379,Western_Medicine,cold,365,51.22,B,False,True,False,1.349,1.119,MFG_002
SKU_00380,TCM,ambient,365,6.74,C,True,True,False,1.406,1.074,MFG_036
SKU_00381,Medical_Devices,ambient,559,106.83,C,False,True,False,1.854,0.473,MFG_020
SKU_00382,Medical_Devices,ambient,833,6.41,C,True,False,False,0.37,0.016,MFG_001
SKU_00383,Health_Supplements,ambient,365,15.04,B,False,False,False,1.044,1.417,MFG_035
SKU_00384,Medical_Devices,cool,582,3.66,A,True,False,False,0.746,1.186,MFG_081
SKU_00385,TCM,ambient,595,11.72,C,True,True,False,0.383,1.258,MFG_087
SKU_00386,Western_Medicine,ambient,397,101.19,C,False,True,False,1.251,0.895,MFG_016
SKU_00387,Western_Medicine,cool,249,37.34,B,False,False,False,0.908,0.976,MFG_003
SKU_00388,TCM,ambient,365,1.91,C,False,True,False,1.354,0.763,MFG_035
SKU_00389,Western_Medicine,ambient,495,27.75,B,True,True,False,0.233,0.061,MFG_002
SKU_00390,Medical_Devices,cool,730,1.7,C,True,False,False,0.225,1.031,MFG_017
SKU_00391,TCM,ambient,537,58.45,A,False,True,False,0.388,0.044,MFG_072
SKU_00392,Health_Supplements,ambient,365,5.37,C,True,True,False,0.782,0.149,MFG_051
SKU_00393,TCM,ambient,805,7.35,C,False,True,False,1.33,1.39,MFG_035
SKU_00394,Health_Supplements,ambient,753,86.77,B,True,True,False,0.829,0.109,MFG_087
SKU_00395,TCM,ambient,365,2.95,B,False,True,False,0.134,1.349,MFG_080
SKU_00396,Medical_Devices,ambient,365,147.18,A,False,True,False,0.406,0.238,MFG_060
SKU_00397,TCM,cool,730,19.42,C,False,False,False,0.962,0.504,MFG_072
SKU_00398,TCM,ambient,607,50.51,B,True,True,False,1.663,0.371,MFG_097
SKU_00399,Medical_Devices,ambient,609,66.08,C,True,True,False,1.155,0.32,MFG_001
SKU_00400,Medical_Devices,cool,730,21.42,A,False,False,False,1.169,1.206,MFG_082
SKU_00401,Medical_Devices,cool,285,16.62,B,True,True,False,0.381,0.548,MFG_072
SKU_00402,Medical_Devices,ambient,807,60.32,C,False,False,False,1.142,0.384,MFG_054
SKU_00403,TCM,ambient,804,19.6,A,True,True,False,1.3,0.306,MFG_072
SKU_00404,TCM,ambient,365,181.54,C,False,True,False,1.478,0.704,MFG_055
SKU_00405,Western_Medicine,ambient,521,20.15,A,False,True,False,0.837,1.441,MFG_069
SKU_00406,Health_Supplements,cold,297,8.91,C,True,True,False,0.42,0.735,MFG_009
SKU_00407,Medical_Devices,cool,344,102.0,C,False,True,False,1.442,1.224,MFG_026
SKU_00408,TCM,cool,316,4.03,C,False,True,False,0.893,1.189,MFG_003
SKU_00409,Medical_Devices,ambient,465,7.74,C,True,False,False,0.113,1.305,MFG_035
SKU_00410,Medical_Devices,ambient,477,3.27,C,False,True,False,0.078,1.087,MFG_053
SKU_00411,Health_Supplements,cool,219,15.68,A,False,True,False,0.052,0.85,MFG_022
SKU_00412,Western_Medicine,ambient,911,1.43,C,True,True,False,0.858,0.734,MFG_098
SKU_00413,TCM,ambient,546,72.77,C,False,False,False,1.524,0.02,MFG_030
SKU_00414,TCM,ambient,651,31.04,A,True,False,False,1.458,0.122,MFG_025
SKU_00415,Western_Medicine,ambient,560,23.66,C,True,False,False,1.809,0.51,MFG_051
SKU_00416,TCM,cool,318,16.32,B,False,False,False,0.859,1.128,MFG_042
SKU_00417,TCM,ambient,1001,14.99,C,False,True,False,0.608,0.479,MFG_093
SKU_00418,Health_Supplements,ambient,561,59.13,C,True,True,False,1.785,0.553,MFG_044
SKU_00419,Western_Medicine,ambient,505,90.81,C,False,False,False,0.278,1.37,MFG_035
SKU_00420,Western_Medicine,cool,450,44.32,C,True,True,False,1.55,0.461,MFG_009
SKU_00421,Western_Medicine,ambient,365,74.86,C,True,True,False,1.038,0.72,MFG_093
SKU_00422,Medical_Devices,cool,324,28.09,C,False,True,False,0.182,0.441,MFG_062
SKU_00423,Medical_Devices,cool,730,1.4,C,False,False,True,1.739,0.631,MFG_036
SKU_00424,Medical_Devices,cold,204,23.11,B,True,True,False,0.41,1.041,MFG_097
SKU_00425,TCM,ambient,371,6.8,A,True,False,False,1.064,0.31,MFG_062
SKU_00426,Medical_Devices,cool,593,83.32,A,False,True,False,0.456,0.638,MFG_001
SKU_00427,Medical_Devices,cold,365,11.42,C,False,True,False,0.778,1.208,MFG_016
SKU_00428,Western_Medicine,ambient,400,2.49,A,False,True,False,1.439,0.936,MFG_012
SKU_00429,Western_Medicine,cold,308,50.5,A,False,True,False,1.787,0.685,MFG_051
SKU_00430,TCM,ambient,516,83.06,C,False,True,False,0.546,0.218,MFG_001
SKU_00431,Health_Supplements,cold,365,33.57,C,False,True,False,1.517,0.532,MFG_069
SKU_00432,Medical_Devices,ambient,365,51.09,B,True,True,False,1.838,0.422,MFG_032
SKU_00433,TCM,cold,365,38.98,C,False,True,False,0.81,0.227,MFG_042
SKU_00434,TCM,cool,700,1.31,B,False,True,False,1.814,1.255,MFG_012
SKU_00435,Medical_Devices,ambient,1019,10.44,B,True,False,False,0.461,0.956,MFG_015
SKU_00436,Western_Medicine,ambient,726,21.42,C,False,False,False,1.257,1.368,MFG_023
SKU_00437,TCM,ambient,680,9.94,C,True,True,False,1.686,0.131,MFG_032
SKU_00438,Medical_Devices,cool,511,21.92,B,True,True,False,0.908,0.817,MFG_032
SKU_00439,Medical_Devices,cold,365,38.82,C,True,True,False,1.502,0.442,MFG_028
SKU_00440,TCM,ambient,374,60.03,C,False,True,False,1.339,1.304,MFG_093
SKU_00441,TCM,ambient,447,17.57,B,True,False,False,1.467,1.289,MFG_005
SKU_00442,Health_Supplements,ambient,565,5.66,C,True,True,False,1.605,0.904,MFG_001
SKU_00443,Western_Medicine,ambient,380,14.3,C,False,False,True,0.175,1.381,MFG_060
SKU_00444,Medical_Devices,ambient,365,23.59,B,True,True,False,0.304,0.136,MFG_032
SKU_00445,Medical_Devices,cold,365,4.95,B,False,True,False,0.404,0.16,MFG_008
SKU_00446,TCM,ambient,827,15.98,B,True,False,False,1.792,1.339,MFG_084
SKU_00447,Medical_Devices,cold,238,61.18,B,False,True,False,0.503,0.119,MFG_095
SKU_00448,Medical_Devices,ambient,365,8.84,C,False,False,False,0.764,0.865,MFG_094
SKU_00449,Medical_Devices,cool,730,27.73,B,False,False,False,1.375,1.111,MFG_012
SKU_00450,TCM,ambient,751,34.7,C,True,False,False,0.366,0.596,MFG_029
SKU_00451,TCM,cool,689,1.31,C,True,False,False,1.003,0.364,MFG_063
SKU_00452,TCM,cold,162,74.7,C,False,True,False,1.696,1.191,MFG_005
SKU_00453,Western_Medicine,cool,457,37.79,A,False,False,False,0.475,0.377,MFG_067
SKU_00454,TCM,ambient,365,1.56,C,False,False,False,0.705,1.023,MFG_072
SKU_00455,Medical_Devices,ambient,485,5.92,C,True,True,False,0.631,0.972,MFG_053
SKU_00456,Western_Medicine,ambient,929,19.06,B,False,True,False,0.561,0.644,MFG_020
SKU_00457,Western_Medicine,ambient,882,11.74,C,True,False,False,0.741,0.599,MFG_042
SKU_00458,Western_Medicine,cold,365,36.75,B,True,True,False,0.364,0.189,MFG_035
SKU_00459,TCM,cool,730,12.27,C,False,False,False,0.268,0.078,MFG_083
SKU_00460,TCM,cool,730,118.76,C,False,False,False,0.613,0.357,MFG_060
SKU_00461,Medical_Devices,cold,365,31.34,B,False,True,False,1.479,0.576,MFG_032
SKU_00462,Medical_Devices,ambient,403,28.2,C,False,False,False,0.474,0.781,MFG_036
SKU_00463,Medical_Devices,cold,169,19.95,C,True,True,False,0.605,1.239,MFG_090
SKU_00464,Health_Supplements,cold,269,115.0,C,True,True,False,0.613,0.339,MFG_093
SKU_00465,Medical_Devices,ambient,882,10.35,C,False,False,False,1.51,0.443,MFG_002
SKU_00466,Medical_Devices,cold,365,2.31,A,False,True,False,1.465,0.225,MFG_027
SKU_00467,TCM,cool,578,133.62,C,False,True,False,1.979,1.35,MFG_022
SKU_00468,Medical_Devices,cold,365,36.15,B,False,True,True,0.992,1.287,MFG_027
SKU_00469,TCM,ambient,365,4.99,C,False,False,False,0.215,0.172,MFG_055
SKU_00470,Medical_Devices,cool,484,6.31,A,False,True,False,1.507,0.456,MFG_058
SKU_00471,TCM,cool,730,21.72,C,True,False,True,0.096,0.657,MFG_027
SKU_00472,Medical_Devices,cool,602,102.93,C,False,True,False,1.517,0.795,MFG_047
SKU_00473,TCM,cool,730,2.58,C,False,True,True,0.649,1.244,MFG_083
SKU_00474,Medical_Devices,ambient,365,1.29,B,False,True,False,1.312,1.197,MFG_012
SKU_00475,Medical_Devices,ambient,700,14.34,C,False,True,True,0.126,0.818,MFG_002
SKU_00476,TCM,cool,211,13.92,B,False,True,False,0.123,0.131,MFG_053
SKU_00477,TCM,ambient,365,81.36,B,False,True,False,0.353,0.023,MFG_096
SKU_00478,Medical_Devices,cold,365,18.83,C,False,True,False,1.112,0.262,MFG_035
SKU_00479,TCM,cool,730,26.75,A,True,False,False,1.786,0.133,MFG_021
SKU_00480,Medical_Devices,ambient,675,92.09,C,False,False,False,1.671,0.899,MFG_100
SKU_00481,Health_Supplements,ambient,536,62.45,A,True,True,False,0.505,0.622,MFG_030
SKU_00482,Health_Supplements,cool,730,49.71,C,True,False,False,1.682,1.261,MFG_001
SKU_00483,Western_Medicine,ambient,494,36.73,C,False,False,False,1.073,0.309,MFG_041
SKU_00484,TCM,cold,363,20.64,C,False,True,False,1.252,0.382,MFG_055
SKU_00485,Western_Medicine,cool,180,4.68,C,False,False,False,0.542,1.379,MFG_080
SKU_00486,Medical_Devices,cool,569,53.8,B,True,False,False,0.705,0.284,MFG_033
SKU_00487,Medical_Devices,cool,399,2.73,C,False,False,False,0.109,1.297,MFG_026
SKU_00488,TCM,cool,730,13.18,B,False,False,False,0.788,1.152,MFG_044
SKU_00489,Western_Medicine,cold,168,145.87,C,True,True,False,1.411,0.021,MFG_009
SKU_00490,Medical_Devices,ambient,365,101.53,C,False,True,False,0.158,0.027,MFG_047
SKU_00491,Medical_Devices,cold,173,3.91,C,True,True,False,0.164,0.867,MFG_020
SKU_00492,TCM,ambient,792,1.52,B,False,False,False,0.7,0.903,MFG_063
SKU_00493,Medical_Devices,cold,365,78.89,C,False,True,False,1.342,0.225,MFG_013
SKU_00494,Medical_Devices,ambient,365,1.52,C,False,True,False,0.654,1.354,MFG_093
SKU_00495,Western_Medicine,ambient,572,39.37,C,True,True,False,0.452,0.318,MFG_013
SKU_00496,Medical_Devices,ambient,1016,2.24,C,True,True,False,1.473,0.151,MFG_043
SKU_00497,Health_Supplements,ambient,728,25.48,C,False,False,False,0.644,0.277,MFG_061
SKU_00498,TCM,ambient,543,86.56,B,False,True,False,1.222,0.743,MFG_029
SKU_00499,Western_Medicine,frozen,483,26.89,C,False,True,True,1.173,1.421,MFG_087
SKU_00500,TCM,cool,730,4.15,C,True,True,False,1.898,1.315,MFG_022
SKU_00501,Western_Medicine,ambient,545,6.88,B,True,True,False,1.642,0.523,MFG_002
SKU_00502,Medical_Devices,cool,357,72.18,C,False,False,False,1.166,1.39,MFG_002
SKU_00503,Medical_Devices,cool,730,61.83,A,True,False,False,1.624,1.281,MFG_028
SKU_00504,Western_Medicine,ambient,678,43.17,A,False,False,False,1.181,1.021,MFG_037
SKU_00505,Western_Medicine,ambient,365,16.85,C,True,True,False,1.32,1.009,MFG_090
SKU_00506,Medical_Devices,ambient,691,4.69,C,False,True,False,1.159,1.241,MFG_087
SKU_00507,Medical_Devices,ambient,559,28.6,B,False,True,False,0.275,0.447,MFG_032
SKU_00508,Medical_Devices,cold,312,80.8,B,True,True,False,1.741,0.798,MFG_021
SKU_00509,Medical_Devices,cool,730,32.07,C,True,False,False,1.436,0.464,MFG_021
SKU_00510,TCM,cool,730,149.92,C,False,True,False,1.053,0.072,MFG_094
SKU_00511,Medical_Devices,frozen,730,44.73,C,True,True,False,0.46,1.276,MFG_047
SKU_00512,Western_Medicine,ambient,365,113.64,C,False,False,True,1.044,0.201,MFG_083
SKU_00513,TCM,ambient,502,113.15,B,False,False,False,0.451,0.451,MFG_001
SKU_00514,TCM,ambient,661,25.16,B,True,False,False,0.352,0.902,MFG_030
SKU_00515,TCM,cool,315,95.78,C,False,True,True,1.484,0.085,MFG_013
SKU_00516,Medical_Devices,cool,547,2.4,C,True,True,False,1.087,0.45,MFG_017
SKU_00517,Medical_Devices,cold,365,87.59,B,True,True,False,1.576,0.738,MFG_060
SKU_00518,Western_Medicine,cold,365,134.14,B,False,True,False,0.32,0.191,MFG_087
SKU_00519,Medical_Devices,cold,238,75.85,C,True,True,False,0.534,0.656,MFG_060
SKU_00520,TCM,cool,305,39.4,C,False,True,False,1.041,0.543,MFG_067
SKU_00521,TCM,ambient,1021,23.02,C,False,True,False,1.414,0.721,MFG_032
SKU_00522,Medical_Devices,cold,365,2.05,C,False,True,False,0.943,0.407,MFG_002
SKU_00523,Medical_Devices,cold,365,116.91,B,True,True,False,1.484,0.552,MFG_029
SKU_00524,TCM,ambient,970,92.35,C,False,False,False,0.709,0.831,MFG_055
SKU_00525,Western_Medicine,cool,524,20.88,A,True,True,False,0.851,0.798,MFG_069
SKU_00526,TCM,ambient,560,2.83,B,True,False,False,0.563,0.273,MFG_044
SKU_00527,Health_Supplements,cool,730,14.22,A,False,False,False,0.203,0.626,MFG_060
SKU_00528,Western_Medicine,ambient,623,1.37,B,True,True,False,1.493,0.02,MFG_009
SKU_00529,Medical_Devices,cool,701,44.29,A,True,False,False,0.986,0.497,MFG_054
SKU_00530,TCM,ambient,690,10.01,C,True,False,False,0.432,0.434,MFG_053
SKU_00531,Medical_Devices,ambient,365,7.9,C,False,True,False,1.771,1.156,MFG_033
SKU_00532,Medical_Devices,ambient,365,43.1,C,True,False,False,0.491,0.985,MFG_044
SKU_00533,Medical_Devices,ambient,365,7.89,B,True,True,False,1.433,0.141,MFG_021
SKU_00534,Medical_Devices,ambient,765,37.84,C,False,True,False,0.319,0.595,MFG_066
SKU_00535,Medical_Devices,ambient,754,12.73,B,True,True,False,1.274,0.464,MFG_087
SKU_00536,TCM,ambient,673,17.0,C,False,False,False,0.942,0.075,MFG_006
SKU_00537,TCM,cool,730,53.55,C,False,True,False,1.365,1.403,MFG_029
SKU_00538,Western_Medicine,cold,365,18.36,C,True,True,False,1.597,0.32,MFG_049
SKU_00539,TCM,ambient,800,77.7,C,True,False,True,1.074,0.13,MFG_072
SKU_00540,Health_Supplements,cool,610,55.56,C,False,True,False,1.502,0.656,MFG_083
SKU_00541,Western_Medicine,ambient,758,24.79,C,False,False,True,1.366,0.927,MFG_002
SKU_00542,Western_Medicine,cool,608,30.27,C,False,True,False,1.501,0.747,MFG_008
SKU_00543,Health_Supplements,ambient,365,2.44,C,True,False,False,1.689,0.375,MFG_089
SKU_00544,TCM,cool,515,2.89,A,True,False,False,0.765,0.036,MFG_067
SKU_00545,Western_Medicine,cold,365,47.29,C,True,True,False,0.429,1.221,MFG_035
SKU_00546,Western_Medicine,cold,365,21.21,A,False,True,False,0.347,0.512,MFG_089
SKU_00547,Medical_Devices,ambient,679,8.19,C,True,True,False,0.835,1.305,MFG_005
SKU_00548,Medical_Devices,cool,296,54.13,C,False,False,False,0.469,1.092,MFG_053
SKU_00549,Health_Supplements,ambient,586,10.58,B,True,True,False,1.715,1.013,MFG_067
SKU_00550,Western_Medicine,ambient,365,9.56,C,False,False,False,1.334,1.463,MFG_012
SKU_00551,Medical_Devices,ambient,588,11.73,C,False,True,False,1.573,0.115,MFG_092
SKU_00552,Western_Medicine,ambient,630,176.99,C,False,False,False,0.789,0.106,MFG_070
SKU_00553,Health_Supplements,ambient,821,10.56,C,False,True,False,1.22,0.778,MFG_020
SKU_00554,Western_Medicine,cool,677,21.21,C,False,False,False,0.618,1.363,MFG_045
SKU_00555,Western_Medicine,ambient,365,11.17,C,False,False,False,0.509,0.053,MFG_062
SKU_00556,Western_Medicine,ambient,889,67.47,C,False,False,False,1.691,1.174,MFG_060
SKU_00557,TCM,ambient,429,17.83,C,False,True,False,0.907,1.256,MFG_050
SKU_00558,Western_Medicine,ambient,627,7.28,B,False,False,False,0.978,0.636,MFG_003
SKU_00559,Medical_Devices,cool,329,28.75,C,False,False,False,0.64,1.339,MFG_051
SKU_00560,Medical_Devices,cold,365,4.83,C,True,True,False,0.274,1.394,MFG_009
SKU_00561,TCM,cool,180,9.64,B,False,True,False,1.343,0.767,MFG_005
SKU_00562,TCM,frozen,657,3.3,C,False,True,False,0.496,1.114,MFG_087
SKU_00563,TCM,cold,365,11.54,B,False,True,False,0.37,0.98,MFG_055
SKU_00564,TCM,cool,730,30.58,C,True,False,False,0.848,1.299,MFG_032
SKU_00565,Medical_Devices,ambient,452,30.08,C,False,True,False,0.995,0.331,MFG_082
SKU_00566,TCM,ambient,801,26.24,A,False,True,False,0.741,1.377,MFG_015
SKU_00567,Western_Medicine,ambient,365,129.07,C,True,False,False,1.527,0.789,MFG_063
SKU_00568,TCM,ambient,948,71.42,C,False,False,False,1.136,0.116,MFG_045
SKU_00569,Health_Supplements,cool,730,44.46,A,True,False,False,1.393,0.325,MFG_032
SKU_00570,Medical_Devices,cool,519,101.14,C,False,True,False,1.02,1.098,MFG_020
SKU_00571,Health_Supplements,cold,201,106.64,C,True,True,False,1.537,0.555,MFG_002
SKU_00572,Western_Medicine,ambient,633,20.05,B,True,False,False,0.862,0.969,MFG_043
SKU_00573,Western_Medicine,cold,135,30.34,B,False,True,False,0.054,0.548,MFG_033
SKU_00574,TCM,ambient,365,4.08,C,False,True,False,0.382,0.068,MFG_054
SKU_00575,TCM,ambient,804,23.01,C,False,False,False,1.738,1.127,MFG_007
SKU_00576,TCM,frozen,693,63.53,B,False,True,False,1.783,1.346,MFG_022
SKU_00577,Medical_Devices,ambient,776,38.66,C,False,True,False,1.913,1.14,MFG_027
SKU_00578,Medical_Devices,cold,303,136.42,C,True,True,False,1.056,1.145,MFG_033
SKU_00579,Medical_Devices,cool,730,1.6,C,True,False,False,0.622,1.313,MFG_037
SKU_00580,Medical_Devices,ambient,659,1.98,C,True,False,False,1.559,0.043,MFG_003
SKU_00581,Medical_Devices,ambient,657,61.66,B,False,False,False,0.47,0.686,MFG_022
SKU_00582,Western_Medicine,cool,723,71.52,C,False,True,False,1.502,0.061,MFG_054
SKU_00583,TCM,cold,365,46.78,A,True,True,False,1.165,0.29,MFG_026
SKU_00584,Medical_Devices,cool,730,1.67,C,True,True,False,0.554,1.136,MFG_065
SKU_00585,Health_Supplements,ambient,929,44.94,C,True,True,False,1.163,1.202,MFG_029
SKU_00586,TCM,cool,730,6.03,B,False,True,False,0.607,1.063,MFG_015
SKU_00587,Health_Supplements,cool,730,3.98,B,True,False,False,1.812,0.098,MFG_035
SKU_00588,Medical_Devices,cold,365,30.72,C,False,True,False,0.712,0.026,MFG_037
SKU_00589,Western_Medicine,ambient,763,57.41,A,True,True,False,1.601,0.427,MFG_082
SKU_00590,Health_Supplements,ambient,442,111.17,C,True,True,False,1.698,1.267,MFG_008
SKU_00591,Western_Medicine,frozen,730,41.18,A,False,True,False,1.624,0.44,MFG_012
SKU_00592,TCM,cool,730,107.08,C,False,True,False,1.782,0.304,MFG_063
SKU_00593,TCM,ambient,455,11.66,B,False,False,False,0.972,1.309,MFG_036
SKU_00594,Medical_Devices,ambient,1014,46.38,C,False,True,False,1.869,1.257,MFG_098
SKU_00595,Medical_Devices,frozen,663,18.56,C,True,True,False,1.67,0.84,MFG_005
SKU_00596,Western_Medicine,cold,365,32.6,B,False,True,False,0.62,0.7,MFG_007
SKU_00597,Medical_Devices,cold,365,3.47,B,False,True,False,0.545,1.421,MFG_026
SKU_00598,Medical_Devices,cool,448,9.96,A,False,True,False,0.182,0.022,MFG_053
SKU_00599,Medical_Devices,cool,730,148.86,C,True,False,True,1.212,0.281,MFG_072
SKU_00600,Medical_Devices,ambient,918,77.28,C,False,False,False,0.983,1.033,MFG_026
SKU_00601,Medical_Devices,ambient,625,36.14,C,True,False,False,0.692,0.174,MFG_029
SKU_00602,Medical_Devices,ambient,559,53.73,B,False,False,False,0.817,0.086,MFG_060
SKU_00603,TCM,cold,260,24.07,B,False,True,False,1.092,0.075,MFG_082
SKU_00604,TCM,cold,302,129.81,C,True,True,False,1.308,1.151,MFG_082
SKU_00605,Western_Medicine,cold,224,15.66,C,False,True,True,0.347,1.119,MFG_089
SKU_00606,Medical_Devices,cool,730,4.77,C,False,False,False,0.436,1.097,MFG_083
SKU_00607,Health_Supplements,cool,348,6.17,C,False,True,False,1.343,0.661,MFG_069
SKU_00608,TCM,ambient,365,86.47,B,True,False,False,0.857,1.218,MFG_051
SKU_00609,Health_Supplements,ambient,632,72.97,C,False,True,False,1.495,1.007,MFG_072
SKU_00610,TCM,ambient,365,19.57,B,False,True,False,0.397,0.803,MFG_087
SKU_00611,Health_Supplements,ambient,796,18.52,C,False,True,False,1.805,0.175,MFG_060
SKU_00612,Medical_Devices,ambient,444,99.12,B,False,True,False,1.597,0.014,MFG_013
SKU_00613,TCM,ambient,597,55.49,C,True,False,False,1.675,1.087,MFG_035
SKU_00614,Medical_Devices,cool,608,44.84,B,False,True,False,0.362,1.375,MFG_022
SKU_00615,TCM,cool,730,2.15,B,False,False,False,0.869,0.092,MFG_030
SKU_00616,Western_Medicine,cold,365,24.31,C,True,True,False,1.626,0.295,MFG_006
SKU_00617,Medical_Devices,cool,730,8.81,A,False,True,False,0.057,0.754,MFG_008
SKU_00618,Western_Medicine,ambient,365,57.31,C,True,True,True,0.966,1.321,MFG_035
SKU_00619,Western_Medicine,ambient,458,58.03,C,True,False,True,0.574,0.975,MFG_021
SKU_00620,Western_Medicine,ambient,365,51.83,C,True,True,False,1.835,0.121,MFG_050
SKU_00621,Health_Supplements,cool,282,4.21,A,False,False,False,0.855,0.544,MFG_100
SKU_00622,TCM,cool,539,3.66,C,True,False,False,1.599,0.174,MFG_046
SKU_00623,TCM,ambient,441,33.32,C,True,True,False,0.859,1.168,MFG_054
SKU_00624,Medical_Devices,ambient,815,1.37,C,True,False,False,1.417,1.442,MFG_065
SKU_00625,Medical_Devices,ambient,606,102.63,A,True,True,False,0.426,0.376,MFG_092
SKU_00626,TCM,ambient,653,2.17,C,True,True,False,0.124,0.211,MFG_054
SKU_00627,TCM,ambient,979,25.2,B,True,True,False,1.718,0.537,MFG_053
SKU_00628,TCM,ambient,561,67.61,C,True,True,True,0.315,1.247,MFG_008
SKU_00629,Western_Medicine,cool,180,2.79,C,False,True,True,0.373,0.991,MFG_001
SKU_00630,Health_Supplements,cool,242,5.58,B,False,True,False,1.711,1.322,MFG_055
SKU_00631,TCM,cool,583,4.97,C,False,True,False,0.937,1.355,MFG_042
SKU_00632,TCM,ambient,487,43.37,C,True,True,True,0.253,0.659,MFG_015
SKU_00633,TCM,ambient,1089,14.5,C,False,False,False,1.554,1.091,MFG_038
SKU_00634,Health_Supplements,ambient,518,9.39,C,True,True,False,0.638,1.119,MFG_024
SKU_00635,Medical_Devices,ambient,534,39.21,B,False,False,False,1.678,0.02,MFG_060
SKU_00636,Medical_Devices,ambient,488,2.54,B,True,False,False,1.306,0.644,MFG_032
SKU_00637,Medical_Devices,ambient,793,13.63,C,True,False,False,0.464,0.714,MFG_029
SKU_00638,Health_Supplements,cool,730,3.17,C,True,True,False,1.281,0.763,MFG_029
SKU_00639,Medical_Devices,ambient,561,30.23,A,False,True,False,1.507,1.113,MFG_027
SKU_00640,Health_Supplements,cool,646,2.32,C,True,False,False,1.959,1.362,MFG_024
SKU_00641,Western_Medicine,ambient,734,10.33,A,True,True,False,0.21,0.347,MFG_093
SKU_00642,TCM,cold,365,11.78,C,False,True,False,1.513,0.56,MFG_082
SKU_00643,TCM,cool,718,12.74,C,False,False,False,1.705,0.476,MFG_003
SKU_00644,TCM,cold,290,31.63,C,False,True,False,0.212,1.01,MFG_076
SKU_00645,Medical_Devices,ambient,365,55.5,C,False,True,False,0.963,0.145,MFG_092
SKU_00646,Western_Medicine,ambient,423,8.57,C,True,True,False,1.671,0.426,MFG_020
SKU_00647,Medical_Devices,cold,365,59.07,C,True,True,False,0.718,1.123,MFG_097
SKU_00648,Medical_Devices,ambient,787,6.37,A,False,True,False,1.036,1.02,MFG_072
SKU_00649,Western_Medicine,cold,365,37.05,B,False,True,True,0.501,0.685,MFG_044
SKU_00650,Western_Medicine,cool,730,36.2,A,False,False,False,0.861,0.629,MFG_060
SKU_00651,Western_Medicine,cool,180,52.79,C,True,False,False,0.544,0.916,MFG_002
SKU_00652,Western_Medicine,cold,365,12.58,C,True,True,False,1.141,0.08,MFG_021
SKU_00653,TCM,ambient,710,117.57,C,False,True,False,1.962,1.046,MFG_027
SKU_00654,Medical_Devices,ambient,532,65.51,A,False,True,False,1.197,0.898,MFG_069
SKU_00655,Health_Supplements,cool,713,25.94,C,True,False,False,1.545,1.028,MFG_015
SKU_00656,Western_Medicine,cold,365,92.97,B,False,True,False,0.911,0.02,MFG_016
SKU_00657,TCM,cool,730,10.83,C,True,False,False,0.208,0.037,MFG_036
SKU_00658,Health_Supplements,cold,365,6.66,B,False,True,True,1.199,1.472,MFG_069
SKU_00659,Western_Medicine,cold,267,29.9,C,True,True,False,0.564,0.17,MFG_020
SKU_00660,Medical_Devices,cool,730,4.39,B,True,False,False,0.284,1.473,MFG_013
SKU_00661,TCM,cold,219,92.64,B,True,True,False,1.941,1.374,MFG_051
SKU_00662,TCM,cool,730,13.92,B,True,False,False,1.878,0.089,MFG_060
SKU_00663,TCM,cool,730,21.45,A,True,False,False,0.968,0.029,MFG_094
SKU_00664,Medical_Devices,ambient,365,27.06,C,True,True,False,0.431,0.324,MFG_084
SKU_00665,TCM,cool,730,16.86,C,False,False,False,1.29,1.171,MFG_051
SKU_00666,Medical_Devices,ambient,622,31.62,C,False,True,False,1.535,1.118,MFG_081
SKU_00667,TCM,cold,365,22.32,B,False,True,True,0.605,0.212,MFG_012
SKU_00668,TCM,frozen,523,7.05,B,False,True,False,1.297,0.538,MFG_030
SKU_00669,Western_Medicine,ambient,535,29.52,B,True,False,False,1.375,1.215,MFG_043
SKU_00670,TCM,ambient,649,100.56,B,False,False,True,1.089,1.362,MFG_066
SKU_00671,TCM,ambient,816,22.2,B,False,False,False,0.775,1.226,MFG_047
SKU_00672,Western_Medicine,cold,365,21.34,A,False,True,False,1.301,0.349,MFG_002
SKU_00673,TCM,cold,355,97.31,C,False,True,False,1.697,0.035,MFG_083
SKU_00674,Medical_Devices,cool,730,5.4,B,True,True,False,0.591,0.23,MFG_023
SKU_00675,TCM,ambient,451,25.33,A,False,False,False,0.089,1.361,MFG_093
SKU_00676,TCM,ambient,365,83.12,A,False,False,False,1.979,0.074,MFG_080
SKU_00677,Medical_Devices,ambient,986,84.65,C,False,False,False,0.853,0.924,MFG_021
SKU_00678,Western_Medicine,ambient,891,68.12,B,True,True,False,0.378,0.83,MFG_089
SKU_00679,Health_Supplements,ambient,365,64.84,C,False,False,False,0.502,0.468,MFG_053
SKU_00680,Medical_Devices,ambient,933,1.35,A,False,True,False,0.423,0.884,MFG_083
SKU_00681,Western_Medicine,cold,226,2.76,C,False,True,True,0.117,0.274,MFG_092
SKU_00682,Western_Medicine,cool,730,22.68,C,False,False,False,1.94,0.455,MFG_062
SKU_00683,TCM,ambient,690,76.0,C,False,False,False,0.712,0.646,MFG_072
SKU_00684,TCM,cool,564,83.0,C,False,False,False,1.054,1.108,MFG_044
SKU_00685,Western_Medicine,cool,677,8.87,C,False,True,False,0.908,0.397,MFG_037
SKU_00686,Medical_Devices,ambient,365,1.33,C,True,False,False,0.34,0.43,MFG_088
SKU_00687,Western_Medicine,ambient,980,12.11,C,True,False,False,0.725,1.048,MFG_063
SKU_00688,Medical_Devices,ambient,392,17.48,C,False,True,False,1.799,1.169,MFG_045
SKU_00689,Medical_Devices,cool,634,26.66,A,False,True,False,0.231,0.14,MFG_089
SKU_00690,TCM,cold,316,1.37,B,False,True,False,1.448,0.336,MFG_020
SKU_00691,Health_Supplements,ambient,569,44.03,C,False,False,False,1.056,1.372,MFG_071
SKU_00692,Medical_Devices,ambient,1078,36.91,C,False,True,False,1.638,0.372,MFG_016
SKU_00693,TCM,ambient,365,68.03,C,False,True,False,1.335,0.42,MFG_013
SKU_00694,TCM,ambient,536,40.44,C,False,False,False,1.687,0.012,MFG_065
SKU_00695,TCM,cold,240,166.7,C,False,True,False,1.214,0.224,MFG_010
SKU_00696,TCM,cool,730,3.67,B,False,False,False,0.847,1.265,MFG_090
SKU_00697,Medical_Devices,cold,365,10.64,C,True,True,False,0.687,0.202,MFG_030
SKU_00698,Western_Medicine,ambient,365,25.95,A,True,True,True,1.387,1.457,MFG_022
SKU_00699,TCM,cool,231,10.6,B,True,True,False,1.3,0.542,MFG_047
SKU_00700,Western_Medicine,cold,365,43.96,C,False,True,False,1.344,1.098,MFG_028
SKU_00701,Western_Medicine,ambient,365,4.74,B,True,False,False,1.326,0.565,MFG_030
SKU_00702,Health_Supplements,ambient,365,20.55,C,False,False,False,0.622,1.061,MFG_015
SKU_00703,Medical_Devices,cold,365,40.1,C,False,True,False,1.306,1.024,MFG_069
SKU_00704,Western_Medicine,ambient,365,61.75,C,False,True,False,1.18,0.946,MFG_003
SKU_00705,Western_Medicine,ambient,1061,3.69,C,False,False,False,1.26,0.765,MFG_013
SKU_00706,Medical_Devices,ambient,365,136.48,C,True,False,False,1.794,0.617,MFG_093
SKU_00707,Western_Medicine,cold,264,96.15,C,False,True,False,1.266,0.261,MFG_090
SKU_00708,TCM,cool,478,5.1,B,False,False,False,0.441,0.102,MFG_010
SKU_00709,TCM,cold,365,14.71,C,False,True,False,1.936,1.235,MFG_010
SKU_00710,Western_Medicine,ambient,716,10.94,C,True,True,False,0.866,0.264,MFG_045
SKU_00711,TCM,ambient,858,39.56,A,False,True,False,0.361,1.189,MFG_061
SKU_00712,Western_Medicine,cold,329,141.25,A,False,True,False,0.728,0.633,MFG_058
SKU_00713,Medical_Devices,cold,365,14.73,C,True,True,False,0.272,0.321,MFG_021
SKU_00714,Health_Supplements,frozen,381,11.37,C,False,True,False,0.808,0.017,MFG_076
SKU_00715,TCM,ambient,757,99.21,C,False,False,False,0.525,0.651,MFG_066
SKU_00716,Medical_Devices,ambient,466,29.85,C,False,False,False,0.896,0.567,MFG_066
SKU_00717,Western_Medicine,ambient,537,160.32,C,False,True,False,1.31,0.889,MFG_095
SKU_00718,Medical_Devices,ambient,578,9.67,C,False,True,False,1.015,1.031,MFG_030
SKU_00719,TCM,ambient,365,116.42,C,True,False,False,1.922,0.87,MFG_062
SKU_00720,Health_Supplements,ambient,862,19.88,A,False,False,False,1.3,0.2,MFG_096
SKU_00721,TCM,ambient,365,21.47,C,False,True,False,0.103,1.028,MFG_092
SKU_00722,Western_Medicine,ambient,665,88.11,C,False,True,False,1.494,0.056,MFG_041
SKU_00723,TCM,ambient,365,44.48,B,False,False,False,0.118,0.644,MFG_062
SKU_00724,Health_Supplements,ambient,416,26.79,C,False,False,False,0.418,1.211,MFG_038
SKU_00725,TCM,ambient,693,69.89,C,False,True,False,1.281,0.229,MFG_002
SKU_00726,TCM,cool,640,32.96,B,False,True,False,0.926,1.468,MFG_062
SKU_00727,TCM,ambient,1030,58.15,C,False,False,False,0.584,1.249,MFG_060
SKU_00728,Western_Medicine,cool,248,43.66,A,False,False,True,0.448,0.378,MFG_055
SKU_00729,TCM,ambient,518,39.79,C,False,False,False,1.347,0.538,MFG_021
SKU_00730,Western_Medicine,cool,730,21.29,A,False,False,False,0.672,0.144,MFG_062
SKU_00731,Western_Medicine,ambient,663,8.58,B,False,False,False,0.842,0.482,MFG_060
SKU_00732,Western_Medicine,cold,365,6.96,A,True,True,False,0.41,0.648,MFG_024
SKU_00733,Health_Supplements,ambient,557,121.11,B,True,False,False,1.119,0.657,MFG_029
SKU_00734,TCM,cool,730,23.91,C,False,True,False,1.639,0.296,MFG_030
SKU_00735,Medical_Devices,cold,365,16.43,C,True,True,False,0.659,0.89,MFG_051
SKU_00736,TCM,ambient,942,17.22,B,True,False,False,1.758,0.505,MFG_003
SKU_00737,Western_Medicine,cool,730,88.95,B,False,False,False,1.806,0.044,MFG_012
SKU_00738,Health_Supplements,cool,355,39.41,C,False,False,False,1.095,0.347,MFG_063
SKU_00739,Health_Supplements,cool,730,92.29,C,False,False,False,0.635,0.333,MFG_001
SKU_00740,Medical_Devices,cold,365,52.11,A,True,True,False,0.65,0.033,MFG_054
SKU_00741,TCM,cool,730,8.41,A,False,True,False,1.523,1.006,MFG_021
SKU_00742,Western_Medicine,ambient,776,168.01,A,True,True,False,1.976,0.708,MFG_095
SKU_00743,Western_Medicine,ambient,852,3.32,B,True,False,False,0.461,0.039,MFG_097
SKU_00744,TCM,ambient,459,31.45,B,False,True,False,1.072,0.189,MFG_060
SKU_00745,Western_Medicine,ambient,365,13.44,C,False,True,False,0.19,1.24,MFG_001
SKU_00746,Medical_Devices,ambient,673,14.2,A,True,True,False,1.899,0.059,MFG_008
SKU_00747,TCM,cold,365,131.76,C,False,True,True,1.726,0.428,MFG_026
SKU_00748,Medical_Devices,ambient,365,27.22,C,False,False,False,1.154,1.284,MFG_062
SKU_00749,TCM,cold,365,67.49,B,True,True,False,0.455,0.805,MFG_015
SKU_00750,Medical_Devices,ambient,365,10.66,B,False,False,False,1.599,0.699,MFG_013
SKU_00751,TCM,cold,133,41.63,A,True,True,False,0.546,0.759,MFG_008
SKU_00752,Western_Medicine,cool,730,49.44,C,True,False,False,0.596,0.453,MFG_001
SKU_00753,Medical_Devices,cold,196,18.41,C,False,True,False,0.478,0.272,MFG_087
SKU_00754,Western_Medicine,ambient,432,59.85,B,True,True,True,1.674,0.175,MFG_075
SKU_00755,TCM,ambient,494,11.16,C,False,False,False,0.131,0.877,MFG_044
SKU_00756,Western_Medicine,ambient,365,173.42,A,True,False,False,0.409,0.6,MFG_063
SKU_00757,Medical_Devices,ambient,683,58.73,C,False,False,True,1.945,0.443,MFG_015
SKU_00758,Medical_Devices,ambient,1058,112.98,C,False,False,False,1.323,1.125,MFG_072
SKU_00759,Western_Medicine,cold,327,25.2,C,True,True,False,1.476,0.974,MFG_027
SKU_00760,TCM,cold,365,20.09,B,False,True,False,0.451,0.7,MFG_060
SKU_00761,Western_Medicine,ambient,365,106.59,C,False,True,False,0.818,0.389,MFG_062
SKU_00762,Western_Medicine,cool,730,2.81,C,True,False,False,1.041,0.564,MFG_009
SKU_00763,TCM,ambient,862,8.25,C,False,True,False,1.326,0.394,MFG_001
SKU_00764,Health_Supplements,ambient,365,10.36,C,False,True,False,0.438,0.675,MFG_053
SKU_00765,TCM,cold,364,220.85,B,False,True,False,1.581,1.029,MFG_028
SKU_00766,Western_Medicine,cold,365,15.77,A,False,True,False,1.182,1.189,MFG_089
SKU_00767,Medical_Devices,ambient,792,220.85,C,False,False,False,1.625,0.16,MFG_063
SKU_00768,TCM,ambient,799,112.17,C,False,False,False,1.12,0.998,MFG_072
SKU_00769,Western_Medicine,ambient,365,6.1,C,True,True,False,0.596,0.558,MFG_066
SKU_00770,TCM,ambient,517,68.49,C,False,True,False,0.532,0.269,MFG_054
SKU_00771,Medical_Devices,cool,385,20.19,A,False,True,False,1.533,0.979,MFG_033
SKU_00772,Western_Medicine,ambient,391,6.65,B,True,True,False,1.219,1.273,MFG_045
SKU_00773,Western_Medicine,ambient,913,43.23,C,True,False,False,0.223,0.119,MFG_082
SKU_00774,Medical_Devices,cool,730,58.63,C,False,False,False,0.512,0.156,MFG_027
SKU_00775,Western_Medicine,ambient,625,53.43,C,False,True,False,1.405,0.615,MFG_032
SKU_00776,Medical_Devices,cold,365,78.03,C,False,True,False,0.944,0.479,MFG_082
SKU_00777,Western_Medicine,ambient,472,11.14,B,True,True,False,1.235,0.468,MFG_088
SKU_00778,Medical_Devices,cool,324,2.08,B,False,False,False,0.245,0.538,MFG_024
SKU_00779,Medical_Devices,cold,365,69.45,C,False,True,False,0.315,0.438,MFG_001
SKU_00780,Health_Supplements,ambient,606,8.63,B,False,False,False,1.012,1.452,MFG_089
SKU_00781,Western_Medicine,ambient,579,11.56,C,False,False,False,0.2,1.078,MFG_061
SKU_00782,Western_Medicine,ambient,365,133.98,C,False,True,False,1.724,0.506,MFG_042
SKU_00783,TCM,ambient,652,7.54,C,True,False,False,1.367,0.512,MFG_002
SKU_00784,Health_Supplements,frozen,730,16.6,B,False,True,False,0.938,0.709,MFG_082
SKU_00785,TCM,ambient,365,141.13,C,True,True,False,0.512,0.012,MFG_001
SKU_00786,TCM,cool,730,4.32,A,False,True,False,1.385,0.07,MFG_001
SKU_00787,Western_Medicine,ambient,584,36.04,C,False,False,False,1.098,0.281,MFG_082
SKU_00788,TCM,cool,297,4.39,C,True,True,False,0.256,0.486,MFG_032
SKU_00789,Medical_Devices,ambient,365,6.24,C,False,True,False,1.114,0.6,MFG_002
SKU_00790,Medical_Devices,cool,688,12.09,C,False,True,False,0.285,1.023,MFG_047
SKU_00791,Western_Medicine,cold,365,42.66,C,False,True,True,1.765,1.059,MFG_013
SKU_00792,Medical_Devices,cold,209,110.83,A,True,True,False,1.669,0.536,MFG_082
SKU_00793,Western_Medicine,ambient,684,26.14,A,False,True,False,0.333,0.935,MFG_029
SKU_00794,TCM,ambient,643,75.42,B,False,True,False,1.768,0.808,MFG_029
SKU_00795,Health_Supplements,ambient,365,21.43,A,True,True,False,1.414,0.634,MFG_027
SKU_00796,TCM,cool,249,5.2,C,False,False,False,1.196,0.331,MFG_100
SKU_00797,Western_Medicine,cold,143,22.22,C,True,True,False,1.814,0.69,MFG_060
SKU_00798,Medical_Devices,cool,180,8.72,B,False,True,False,0.323,0.928,MFG_035
SKU_00799,Western_Medicine,ambient,569,17.44,C,True,True,False,0.728,1.405,MFG_083
SKU_00800,Medical_Devices,ambient,555,31.82,B,False,False,False,0.691,0.686,MFG_001
SKU_00801,Medical_Devices,ambient,622,6.35,C,True,False,False,0.139,0.482,MFG_060
SKU_00802,Medical_Devices,ambient,954,5.92,B,True,True,False,0.218,0.736,MFG_082
SKU_00803,Health_Supplements,ambient,480,2.05,C,True,False,False,1.536,1.458,MFG_093
SKU_00804,Medical_Devices,cold,365,18.54,A,False,True,False,1.967,0.825,MFG_001
SKU_00805,Medical_Devices,ambient,365,53.37,A,False,True,False,0.504,0.468,MFG_021
SKU_00806,TCM,cool,203,5.83,B,True,True,False,0.044,0.607,MFG_081
SKU_00807,TCM,ambient,992,51.04,C,True,True,False,1.697,0.647,MFG_043
SKU_00808,Western_Medicine,cool,730,36.54,C,False,False,False,0.101,0.816,MFG_017
SKU_00809,Western_Medicine,cool,730,23.28,C,True,False,False,0.69,0.696,MFG_054
SKU_00810,Health_Supplements,cool,730,13.37,B,False,True,False,0.825,0.614,MFG_017
SKU_00811,Medical_Devices,cool,658,3.7,B,True,True,False,1.077,1.42,MFG_094
SKU_00812,Western_Medicine,ambient,365,169.61,B,True,True,False,0.774,0.212,MFG_026
SKU_00813,Medical_Devices,ambient,1071,12.41,C,False,False,False,0.179,0.298,MFG_070
SKU_00814,TCM,ambient,621,23.26,C,False,True,False,0.917,0.585,MFG_008
SKU_00815,Western_Medicine,cold,365,14.18,B,False,True,False,1.817,1.094,MFG_063
SKU_00816,Western_Medicine,ambient,589,11.85,C,True,False,False,0.395,1.173,MFG_026
SKU_00817,TCM,ambient,956,21.21,B,False,False,False,1.851,1.219,MFG_090
SKU_00818,Medical_Devices,cold,125,3.53,C,False,True,False,1.191,1.116,MFG_083
SKU_00819,Western_Medicine,ambient,712,55.17,C,True,True,False,1.461,0.6,MFG_006
SKU_00820,TCM,cool,192,29.2,C,True,False,False,0.422,0.694,MFG_053
SKU_00821,Medical_Devices,cool,500,4.0,C,False,False,False,0.737,0.913,MFG_050
SKU_00822,TCM,ambient,928,7.5,C,True,False,False,1.109,1.45,MFG_082
SKU_00823,TCM,cool,501,94.6,C,False,False,True,1.73,1.326,MFG_020
SKU_00824,Western_Medicine,cool,730,16.67,C,True,False,False,0.997,0.714,MFG_093
SKU_00825,Health_Supplements,cold,365,119.35,C,False,True,False,1.221,0.128,MFG_062
SKU_00826,Western_Medicine,cold,365,36.73,B,True,True,False,1.036,1.137,MFG_015
SKU_00827,TCM,frozen,331,10.31,B,False,True,False,1.261,1.15,MFG_028
SKU_00828,Western_Medicine,ambient,818,43.07,C,True,True,False,1.84,0.904,MFG_012
SKU_00829,Medical_Devices,ambient,524,10.25,B,True,False,False,1.749,1.323,MFG_028
SKU_00830,TCM,cold,353,6.74,C,False,True,False,1.121,0.563,MFG_016
SKU_00831,Western_Medicine,ambient,868,10.11,C,True,False,False,1.772,0.028,MFG_093
SKU_00832,TCM,frozen,721,2.71,C,False,True,False,0.46,1.478,MFG_067
SKU_00833,Western_Medicine,cool,730,2.66,C,True,False,False,0.977,1.358,MFG_036
SKU_00834,Medical_Devices,cool,693,89.93,B,True,False,False,1.015,1.106,MFG_069
SKU_00835,Western_Medicine,ambient,365,13.48,C,False,False,False,0.358,0.347,MFG_080
SKU_00836,Western_Medicine,ambient,554,56.27,A,True,False,False,1.435,0.448,MFG_015
SKU_00837,Western_Medicine,ambient,370,3.25,B,True,False,False,0.373,1.096,MFG_093
SKU_00838,Western_Medicine,ambient,593,17.13,B,True,True,False,0.485,1.142,MFG_017
SKU_00839,Health_Supplements,cold,365,3.82,B,True,True,False,1.014,0.6,MFG_043
SKU_00840,Medical_Devices,frozen,504,4.0,B,True,True,False,0.83,1.415,MFG_067
SKU_00841,Western_Medicine,ambient,365,32.84,C,False,True,False,1.893,0.604,MFG_035
SKU_00842,TCM,cold,214,103.33,C,True,True,False,0.417,0.831,MFG_043
SKU_00843,TCM,ambient,433,9.23,B,False,False,False,0.62,1.355,MFG_033
SKU_00844,Medical_Devices,cold,189,15.11,B,False,True,False,1.013,0.345,MFG_001
SKU_00845,Health_Supplements,cool,717,1.59,C,False,False,False,0.912,1.335,MFG_027
SKU_00846,Western_Medicine,cool,730,1.36,B,True,False,False,0.728,1.031,MFG_001
SKU_00847,Western_Medicine,cold,365,14.2,C,False,True,False,0.941,0.534,MFG_090
SKU_00848,Western_Medicine,cold,121,51.42,C,False,True,False,0.124,0.918,MFG_046
SKU_00849,TCM,cool,730,46.4,C,False,False,False,0.839,0.018,MFG_044
SKU_00850,TCM,cool,730,14.01,B,False,False,False,0.214,0.062,MFG_007
SKU_00851,Western_Medicine,cool,337,1.71,B,False,False,False,0.221,1.365,MFG_081
SKU_00852,Western_Medicine,ambient,1000,35.37,C,True,True,False,0.043,1.199,MFG_100
SKU_00853,Health_Supplements,ambient,365,4.33,B,False,False,False,0.56,0.254,MFG_054
SKU_00854,Medical_Devices,ambient,690,83.76,C,False,False,False,1.878,0.013,MFG_023
SKU_00855,TCM,cold,365,22.64,C,False,True,False,1.582,0.363,MFG_092
SKU_00856,TCM,cool,489,28.8,C,False,False,True,0.336,1.137,MFG_060
SKU_00857,Western_Medicine,ambient,436,56.0,C,False,False,False,0.927,0.355,MFG_095
SKU_00858,Medical_Devices,ambient,745,102.85,C,True,True,False,0.986,0.934,MFG_006
SKU_00859,Medical_Devices,cool,730,9.73,C,False,False,True,1.224,0.037,MFG_002
SKU_00860,Western_Medicine,ambient,369,2.03,A,True,False,False,0.217,0.152,MFG_002
SKU_00861,Western_Medicine,cold,365,2.32,B,True,True,False,0.53,1.06,MFG_029
SKU_00862,Health_Supplements,ambient,871,9.85,C,False,False,False,0.389,0.913,MFG_089
SKU_00863,TCM,cool,730,25.95,C,False,False,False,0.063,0.31,MFG_010
SKU_00864,TCM,ambient,451,19.5,C,False,False,False,0.975,0.117,MFG_066
SKU_00865,Medical_Devices,cool,450,76.05,C,False,False,False,0.457,0.582,MFG_035
SKU_00866,TCM,ambient,422,121.99,C,False,False,False,0.999,0.014,MFG_093
SKU_00867,Western_Medicine,cold,365,22.91,B,False,True,False,1.193,0.854,MFG_070
SKU_00868,Western_Medicine,ambient,638,3.63,B,True,True,False,1.764,1.202,MFG_029
SKU_00869,Health_Supplements,ambient,365,75.89,B,False,True,False,1.026,0.74,MFG_083
SKU_00870,TCM,ambient,718,17.28,B,False,False,True,0.062,0.306,MFG_013
SKU_00871,TCM,cold,365,5.56,B,False,True,False,0.438,0.79,MFG_062
SKU_00872,Medical_Devices,ambient,449,2.74,C,True,True,False,0.626,0.084,MFG_093
SKU_00873,Western_Medicine,cool,456,16.45,C,True,False,False,1.073,0.83,MFG_020
SKU_00874,Medical_Devices,cool,730,8.68,C,True,False,False,0.29,1.102,MFG_096
SKU_00875,TCM,cool,297,164.77,C,False,False,False,0.473,0.541,MFG_029
SKU_00876,TCM,ambient,365,4.95,C,False,True,False,1.304,0.8,MFG_003
SKU_00877,Western_Medicine,ambient,650,124.22,B,True,False,False,1.915,1.339,MFG_020
SKU_00878,Medical_Devices,ambient,417,76.43,C,True,True,False,0.783,0.132,MFG_002
SKU_00879,Western_Medicine,ambient,587,1.37,B,False,True,False,1.148,1.022,MFG_044
SKU_00880,Western_Medicine,ambient,737,34.62,C,False,True,False,1.114,0.319,MFG_021
SKU_00881,Western_Medicine,cool,268,6.34,C,True,True,False,0.564,0.014,MFG_084
SKU_00882,Medical_Devices,cool,521,2.59,C,True,False,False,0.833,1.085,MFG_047
SKU_00883,Western_Medicine,ambient,997,3.43,C,False,False,True,0.176,0.744,MFG_026
SKU_00884,TCM,cool,730,2.06,A,True,False,False,0.461,0.953,MFG_007
SKU_00885,TCM,cool,336,21.24,C,True,True,False,1.215,1.469,MFG_041
SKU_00886,TCM,cool,273,73.45,C,False,False,True,0.281,1.011,MFG_076
SKU_00887,TCM,cool,641,21.53,C,False,False,False,0.495,1.447,MFG_087
SKU_00888,TCM,cold,121,21.68,B,True,True,False,0.099,0.546,MFG_028
SKU_00889,Medical_Devices,ambient,876,8.03,B,True,False,False,0.047,0.135,MFG_051
SKU_00890,Medical_Devices,ambient,481,12.42,C,False,True,False,0.034,0.763,MFG_043
SKU_00891,Western_Medicine,ambient,365,12.46,C,False,False,False,0.698,0.196,MFG_089
SKU_00892,TCM,ambient,365,127.09,B,False,False,False,0.841,0.707,MFG_035
SKU_00893,Western_Medicine,cool,409,2.06,C,True,False,False,1.51,0.919,MFG_012
SKU_00894,Western_Medicine,cold,300,31.19,C,False,True,False,0.628,0.476,MFG_072
SKU_00895,TCM,cold,292,16.96,C,False,True,False,1.687,0.112,MFG_060
SKU_00896,Health_Supplements,ambient,783,12.28,A,False,True,False,0.446,0.382,MFG_054
SKU_00897,Western_Medicine,ambient,956,63.95,C,True,False,False,1.177,0.684,MFG_093
SKU_00898,Western_Medicine,ambient,825,14.21,C,True,True,False,0.803,1.334,MFG_063
SKU_00899,Health_Supplements,frozen,730,62.16,C,False,True,False,1.726,0.902,MFG_087
SKU_00900,Medical_Devices,ambient,621,9.54,B,False,True,False,1.287,0.35,MFG_098
SKU_00901,Medical_Devices,ambient,453,36.27,C,False,False,False,1.611,0.902,MFG_013
SKU_00902,Western_Medicine,ambient,486,9.14,C,False,False,True,1.564,0.594,MFG_012
SKU_00903,TCM,ambient,721,14.74,B,True,True,False,1.278,0.22,MFG_060
SKU_00904,Medical_Devices,ambient,730,69.79,C,True,True,False,0.378,0.673,MFG_035
SKU_00905,Medical_Devices,ambient,978,181.99,C,False,True,False,0.8,0.334,MFG_072
SKU_00906,Health_Supplements,cool,203,32.54,C,True,True,False,0.133,1.179,MFG_042
SKU_00907,Western_Medicine,ambient,382,1.6,C,False,False,False,1.099,0.92,MFG_095
SKU_00908,TCM,ambient,601,64.75,A,False,False,False,0.408,0.315,MFG_071
SKU_00909,Medical_Devices,cool,401,7.92,A,False,True,False,0.862,0.891,MFG_030
SKU_00910,TCM,cool,343,98.1,C,False,True,False,0.383,1.315,MFG_033
SKU_00911,Western_Medicine,ambient,613,25.23,C,False,True,False,1.121,1.142,MFG_046
SKU_00912,Western_Medicine,cool,576,34.67,C,False,True,False,1.302,0.715,MFG_001
SKU_00913,Western_Medicine,cool,376,24.02,A,False,True,False,1.442,0.405,MFG_001
SKU_00914,TCM,ambient,365,67.96,C,False,False,False,0.712,0.553,MFG_050
SKU_00915,Western_Medicine,ambient,377,13.55,C,False,False,False,0.828,1.274,MFG_026
SKU_00916,Western_Medicine,ambient,933,2.47,B,True,True,True,1.879,0.351,MFG_025
SKU_00917,TCM,cold,248,50.35,C,False,True,False,0.951,0.162,MFG_054
SKU_00918,Medical_Devices,ambient,781,94.97,C,True,False,False,1.864,0.276,MFG_084
SKU_00919,Medical_Devices,cool,513,4.74,C,True,False,True,0.052,1.454,MFG_053
SKU_00920,Medical_Devices,cool,413,46.34,B,True,True,False,0.92,0.564,MFG_053
SKU_00921,TCM,ambient,530,2.25,C,False,True,False,0.388,0.692,MFG_092
SKU_00922,Western_Medicine,cold,365,91.66,C,False,True,False,1.554,0.8,MFG_042
SKU_00923,TCM,ambient,740,110.81,A,True,True,False,1.19,0.012,MFG_021
SKU_00924,Medical_Devices,ambient,365,5.8,B,False,True,False,1.437,0.031,MFG_027
SKU_00925,Medical_Devices,ambient,616,31.4,C,False,False,False,1.181,0.311,MFG_046
SKU_00926,Western_Medicine,ambient,662,4.42,B,True,False,False,1.715,0.753,MFG_050
SKU_00927,Western_Medicine,ambient,365,110.43,C,False,True,True,1.791,1.027,MFG_024
SKU_00928,Health_Supplements,ambient,365,88.61,C,True,False,False,1.438,1.197,MFG_083
SKU_00929,Medical_Devices,cool,730,26.37,C,True,True,False,1.746,0.333,MFG_054
SKU_00930,Western_Medicine,cool,730,49.48,B,True,True,False,0.448,0.554,MFG_043
SKU_00931,Western_Medicine,frozen,621,73.11,C,True,True,False,0.307,0.63,MFG_093
SKU_00932,TCM,ambient,638,58.58,C,False,True,False,0.77,0.549,MFG_047
SKU_00933,Medical_Devices,ambient,511,69.49,C,True,False,False,1.652,0.827,MFG_097
SKU_00934,Medical_Devices,ambient,365,10.74,C,False,True,False,0.341,1.042,MFG_020
SKU_00935,Western_Medicine,ambient,553,9.09,B,False,False,False,1.502,0.348,MFG_093
SKU_00936,Medical_Devices,ambient,751,10.89,C,True,True,False,0.723,0.471,MFG_060
SKU_00937,TCM,cold,365,82.99,C,True,True,False,1.218,1.186,MFG_087
SKU_00938,Western_Medicine,cold,365,46.43,C,False,True,False,1.703,1.204,MFG_025
SKU_00939,Western_Medicine,cold,365,27.9,C,False,True,True,1.824,0.777,MFG_008
SKU_00940,Western_Medicine,ambient,886,65.33,B,True,False,False,1.314,0.343,MFG_033
SKU_00941,Western_Medicine,ambient,365,101.72,C,True,False,False,0.269,1.224,MFG_021
SKU_00942,Medical_Devices,cold,135,64.91,C,False,True,False,1.341,0.25,MFG_038
SKU_00943,Western_Medicine,cold,319,70.84,A,True,True,False,1.978,0.763,MFG_062
SKU_00944,TCM,ambient,525,41.58,A,False,False,False,1.048,0.024,MFG_088
SKU_00945,Medical_Devices,ambient,365,1.41,C,True,False,False,1.021,1.386,MFG_029
SKU_00946,TCM,cold,345,62.19,C,False,True,True,0.272,0.247,MFG_092
SKU_00947,TCM,ambient,428,23.51,B,False,False,False,0.329,1.298,MFG_097
SKU_00948,Western_Medicine,ambient,577,2.1,C,True,True,False,0.428,0.273,MFG_060
SKU_00949,Medical_Devices,ambient,365,1.67,C,True,True,False,0.52,0.89,MFG_009
SKU_00950,Western_Medicine,cool,730,4.92,C,True,True,False,0.781,0.085,MFG_006
SKU_00951,Health_Supplements,ambient,365,46.59,B,True,True,False,1.793,0.11,MFG_003
SKU_00952,Western_Medicine,cold,275,4.56,A,False,True,False,0.498,0.708,MFG_070
SKU_00953,Western_Medicine,ambient,763,3.09,C,True,False,False,1.529,0.651,MFG_083
SKU_00954,TCM,ambient,1092,8.65,C,True,False,False,1.827,1.17,MFG_001
SKU_00955,Health_Supplements,cool,730,33.51,A,False,False,False,1.238,0.385,MFG_087
SKU_00956,TCM,ambient,365,48.33,C,False,False,True,1.8,0.748,MFG_027
SKU_00957,TCM,cool,441,8.66,B,False,True,False,0.129,0.78,MFG_025
SKU_00958,Medical_Devices,ambient,573,32.97,C,False,True,False,1.09,0.454,MFG_050
SKU_00959,TCM,cool,730,13.1,B,True,False,False,1.168,0.859,MFG_008
SKU_00960,Western_Medicine,ambient,365,41.76,C,True,True,False,1.467,0.672,MFG_072
SKU_00961,Health_Supplements,cool,730,5.26,C,True,True,False,0.816,0.396,MFG_069
SKU_00962,Western_Medicine,cold,365,53.36,B,False,True,False,0.976,0.098,MFG_089
SKU_00963,Western_Medicine,ambient,1026,56.41,C,False,False,False,0.878,0.388,MFG_026
SKU_00964,TCM,cool,643,4.1,C,False,True,False,0.672,0.623,MFG_030
SKU_00965,Western_Medicine,cool,730,42.08,C,True,False,False,1.285,1.461,MFG_030
SKU_00966,Western_Medicine,ambient,468,22.36,C,False,True,False,0.956,1.24,MFG_007
SKU_00967,TCM,ambient,365,73.58,C,True,True,False,1.416,0.175,MFG_001
SKU_00968,TCM,cold,353,68.92,C,False,True,False,1.539,0.28,MFG_067
SKU_00969,Medical_Devices,ambient,368,27.78,C,False,False,False,1.282,0.167,MFG_061
SKU_00970,TCM,cool,730,193.56,C,True,False,False,1.491,0.418,MFG_023
SKU_00971,Medical_Devices,ambient,365,8.87,B,True,False,False,0.645,0.555,MFG_002
SKU_00972,TCM,ambient,419,35.33,B,True,True,False,1.445,0.14,MFG_037
SKU_00973,Medical_Devices,cool,180,3.85,A,True,True,False,0.036,1.065,MFG_010
SKU_00974,Western_Medicine,ambient,862,1.61,A,True,False,False,0.392,1.343,MFG_065
SKU_00975,Western_Medicine,ambient,764,13.71,A,True,True,False,1.29,1.136,MFG_043
SKU_00976,Western_Medicine,cold,365,14.6,A,True,True,False,1.917,0.999,MFG_022
SKU_00977,Medical_Devices,ambient,393,2.38,C,True,True,False,0.097,0.649,MFG_022
SKU_00978,Western_Medicine,frozen,190,84.54,A,False,True,False,1.202,0.289,MFG_049
SKU_00979,Western_Medicine,cold,289,116.27,A,False,True,False,1.883,0.018,MFG_082
SKU_00980,TCM,ambient,556,29.97,C,False,True,True,0.759,0.853,MFG_023
SKU_00981,Western_Medicine,ambient,365,2.25,C,False,True,False,0.759,0.615,MFG_043
SKU_00982,Western_Medicine,ambient,878,15.07,A,False,True,False,0.916,1.247,MFG_035
SKU_00983,Western_Medicine,cold,260,7.91,C,True,True,False,0.897,0.902,MFG_072
SKU_00984,Western_Medicine,ambient,365,93.13,C,True,True,False,1.082,0.17,MFG_082
SKU_00985,Medical_Devices,cool,701,1.94,B,True,False,False,1.431,0.176,MFG_083
SKU_00986,Western_Medicine,cold,365,5.39,A,True,True,False,0.407,0.592,MFG_093
SKU_00987,Western_Medicine,cold,117,86.01,A,False,True,False,1.312,0.618,MFG_021
SKU_00988,Western_Medicine,cold,210,141.29,A,False,True,False,1.961,1.285,MFG_023
SKU_00989,Western_Medicine,ambient,828,27.15,C,False,False,False,1.95,0.425,MFG_060
SKU_00990,Western_Medicine,cold,294,197.84,A,True,True,False,0.881,1.428,MFG_047
SKU_00991,TCM,ambient,468,22.23,C,False,False,False,0.608,0.283,MFG_017
SKU_00992,TCM,cool,360,8.41,C,False,False,False,1.041,0.086,MFG_008
SKU_00993,TCM,frozen,730,1.77,B,True,True,False,0.142,1.1,MFG_022
SKU_00994,Medical_Devices,ambient,790,7.62,C,False,False,False,0.392,1.151,MFG_020
SKU_00995,TCM,ambient,1071,77.0,C,False,False,False,1.33,1.011,MFG_082
SKU_00996,Western_Medicine,ambient,365,58.82,C,True,True,False,1.173,0.181,MFG_037
SKU_00997,TCM,cold,365,31.28,C,False,True,False,0.167,0.361,MFG_050
SKU_00998,Medical_Devices,ambient,727,23.13,C,False,True,False,1.773,0.018,MFG_022
SKU_00999,TCM,ambient,365,7.69,C,True,False,False,0.541,0.59,MFG_012
SKU_01000,Western_Medicine,ambient,845,4.95,C,True,False,False,0.661,0.88,MFG_042
SKU_01001,Medical_Devices,cool,730,86.91,C,False,False,False,1.961,0.237,MFG_096
SKU_01002,TCM,ambient,365,43.02,B,False,True,False,1.199,0.197,MFG_001
SKU_01003,Medical_Devices,ambient,587,4.54,C,True,False,True,0.086,0.152,MFG_093
SKU_01004,Western_Medicine,cool,315,28.36,C,False,False,False,0.705,1.261,MFG_024
SKU_01005,TCM,ambient,667,20.56,B,False,True,False,1.055,0.179,MFG_067
SKU_01006,Western_Medicine,ambient,442,5.54,C,True,True,True,1.2,0.892,MFG_051
SKU_01007,TCM,cool,423,10.03,C,False,True,False,1.727,0.802,MFG_069
SKU_01008,Western_Medicine,ambient,411,21.4,B,False,True,True,1.66,0.221,MFG_021
SKU_01009,Western_Medicine,cold,217,8.4,C,False,True,False,0.522,0.057,MFG_069
SKU_01010,TCM,ambient,365,14.83,B,False,True,False,1.059,0.076,MFG_089
SKU_01011,Medical_Devices,cool,621,3.97,C,False,False,True,0.607,0.949,MFG_095
SKU_01012,Medical_Devices,cold,365,10.33,C,False,True,False,1.525,0.232,MFG_041
SKU_01013,Health_Supplements,ambient,866,8.26,B,True,False,False,1.172,0.517,MFG_045
SKU_01014,Medical_Devices,ambient,866,16.41,B,False,False,False,0.735,1.356,MFG_053
SKU_01015,TCM,ambient,502,130.79,C,False,True,False,1.95,1.452,MFG_063
SKU_01016,Medical_Devices,ambient,459,30.31,B,False,False,False,0.392,0.583,MFG_047
SKU_01017,TCM,cold,286,133.2,A,False,True,False,1.192,0.762,MFG_071
SKU_01018,Medical_Devices,cool,657,14.95,C,False,True,False,0.182,1.228,MFG_030
SKU_01019,Western_Medicine,frozen,483,97.31,C,True,True,False,1.17,0.233,MFG_001
SKU_01020,Western_Medicine,cool,730,4.64,A,False,True,False,1.324,1.172,MFG_029
SKU_01021,Medical_Devices,cool,730,62.45,C,True,False,False,0.896,0.558,MFG_076
SKU_01022,TCM,ambient,800,78.5,C,False,False,False,1.238,1.207,MFG_070
SKU_01023,Health_Supplements,cool,718,163.66,C,True,False,False,1.372,0.445,MFG_092
SKU_01024,Western_Medicine,ambient,599,14.29,C,True,True,False,0.485,0.59,MFG_020
SKU_01025,TCM,cold,365,28.68,B,True,True,False,1.815,1.45,MFG_050
SKU_01026,Medical_Devices,cool,571,11.55,B,True,False,False,1.424,1.06,MFG_075
SKU_01027,Western_Medicine,ambient,373,108.19,B,True,True,True,1.551,0.913,MFG_001
SKU_01028,Western_Medicine,cold,365,29.83,C,True,True,False,1.833,0.876,MFG_060
SKU_01029,Medical_Devices,ambient,529,9.53,B,False,True,False,0.896,0.172,MFG_013
SKU_01030,TCM,ambient,635,61.91,C,False,False,False,1.83,1.424,MFG_087
SKU_01031,Western_Medicine,ambient,365,29.47,A,True,False,False,1.176,0.475,MFG_090
SKU_01032,Medical_Devices,cold,237,40.14,C,False,True,False,0.73,0.259,MFG_055
SKU_01033,Medical_Devices,ambient,652,9.39,C,False,True,False,0.99,0.337,MFG_032
SKU_01034,Western_Medicine,cool,730,16.18,C,True,False,True,0.888,0.682,MFG_038
SKU_01035,TCM,cool,480,34.86,B,True,False,False,1.21,1.212,MFG_030
SKU_01036,Western_Medicine,cool,640,100.33,C,False,False,False,1.41,0.629,MFG_027
SKU_01037,Medical_Devices,ambient,365,40.3,C,False,False,True,0.517,0.889,MFG_025
SKU_01038,TCM,cool,191,113.24,A,False,False,False,1.439,1.199,MFG_046
SKU_01039,Western_Medicine,cool,730,1.34,C,True,True,False,0.729,0.599,MFG_053
SKU_01040,Western_Medicine,cool,180,51.45,B,False,True,False,0.741,0.061,MFG_029
SKU_01041,TCM,frozen,730,12.46,C,True,True,False,1.342,1.149,MFG_071
SKU_01042,Western_Medicine,cool,730,35.04,C,True,True,False,0.984,0.825,MFG_026
SKU_01043,TCM,ambient,365,112.2,C,False,True,False,1.968,0.323,MFG_029
SKU_01044,Medical_Devices,ambient,698,7.03,B,True,True,False,1.169,1.336,MFG_009
SKU_01045,Medical_Devices,ambient,365,3.12,C,False,True,False,1.887,0.138,MFG_045
SKU_01046,Medical_Devices,ambient,657,115.68,C,True,True,False,0.586,0.622,MFG_033
SKU_01047,Western_Medicine,ambient,582,20.26,C,True,True,False,0.594,1.325,MFG_001
SKU_01048,Health_Supplements,ambient,365,3.15,B,False,False,False,1.253,0.503,MFG_098
SKU_01049,Medical_Devices,ambient,467,6.1,C,False,True,False,1.126,0.634,MFG_098
SKU_01050,Health_Supplements,cool,730,1.72,C,False,True,False,0.251,1.448,MFG_060
SKU_01051,Western_Medicine,cool,544,43.44,A,False,True,False,0.568,0.022,MFG_029
SKU_01052,Health_Supplements,ambient,543,143.04,C,False,True,False,1.082,0.572,MFG_007
SKU_01053,Medical_Devices,cool,205,1.87,C,False,True,False,0.984,1.316,MFG_080
SKU_01054,Western_Medicine,ambient,766,133.42,C,False,True,False,0.103,0.774,MFG_016
SKU_01055,Western_Medicine,cold,365,27.62,A,False,True,False,1.178,1.27,MFG_069
SKU_01056,TCM,cool,713,57.4,B,False,False,False,1.769,1.178,MFG_037
SKU_01057,Western_Medicine,cold,365,3.95,B,True,True,False,1.654,0.268,MFG_001
SKU_01058,Western_Medicine,ambient,709,27.93,C,True,False,False,0.889,0.496,MFG_067
SKU_01059,Medical_Devices,ambient,650,36.85,A,False,False,False,1.732,0.086,MFG_032
SKU_01060,Medical_Devices,cool,461,13.87,B,False,False,False,1.593,0.713,MFG_051
SKU_01061,TCM,ambient,954,110.41,B,True,True,False,1.749,0.555,MFG_092
SKU_01062,Medical_Devices,cool,730,22.29,B,False,False,False,0.692,0.278,MFG_050
SKU_01063,Western_Medicine,ambient,365,10.94,C,False,True,False,0.488,0.216,MFG_092
SKU_01064,Western_Medicine,ambient,746,6.59,B,True,False,False,0.657,0.828,MFG_013
SKU_01065,Health_Supplements,cool,180,87.14,C,False,True,False,0.303,1.27,MFG_035
SKU_01066,Medical_Devices,ambient,773,1.43,C,True,True,False,0.621,0.14,MFG_001
SKU_01067,Western_Medicine,ambient,365,28.66,C,True,True,False,0.255,0.023,MFG_096
SKU_01068,Western_Medicine,cool,681,10.09,B,True,False,False,1.229,0.057,MFG_033
SKU_01069,TCM,cold,365,12.26,B,False,True,False,1.48,0.48,MFG_083
SKU_01070,Western_Medicine,ambient,365,38.84,C,True,True,False,0.184,1.22,MFG_069
SKU_01071,TCM,cool,730,18.53,B,True,False,False,1.338,1.474,MFG_005
SKU_01072,Medical_Devices,cool,623,18.24,C,False,True,False,1.329,1.103,MFG_082
SKU_01073,Medical_Devices,cool,564,4.59,C,False,False,False,1.555,0.664,MFG_083
SKU_01074,Health_Supplements,ambient,995,15.71,B,True,False,False,0.493,0.206,MFG_024
SKU_01075,Western_Medicine,cold,365,2.81,C,True,True,False,1.956,0.962,MFG_082
SKU_01076,Western_Medicine,cool,730,70.76,C,False,True,False,1.112,1.061,MFG_069
SKU_01077,Western_Medicine,cool,681,18.46,C,False,False,False,1.486,0.107,MFG_069
SKU_01078,TCM,ambient,631,3.86,B,False,False,False,0.603,1.355,MFG_065
SKU_01079,Western_Medicine,ambient,365,77.65,C,False,False,False,1.536,1.122,MFG_030
SKU_01080,Western_Medicine,cold,142,15.06,C,False,True,True,1.074,0.684,MFG_026
SKU_01081,Health_Supplements,cool,278,121.57,C,True,True,False,1.611,1.042,MFG_067
SKU_01082,Western_Medicine,ambient,473,48.09,C,False,True,False,1.489,1.049,MFG_062
SKU_01083,Medical_Devices,cool,730,33.21,A,True,True,False,1.323,0.381,MFG_008
SKU_01084,Western_Medicine,ambient,615,6.08,B,True,False,False,1.555,1.036,MFG_033
SKU_01085,Western_Medicine,ambient,901,51.78,C,True,False,False,1.589,1.124,MFG_025
SKU_01086,Health_Supplements,ambient,458,53.3,C,True,True,False,0.124,0.159,MFG_013
SKU_01087,Medical_Devices,cool,730,4.3,C,True,False,False,1.189,0.941,MFG_080
SKU_01088,Western_Medicine,ambient,365,1.71,C,False,True,False,0.817,1.409,MFG_032
SKU_01089,Western_Medicine,cold,365,29.82,B,False,True,False,1.217,0.457,MFG_054
SKU_01090,Western_Medicine,cool,730,2.5,C,False,False,False,0.542,0.031,MFG_016
SKU_01091,Western_Medicine,cool,512,89.28,C,False,True,False,1.6,0.898,MFG_030
SKU_01092,Western_Medicine,ambient,557,35.43,B,False,True,False,0.385,0.079,MFG_060
SKU_01093,Western_Medicine,frozen,431,7.25,A,True,True,False,0.228,0.079,MFG_083
SKU_01094,TCM,ambient,365,53.79,C,False,False,False,1.218,1.103,MFG_060
SKU_01095,TCM,cool,730,3.8,C,False,False,False,0.92,1.467,MFG_041
SKU_01096,Medical_Devices,ambient,921,61.23,C,False,False,False,1.614,0.463,MFG_072
SKU_01097,Western_Medicine,cold,365,51.26,A,False,True,False,1.07,1.084,MFG_055
SKU_01098,TCM,ambient,365,33.66,C,False,False,False,1.029,0.064,MFG_021
SKU_01099,Western_Medicine,ambient,474,10.68,C,False,False,False,1.382,0.231,MFG_001
SKU_01100,TCM,ambient,365,4.43,B,False,True,False,0.442,1.08,MFG_083
SKU_01101,TCM,cool,730,2.82,C,False,False,False,1.34,0.514,MFG_003
SKU_01102,Western_Medicine,ambient,603,84.75,C,True,False,False,1.601,0.248,MFG_027
SKU_01103,TCM,cold,260,43.78,C,False,True,False,0.551,0.298,MFG_072
SKU_01104,Medical_Devices,ambient,611,5.52,B,False,True,False,0.909,0.396,MFG_082
SKU_01105,TCM,ambient,368,51.28,A,False,False,False,1.676,0.324,MFG_065
SKU_01106,Medical_Devices,ambient,383,38.31,C,True,False,False,0.229,1.157,MFG_007
SKU_01107,Western_Medicine,ambient,433,3.06,C,False,True,False,0.608,1.146,MFG_071
SKU_01108,Western_Medicine,cold,365,12.27,C,True,True,False,0.419,1.077,MFG_093
SKU_01109,Western_Medicine,ambient,1064,24.45,A,True,True,False,1.133,0.598,MFG_054
SKU_01110,TCM,ambient,902,99.07,C,False,False,False,1.158,1.297,MFG_053
SKU_01111,Medical_Devices,cool,730,1.45,C,True,False,False,0.351,0.383,MFG_060
SKU_01112,TCM,ambient,1061,5.55,C,True,True,False,1.832,0.525,MFG_089
SKU_01113,TCM,ambient,365,46.2,A,False,False,False,1.398,1.261,MFG_009
SKU_01114,Western_Medicine,ambient,464,18.69,C,False,False,False,1.263,0.255,MFG_076
SKU_01115,Western_Medicine,ambient,406,37.77,C,True,True,False,1.505,0.793,MFG_001
SKU_01116,Medical_Devices,cold,365,3.5,C,False,True,False,1.158,0.67,MFG_063
SKU_01117,Medical_Devices,ambient,607,36.44,C,True,True,True,1.784,1.454,MFG_087
SKU_01118,Medical_Devices,ambient,365,3.11,C,True,True,False,0.599,0.677,MFG_082
SKU_01119,Health_Supplements,ambient,619,21.65,C,False,False,False,0.655,0.805,MFG_002
SKU_01120,Western_Medicine,cool,730,149.95,C,True,True,False,0.224,0.585,MFG_082
SKU_01121,TCM,ambient,365,1.66,C,False,False,False,0.371,0.24,MFG_087
SKU_01122,TCM,ambient,365,10.68,B,False,True,False,1.902,1.395,MFG_075
SKU_01123,TCM,ambient,365,28.22,C,False,False,False,0.584,0.264,MFG_093
SKU_01124,Medical_Devices,frozen,220,29.23,C,False,True,False,0.735,0.889,MFG_062
SKU_01125,TCM,cool,393,147.84,B,False,False,False,1.35,0.319,MFG_001
SKU_01126,Medical_Devices,cool,508,42.74,A,True,False,False,0.877,0.137,MFG_047
SKU_01127,Medical_Devices,ambient,746,16.66,B,False,True,False,0.413,0.771,MFG_013
SKU_01128,Western_Medicine,ambient,749,10.82,A,False,False,False,1.804,1.155,MFG_022
SKU_01129,TCM,cool,730,11.14,B,True,False,False,1.807,0.02,MFG_072
SKU_01130,Medical_Devices,cool,730,24.01,C,True,True,False,1.786,0.436,MFG_037
SKU_01131,Medical_Devices,cold,150,65.91,A,True,True,False,1.362,0.795,MFG_098
SKU_01132,Medical_Devices,cold,135,77.71,C,False,True,False,1.748,0.059,MFG_093
SKU_01133,Western_Medicine,ambient,365,42.31,B,False,True,False,0.179,0.327,MFG_047
SKU_01134,Western_Medicine,ambient,623,53.1,C,True,False,False,1.914,1.05,MFG_035
SKU_01135,Western_Medicine,cool,224,11.4,C,False,False,False,0.161,0.062,MFG_027
SKU_01136,TCM,cool,279,60.18,A,False,False,False,1.715,0.903,MFG_013
SKU_01137,Medical_Devices,cool,353,20.08,C,True,False,False,0.509,1.111,MFG_020
SKU_01138,TCM,ambient,365,86.68,B,True,False,False,1.791,0.788,MFG_051
SKU_01139,Health_Supplements,frozen,529,15.76,B,False,True,False,0.745,0.626,MFG_022
SKU_01140,TCM,frozen,180,42.65,B,True,True,False,0.866,0.315,MFG_080
SKU_01141,Medical_Devices,frozen,599,78.23,A,False,True,False,0.661,1.023,MFG_069
SKU_01142,Medical_Devices,cool,488,12.2,C,False,False,False,0.487,0.435,MFG_046
SKU_01143,TCM,cool,672,25.57,C,False,False,False,0.756,0.032,MFG_006
SKU_01144,Health_Supplements,cool,466,39.64,C,True,False,False,1.306,1.407,MFG_012
SKU_01145,Western_Medicine,ambient,400,46.85,A,True,False,False,1.786,0.204,MFG_005
SKU_01146,TCM,cool,730,18.72,C,True,False,False,1.216,1.065,MFG_043
SKU_01147,Western_Medicine,cold,365,81.69,B,True,True,False,1.129,0.049,MFG_092
SKU_01148,Medical_Devices,frozen,259,44.63,C,True,True,False,1.15,0.833,MFG_060
SKU_01149,TCM,cold,365,12.88,B,False,True,False,1.734,0.589,MFG_042
SKU_01150,Health_Supplements,cold,365,59.39,C,False,True,False,1.358,1.367,MFG_049
SKU_01151,Medical_Devices,cold,244,56.81,A,False,True,False,1.475,0.475,MFG_093
SKU_01152,TCM,cold,186,3.36,B,False,True,False,0.318,0.768,MFG_035
SKU_01153,Western_Medicine,ambient,365,75.83,C,False,True,False,0.285,1.054,MFG_027
SKU_01154,Western_Medicine,cool,679,9.12,C,True,False,False,1.799,0.784,MFG_058
SKU_01155,Health_Supplements,ambient,397,8.05,C,True,False,False,1.711,0.804,MFG_029
SKU_01156,TCM,cold,365,1.34,C,True,True,False,0.112,0.038,MFG_012
SKU_01157,Medical_Devices,cold,251,108.94,C,True,True,False,0.503,1.264,MFG_021
SKU_01158,Medical_Devices,cool,476,37.69,C,False,True,False,0.657,1.291,MFG_042
SKU_01159,TCM,cold,365,26.23,C,False,True,False,1.721,0.147,MFG_070
SKU_01160,Medical_Devices,ambient,365,5.46,C,False,True,True,0.197,0.337,MFG_067
SKU_01161,Western_Medicine,cool,730,16.14,C,True,True,False,0.268,0.126,MFG_072
SKU_01162,Health_Supplements,ambient,365,1.46,C,False,True,False,0.988,0.863,MFG_033
SKU_01163,Western_Medicine,ambient,365,14.01,B,False,True,False,1.615,1.363,MFG_008
SKU_01164,Western_Medicine,ambient,589,15.4,A,True,True,False,1.736,1.284,MFG_008
SKU_01165,Medical_Devices,ambient,534,80.39,C,False,False,False,1.735,0.377,MFG_002
SKU_01166,Medical_Devices,ambient,365,54.31,C,False,True,False,0.281,1.311,MFG_001
SKU_01167,Western_Medicine,ambient,546,12.29,B,False,True,False,0.487,0.712,MFG_087
SKU_01168,Western_Medicine,cool,487,16.83,B,False,False,False,0.041,0.853,MFG_062
SKU_01169,TCM,cold,365,3.06,C,False,True,False,0.999,0.913,MFG_072
SKU_01170,Western_Medicine,cool,730,10.91,C,True,False,False,0.404,0.981,MFG_063
SKU_01171,Western_Medicine,cold,187,1.84,C,True,True,False,1.289,0.403,MFG_035
SKU_01172,Medical_Devices,cold,342,37.44,B,False,True,False,0.581,1.113,MFG_067
SKU_01173,Western_Medicine,cold,365,14.76,C,True,True,False,1.972,1.26,MFG_043
SKU_01174,Western_Medicine,cool,618,6.52,C,False,False,False,0.833,0.082,MFG_030
SKU_01175,TCM,cold,365,16.19,B,True,True,False,1.9,0.014,MFG_060
SKU_01176,Medical_Devices,ambient,875,43.9,C,True,False,False,1.027,0.066,MFG_075
SKU_01177,TCM,frozen,730,8.18,B,True,True,False,1.112,0.91,MFG_021
SKU_01178,Medical_Devices,cool,289,91.52,C,False,False,False,0.566,1.166,MFG_045
SKU_01179,TCM,ambient,449,7.33,C,True,True,False,0.368,0.054,MFG_009
SKU_01180,Medical_Devices,cold,128,116.29,C,True,True,False,1.286,0.447,MFG_088
SKU_01181,Medical_Devices,ambient,711,25.83,C,False,True,False,1.694,0.948,MFG_001
SKU_01182,Medical_Devices,ambient,382,98.39,C,False,True,False,0.297,0.551,MFG_080
SKU_01183,Western_Medicine,ambient,630,17.43,B,True,False,False,0.483,1.273,MFG_035
SKU_01184,Medical_Devices,cold,365,8.6,B,True,True,False,1.454,0.274,MFG_025
SKU_01185,Western_Medicine,cold,322,115.38,C,True,True,False,0.775,0.03,MFG_093
SKU_01186,Medical_Devices,cold,365,5.27,B,True,True,False,0.505,1.102,MFG_060
SKU_01187,Western_Medicine,ambient,448,46.58,B,False,False,True,0.391,0.307,MFG_016
SKU_01188,Western_Medicine,ambient,494,30.22,C,False,True,False,0.23,1.315,MFG_042
SKU_01189,Western_Medicine,ambient,365,15.25,C,True,True,False,1.087,0.15,MFG_001
SKU_01190,Western_Medicine,cold,365,26.37,B,True,True,False,1.746,0.297,MFG_023
SKU_01191,TCM,cold,365,84.95,B,True,True,False,1.971,0.228,MFG_089
SKU_01192,Medical_Devices,ambient,803,14.91,C,True,True,True,0.525,0.366,MFG_051
SKU_01193,Western_Medicine,ambient,997,10.55,C,True,False,False,1.22,1.46,MFG_009
SKU_01194,Health_Supplements,cool,199,154.48,C,False,True,False,1.647,0.301,MFG_028
SKU_01195,Western_Medicine,ambient,365,16.31,C,True,True,False,0.175,1.266,MFG_080
SKU_01196,Western_Medicine,ambient,1005,2.28,C,True,True,False,0.586,0.551,MFG_038
SKU_01197,Medical_Devices,frozen,425,17.18,C,True,True,False,1.403,1.31,MFG_054
SKU_01198,Health_Supplements,ambient,512,10.36,C,True,True,False,0.799,0.212,MFG_063
SKU_01199,Western_Medicine,ambient,365,37.75,A,True,False,False,1.196,1.217,MFG_042
SKU_01200,Western_Medicine,ambient,365,16.3,C,True,True,False,1.406,1.463,MFG_061
SKU_01201,Western_Medicine,ambient,686,45.62,C,False,False,False,1.791,0.7,MFG_071
SKU_01202,Medical_Devices,cool,467,21.7,B,False,True,False,0.215,0.037,MFG_001
SKU_01203,Western_Medicine,ambient,476,85.43,C,False,False,False,1.585,1.056,MFG_093
SKU_01204,Health_Supplements,cool,381,9.61,C,True,True,False,0.261,0.682,MFG_098
SKU_01205,TCM,ambient,425,11.95,C,False,False,False,0.617,1.127,MFG_043
SKU_01206,TCM,ambient,949,5.71,C,True,True,False,0.162,0.553,MFG_051
SKU_01207,Medical_Devices,ambient,836,132.86,C,False,False,False,1.751,1.048,MFG_089
SKU_01208,TCM,cool,730,2.72,C,False,False,False,1.558,0.747,MFG_087
SKU_01209,Western_Medicine,ambient,534,90.13,C,False,True,False,0.776,1.422,MFG_083
SKU_01210,TCM,cool,730,12.44,C,False,False,False,1.279,1.337,MFG_033
SKU_01211,Western_Medicine,cool,608,7.49,B,False,False,False,0.122,0.911,MFG_083
SKU_01212,Health_Supplements,ambient,415,7.37,C,False,False,False,0.961,0.436,MFG_070
SKU_01213,Medical_Devices,cool,730,49.82,C,True,False,False,1.459,0.307,MFG_015
SKU_01214,TCM,ambient,920,21.11,C,True,False,False,0.681,0.586,MFG_060
SKU_01215,Health_Supplements,ambient,389,164.57,C,False,False,False,1.981,1.459,MFG_055
SKU_01216,Western_Medicine,cold,215,3.67,C,True,True,False,0.179,0.544,MFG_093
SKU_01217,TCM,ambient,1018,42.96,C,False,True,False,1.722,0.201,MFG_089
SKU_01218,TCM,frozen,730,30.61,C,True,True,False,1.314,1.148,MFG_072
SKU_01219,Medical_Devices,cold,365,75.56,B,False,True,False,1.988,1.395,MFG_087
SKU_01220,Medical_Devices,ambient,418,33.25,A,False,True,False,1.678,0.42,MFG_093
SKU_01221,TCM,cool,416,1.64,B,True,True,False,0.736,1.087,MFG_022
SKU_01222,Medical_Devices,cold,326,80.64,B,True,True,False,0.924,0.245,MFG_026
SKU_01223,Western_Medicine,ambient,846,67.23,C,True,True,False,0.558,0.855,MFG_054
SKU_01224,Medical_Devices,cool,730,15.09,A,False,False,False,0.784,1.421,MFG_046
SKU_01225,Western_Medicine,cold,346,47.59,B,False,True,False,1.403,0.771,MFG_063
SKU_01226,Health_Supplements,cool,573,24.05,C,False,False,False,1.414,0.547,MFG_026
SKU_01227,Medical_Devices,cool,460,31.22,C,False,False,False,1.518,1.432,MFG_003
SKU_01228,Medical_Devices,ambient,365,68.76,B,False,True,False,0.965,1.062,MFG_016
SKU_01229,TCM,cool,591,33.12,B,False,False,True,0.191,1.451,MFG_005
SKU_01230,Medical_Devices,cold,173,117.7,B,False,True,True,1.383,0.352,MFG_010
SKU_01231,Medical_Devices,ambient,414,3.81,A,True,True,True,1.088,1.438,MFG_002
SKU_01232,Medical_Devices,cold,239,31.83,C,True,True,False,0.155,0.352,MFG_070
SKU_01233,Western_Medicine,cool,730,7.02,C,False,False,False,1.075,0.041,MFG_089
SKU_01234,Health_Supplements,cool,627,21.85,B,False,True,False,0.849,0.09,MFG_087
SKU_01235,Health_Supplements,ambient,365,5.17,C,False,True,True,1.138,1.185,MFG_016
SKU_01236,Western_Medicine,cool,730,108.02,B,False,False,False,1.874,0.368,MFG_009
SKU_01237,TCM,ambient,820,7.91,C,False,False,False,1.348,1.108,MFG_037
SKU_01238,Medical_Devices,frozen,654,2.23,C,False,True,False,0.049,0.395,MFG_037
SKU_01239,TCM,cold,138,8.49,C,False,True,False,1.362,1.028,MFG_083
SKU_01240,Medical_Devices,cold,365,25.96,C,True,True,False,0.175,0.546,MFG_020
SKU_01241,TCM,cold,365,45.04,C,True,True,False,0.384,0.959,MFG_083
SKU_01242,TCM,cool,180,84.82,A,True,True,False,1.701,0.888,MFG_093
SKU_01243,Medical_Devices,cold,365,3.92,C,False,True,False,0.402,0.477,MFG_055
SKU_01244,TCM,cold,365,35.98,C,True,True,False,0.292,0.874,MFG_063
SKU_01245,Medical_Devices,frozen,730,58.84,C,False,True,False,1.438,1.346,MFG_013
SKU_01246,Medical_Devices,ambient,805,78.4,B,False,False,False,1.691,1.271,MFG_003
SKU_01247,Medical_Devices,frozen,730,10.95,C,False,True,False,1.225,1.268,MFG_035
SKU_01248,Western_Medicine,ambient,832,26.78,A,False,True,False,1.851,1.235,MFG_033
SKU_01249,Western_Medicine,frozen,613,44.05,C,True,True,False,1.807,0.425,MFG_075
SKU_01250,Western_Medicine,ambient,526,37.02,C,True,True,False,1.091,0.977,MFG_035
SKU_01251,Medical_Devices,cold,115,22.96,B,False,True,False,0.661,0.114,MFG_043
SKU_01252,Medical_Devices,ambient,476,1.31,C,True,False,False,1.108,1.105,MFG_090
SKU_01253,Medical_Devices,cool,730,78.16,C,False,True,False,0.248,0.929,MFG_083
SKU_01254,Health_Supplements,cold,365,16.71,C,True,True,False,0.61,0.182,MFG_020
SKU_01255,Western_Medicine,ambient,1028,5.7,B,False,True,False,1.988,1.419,MFG_035
SKU_01256,Western_Medicine,ambient,554,64.93,C,False,True,False,1.717,0.247,MFG_007
SKU_01257,Western_Medicine,frozen,730,12.98,C,True,True,False,1.026,1.048,MFG_095
SKU_01258,TCM,ambient,365,32.15,A,True,True,False,1.017,0.509,MFG_043
SKU_01259,Health_Supplements,ambient,365,31.85,C,True,True,False,0.33,0.774,MFG_042
SKU_01260,TCM,frozen,648,1.39,C,True,True,False,1.054,1.19,MFG_009
SKU_01261,Health_Supplements,cool,730,64.96,C,False,False,False,1.484,1.395,MFG_029
SKU_01262,Medical_Devices,ambient,1086,72.73,C,False,True,False,0.693,0.765,MFG_015
SKU_01263,Western_Medicine,cool,550,14.45,A,False,False,True,1.431,0.865,MFG_094
SKU_01264,TCM,cool,180,17.99,C,True,False,True,0.443,1.154,MFG_003
SKU_01265,Health_Supplements,cold,365,46.83,C,False,True,False,1.942,0.117,MFG_002
SKU_01266,Western_Medicine,ambient,585,15.25,C,False,False,False,1.69,0.988,MFG_070
SKU_01267,Medical_Devices,frozen,730,2.25,A,False,True,False,0.755,0.233,MFG_090
SKU_01268,Western_Medicine,cool,426,50.25,C,False,True,False,0.279,0.811,MFG_051
SKU_01269,TCM,cold,365,24.66,C,False,True,False,0.69,1.294,MFG_020
SKU_01270,Medical_Devices,cold,124,12.59,C,True,True,False,0.724,0.48,MFG_051
SKU_01271,Medical_Devices,ambient,365,59.52,A,False,True,False,0.47,0.288,MFG_067
SKU_01272,Western_Medicine,ambient,365,1.86,B,True,True,False,1.088,1.077,MFG_005
SKU_01273,Health_Supplements,cool,730,39.78,C,True,True,False,1.965,0.429,MFG_001
SKU_01274,Medical_Devices,ambient,597,2.27,B,False,False,False,0.339,0.467,MFG_020
SKU_01275,TCM,cool,633,80.9,C,True,False,False,1.121,0.535,MFG_008
SKU_01276,Western_Medicine,cold,365,78.38,A,True,True,False,1.674,1.283,MFG_012
SKU_01277,TCM,ambient,365,47.29,C,True,False,False,0.501,0.781,MFG_042
SKU_01278,Western_Medicine,ambient,751,2.89,B,False,False,False,1.444,0.785,MFG_067
SKU_01279,Western_Medicine,ambient,457,143.22,C,True,True,False,0.999,0.869,MFG_051
SKU_01280,TCM,ambient,365,4.68,A,False,True,False,0.259,0.731,MFG_053
SKU_01281,Medical_Devices,ambient,784,38.39,B,False,True,False,1.278,0.079,MFG_001
SKU_01282,TCM,ambient,544,7.94,C,True,True,False,0.18,0.167,MFG_096
SKU_01283,TCM,ambient,866,34.12,B,False,False,False,1.504,0.039,MFG_050
SKU_01284,Western_Medicine,ambient,1090,52.71,C,True,False,False,0.493,0.067,MFG_032
SKU_01285,Medical_Devices,ambient,365,170.19,B,True,True,False,1.923,1.471,MFG_044
SKU_01286,TCM,cool,730,4.58,C,False,False,False,1.546,1.059,MFG_007
SKU_01287,Medical_Devices,cool,252,107.02,C,False,False,False,0.631,0.621,MFG_025
SKU_01288,Medical_Devices,ambient,787,1.96,A,True,False,False,0.931,1.254,MFG_097
SKU_01289,Western_Medicine,ambient,937,7.97,C,True,False,False,0.267,0.506,MFG_020
SKU_01290,Western_Medicine,cool,440,107.25,A,False,True,False,0.748,0.141,MFG_020
SKU_01291,Western_Medicine,ambient,365,11.2,C,False,True,False,0.138,0.565,MFG_089
SKU_01292,Western_Medicine,ambient,460,4.87,B,True,False,True,1.653,0.664,MFG_096
SKU_01293,Medical_Devices,ambient,916,7.45,C,False,False,False,1.268,1.223,MFG_054
SKU_01294,Western_Medicine,ambient,365,138.67,C,False,False,False,1.114,0.26,MFG_053
SKU_01295,Medical_Devices,cold,161,12.95,B,True,True,False,1.722,0.079,MFG_067
SKU_01296,Health_Supplements,ambient,698,21.82,B,True,True,False,0.262,1.267,MFG_020
SKU_01297,Medical_Devices,cool,382,15.49,B,False,False,False,1.546,0.799,MFG_100
SKU_01298,Western_Medicine,ambient,456,14.3,A,False,False,False,1.243,0.953,MFG_080
SKU_01299,Western_Medicine,ambient,799,34.21,C,True,True,False,1.539,1.454,MFG_013
SKU_01300,Western_Medicine,cold,365,130.87,C,False,True,True,1.087,0.749,MFG_053
SKU_01301,Western_Medicine,cool,730,19.74,C,True,False,False,1.503,0.358,MFG_012
SKU_01302,Medical_Devices,cool,730,37.28,B,False,False,True,1.667,0.914,MFG_032
SKU_01303,TCM,ambient,929,2.57,C,True,True,False,1.21,0.027,MFG_023
SKU_01304,Western_Medicine,ambient,663,42.52,C,True,False,False,0.684,0.531,MFG_002
SKU_01305,TCM,ambient,436,13.26,A,True,True,False,0.198,1.231,MFG_035
SKU_01306,TCM,cool,720,4.41,B,True,False,True,0.221,1.076,MFG_069
SKU_01307,Western_Medicine,ambient,387,60.63,C,True,True,False,0.801,0.322,MFG_042
SKU_01308,Health_Supplements,ambient,752,10.94,C,False,True,False,0.203,1.015,MFG_012
SKU_01309,Western_Medicine,cool,730,30.93,C,True,True,False,0.222,1.473,MFG_027
SKU_01310,Western_Medicine,cool,730,31.98,B,False,False,False,1.24,0.391,MFG_002
SKU_01311,Health_Supplements,ambient,519,76.73,C,False,False,False,1.616,0.074,MFG_088
SKU_01312,Western_Medicine,ambient,365,50.4,A,False,True,False,1.863,0.26,MFG_022
SKU_01313,Medical_Devices,cool,730,41.33,C,False,False,False,1.572,0.954,MFG_098
SKU_01314,Western_Medicine,cold,365,51.72,C,False,True,False,1.791,0.427,MFG_082
SKU_01315,Medical_Devices,ambient,459,49.17,C,False,True,False,0.693,0.082,MFG_016
SKU_01316,Health_Supplements,cool,540,67.8,B,False,False,False,0.79,0.939,MFG_070
SKU_01317,Western_Medicine,cool,730,145.86,B,True,False,False,1.114,0.376,MFG_013
SKU_01318,Western_Medicine,ambient,620,59.12,C,False,False,False,1.517,0.192,MFG_002
SKU_01319,TCM,frozen,730,2.54,C,True,True,False,1.806,0.212,MFG_087
SKU_01320,TCM,ambient,610,19.32,C,False,False,False,1.501,0.74,MFG_065
SKU_01321,Medical_Devices,cold,365,50.6,B,True,True,False,1.863,0.987,MFG_061
SKU_01322,Medical_Devices,cool,730,7.35,C,True,False,True,0.838,0.692,MFG_029
SKU_01323,Western_Medicine,cold,365,13.1,C,True,True,False,1.922,0.929,MFG_095
SKU_01324,Medical_Devices,ambient,365,122.04,C,False,False,False,1.424,1.246,MFG_009
SKU_01325,Western_Medicine,ambient,860,2.3,C,False,False,False,1.288,0.108,MFG_001
SKU_01326,Medical_Devices,cool,459,9.1,C,False,False,False,1.194,0.962,MFG_022
SKU_01327,TCM,ambient,799,9.34,B,True,False,False,1.119,0.814,MFG_002
SKU_01328,Western_Medicine,cool,643,69.05,A,False,False,False,1.59,0.282,MFG_093
SKU_01329,Medical_Devices,ambient,622,25.81,C,False,True,False,1.174,0.891,MFG_049
SKU_01330,Health_Supplements,cool,468,7.06,B,False,True,False,0.646,0.696,MFG_051
SKU_01331,TCM,cold,365,7.29,C,False,True,False,1.328,0.329,MFG_012
SKU_01332,Western_Medicine,ambient,684,11.88,A,False,True,False,0.761,0.016,MFG_005
SKU_01333,TCM,ambient,737,40.14,C,False,False,False,1.516,1.03,MFG_030
SKU_01334,Health_Supplements,ambient,1061,6.85,C,True,False,False,1.704,1.323,MFG_098
SKU_01335,Medical_Devices,cool,730,43.99,C,True,False,True,1.486,0.259,MFG_069
SKU_01336,Medical_Devices,frozen,663,52.27,C,False,True,False,0.531,1.03,MFG_001
SKU_01337,Western_Medicine,cold,365,24.1,C,True,True,False,1.039,0.087,MFG_001
SKU_01338,Health_Supplements,cool,180,1.7,C,True,True,False,0.739,0.808,MFG_009
SKU_01339,Medical_Devices,cold,365,51.56,C,False,True,False,1.339,1.025,MFG_060
SKU_01340,TCM,ambient,455,41.39,B,False,True,False,1.756,0.845,MFG_003
SKU_01341,TCM,ambient,365,13.5,C,True,False,False,1.351,0.378,MFG_088
SKU_01342,Medical_Devices,cool,709,4.41,C,False,False,False,1.035,0.564,MFG_096
SKU_01343,TCM,cold,365,22.08,C,True,True,False,0.986,0.478,MFG_024
SKU_01344,Medical_Devices,ambient,365,14.98,B,False,True,False,1.895,0.762,MFG_003
SKU_01345,Western_Medicine,cool,730,50.79,C,True,False,False,1.321,0.517,MFG_069
SKU_01346,Medical_Devices,ambient,745,31.3,C,False,False,False,1.516,0.748,MFG_020
SKU_01347,Health_Supplements,ambient,401,44.3,C,False,True,False,1.791,0.942,MFG_071
SKU_01348,TCM,cool,730,1.69,B,False,False,False,0.392,0.58,MFG_072
SKU_01349,Medical_Devices,cool,730,2.7,C,False,False,True,1.006,1.138,MFG_087
SKU_01350,Western_Medicine,cool,315,66.48,A,False,True,False,0.162,0.747,MFG_100
SKU_01351,Western_Medicine,cold,180,108.15,B,False,True,False,0.406,0.093,MFG_049
SKU_01352,Medical_Devices,ambient,916,68.59,A,True,False,False,0.321,0.2,MFG_082
SKU_01353,Western_Medicine,cool,730,27.22,C,True,True,False,0.89,1.476,MFG_087
SKU_01354,Medical_Devices,cold,365,20.14,A,False,True,False,0.458,0.065,MFG_076
SKU_01355,Western_Medicine,ambient,365,20.41,C,False,True,False,1.631,1.173,MFG_001
SKU_01356,Health_Supplements,cool,548,36.66,C,True,True,False,1.4,0.953,MFG_010
SKU_01357,Western_Medicine,cool,533,74.62,C,False,False,False,1.752,0.012,MFG_027
SKU_01358,Medical_Devices,ambient,365,51.97,C,True,False,False,1.247,1.366,MFG_006
SKU_01359,Health_Supplements,ambient,448,3.89,B,False,False,False,1.16,0.037,MFG_027
SKU_01360,Medical_Devices,cool,418,19.61,C,False,False,False,1.642,1.253,MFG_092
SKU_01361,Western_Medicine,cool,601,37.88,C,True,False,False,0.035,0.62,MFG_047
SKU_01362,TCM,ambient,403,57.73,B,False,False,False,0.741,1.421,MFG_096
SKU_01363,Western_Medicine,cool,730,3.01,C,False,False,False,1.08,1.257,MFG_023
SKU_01364,Health_Supplements,cold,201,41.88,C,True,True,False,0.387,0.505,MFG_087
SKU_01365,Health_Supplements,ambient,365,2.36,A,False,True,False,0.602,0.237,MFG_016
SKU_01366,Western_Medicine,frozen,730,26.12,C,False,True,False,1.191,0.439,MFG_007
SKU_01367,TCM,ambient,540,39.02,C,True,True,False,0.74,0.251,MFG_093
SKU_01368,Health_Supplements,frozen,730,38.02,C,False,True,False,1.69,0.313,MFG_062
SKU_01369,Western_Medicine,cool,577,8.53,C,False,True,False,0.256,1.068,MFG_063
SKU_01370,Medical_Devices,cool,730,36.9,A,True,True,True,0.088,0.852,MFG_082
SKU_01371,TCM,cool,368,17.22,C,True,False,False,1.703,0.463,MFG_090
SKU_01372,Medical_Devices,ambient,734,31.03,B,True,False,False,0.738,1.429,MFG_032
SKU_01373,Medical_Devices,ambient,613,49.96,A,False,True,False,1.867,0.747,MFG_029
SKU_01374,Medical_Devices,cool,658,11.67,A,False,True,False,1.564,0.196,MFG_029
SKU_01375,Western_Medicine,ambient,817,31.87,B,False,False,False,0.511,0.155,MFG_100
SKU_01376,Western_Medicine,cool,705,1.59,C,True,False,False,1.409,1.292,MFG_033
SKU_01377,TCM,ambient,365,20.21,C,False,False,False,1.474,0.72,MFG_029
SKU_01378,Western_Medicine,cool,180,20.18,B,True,True,False,0.824,1.33,MFG_017
SKU_01379,Western_Medicine,cool,690,53.23,C,True,False,False,0.433,1.158,MFG_032
SKU_01380,TCM,cool,730,183.22,A,False,False,False,1.971,0.05,MFG_038
SKU_01381,Medical_Devices,cool,638,30.42,B,False,True,False,1.717,0.4,MFG_058
SKU_01382,Western_Medicine,cold,365,9.69,B,False,True,False,1.509,1.03,MFG_037
SKU_01383,TCM,ambient,602,7.75,B,True,True,True,0.961,1.099,MFG_022
SKU_01384,Western_Medicine,ambient,674,39.35,B,True,False,False,0.646,0.693,MFG_033
SKU_01385,TCM,cold,325,157.91,C,True,True,True,0.388,0.376,MFG_047
SKU_01386,Medical_Devices,cold,365,27.63,C,False,True,False,0.302,0.301,MFG_075
SKU_01387,Medical_Devices,cold,278,24.59,A,True,True,False,0.049,0.967,MFG_029
SKU_01388,Western_Medicine,cool,730,22.82,C,False,False,False,1.462,1.319,MFG_009
SKU_01389,Western_Medicine,cool,701,27.02,C,True,False,False,0.638,1.093,MFG_070
SKU_01390,TCM,cool,730,3.24,C,False,True,False,1.423,0.092,MFG_046
SKU_01391,Medical_Devices,cool,265,17.59,B,False,True,False,0.983,0.995,MFG_005
SKU_01392,Medical_Devices,cold,155,100.09,C,False,True,False,1.066,0.076,MFG_038
SKU_01393,TCM,ambient,365,21.1,C,False,False,False,0.687,1.457,MFG_035
SKU_01394,Western_Medicine,ambient,538,2.68,B,True,False,False,0.838,0.063,MFG_097
SKU_01395,Medical_Devices,cold,365,2.03,B,True,True,False,1.208,0.239,MFG_049
SKU_01396,TCM,cool,610,1.96,B,False,True,False,0.618,0.034,MFG_054
SKU_01397,Western_Medicine,ambient,559,22.12,C,True,True,False,1.622,1.07,MFG_083
SKU_01398,TCM,ambient,714,28.88,C,True,True,False,1.889,1.3,MFG_082
SKU_01399,TCM,ambient,756,87.62,C,False,False,False,1.141,0.462,MFG_061
SKU_01400,Western_Medicine,ambient,365,40.75,C,True,True,False,1.612,1.191,MFG_097
SKU_01401,Western_Medicine,ambient,1034,63.49,C,False,True,False,1.354,0.109,MFG_051
SKU_01402,Medical_Devices,cool,730,21.24,C,True,False,False,0.59,1.28,MFG_094
SKU_01403,Western_Medicine,cold,294,12.2,B,True,True,True,0.816,1.343,MFG_042
SKU_01404,Western_Medicine,ambient,464,71.48,C,False,True,False,1.085,0.505,MFG_082
SKU_01405,TCM,cool,730,21.65,C,False,False,False,1.253,0.481,MFG_037
SKU_01406,TCM,cool,180,24.72,B,False,True,False,1.536,1.351,MFG_045
SKU_01407,TCM,frozen,730,1.89,C,True,True,False,1.56,0.522,MFG_082
SKU_01408,Medical_Devices,cold,147,1.88,C,True,True,True,0.436,0.788,MFG_001
SKU_01409,Medical_Devices,ambient,365,17.1,B,True,True,False,1.161,0.358,MFG_098
SKU_01410,Western_Medicine,cold,336,13.34,B,False,True,False,1.437,0.133,MFG_054
SKU_01411,Medical_Devices,ambient,474,12.29,B,False,True,False,1.582,0.982,MFG_061
SKU_01412,TCM,cold,344,94.02,C,False,True,True,0.705,0.82,MFG_080
SKU_01413,Health_Supplements,cool,180,6.38,B,False,False,False,0.274,0.567,MFG_042
SKU_01414,TCM,ambient,365,15.52,C,False,True,False,0.312,1.046,MFG_013
SKU_01415,Medical_Devices,cool,730,47.96,C,True,False,False,1.203,0.536,MFG_012
SKU_01416,Medical_Devices,ambient,672,62.23,A,False,True,False,0.472,0.652,MFG_060
SKU_01417,Health_Supplements,ambient,948,7.63,C,True,False,True,1.274,1.39,MFG_035
SKU_01418,Medical_Devices,ambient,700,8.44,C,False,True,False,1.552,0.334,MFG_082
SKU_01419,Medical_Devices,ambient,736,9.27,C,True,False,False,1.613,0.414,MFG_058
SKU_01420,Medical_Devices,ambient,915,1.3,A,False,False,False,1.71,1.185,MFG_051
SKU_01421,Medical_Devices,cold,318,3.93,B,False,True,False,1.266,0.267,MFG_008
SKU_01422,TCM,cool,621,18.97,C,True,False,False,0.25,0.585,MFG_008
SKU_01423,Medical_Devices,ambient,365,11.12,A,True,True,False,1.701,0.679,MFG_083
SKU_01424,TCM,ambient,365,16.52,C,True,False,False,1.163,0.028,MFG_032
SKU_01425,Health_Supplements,ambient,851,7.15,C,False,False,False,1.889,0.727,MFG_006
SKU_01426,Medical_Devices,cold,365,43.2,B,False,True,False,0.641,0.843,MFG_022
SKU_01427,Medical_Devices,cold,365,23.0,B,False,True,False,1.159,1.146,MFG_095
SKU_01428,TCM,cool,711,1.5,C,False,False,False,0.909,0.11,MFG_021
SKU_01429,Medical_Devices,ambient,716,51.97,A,False,True,False,1.294,1.129,MFG_023
SKU_01430,Western_Medicine,cool,714,17.71,B,True,True,False,0.726,1.317,MFG_095
SKU_01431,Western_Medicine,cool,269,78.91,C,True,False,False,0.463,0.199,MFG_001
SKU_01432,Medical_Devices,ambient,823,6.45,C,False,True,False,0.471,0.342,MFG_007
SKU_01433,Western_Medicine,ambient,365,61.52,C,True,False,False,1.389,0.989,MFG_067
SKU_01434,TCM,cool,730,20.35,C,False,True,False,1.401,0.232,MFG_082
SKU_01435,TCM,ambient,520,5.81,C,True,False,False,1.795,0.132,MFG_070
SKU_01436,TCM,ambient,583,12.16,C,True,True,False,0.205,0.06,MFG_010
SKU_01437,TCM,ambient,365,4.52,C,True,True,False,1.362,1.471,MFG_024
SKU_01438,Health_Supplements,cool,376,1.51,C,True,False,False,0.042,0.156,MFG_007
SKU_01439,TCM,cold,365,5.77,C,True,True,False,1.738,1.469,MFG_069
SKU_01440,Medical_Devices,ambient,1080,3.35,C,True,False,False,1.599,0.215,MFG_017
SKU_01441,Medical_Devices,ambient,958,14.26,A,False,True,False,0.939,0.426,MFG_062
SKU_01442,TCM,ambient,1031,10.72,A,False,False,False,1.235,1.39,MFG_022
SKU_01443,Health_Supplements,ambient,1031,51.28,B,True,False,False,1.974,1.203,MFG_084
SKU_01444,TCM,ambient,484,42.74,C,True,False,False,1.158,1.257,MFG_029
SKU_01445,TCM,ambient,615,31.73,C,False,False,False,0.599,0.376,MFG_037
SKU_01446,Medical_Devices,ambient,605,3.07,B,False,True,False,0.32,0.598,MFG_094
SKU_01447,TCM,cold,330,30.84,C,False,True,False,1.057,0.407,MFG_016
SKU_01448,Medical_Devices,cool,245,14.85,B,True,False,False,1.096,0.889,MFG_097
SKU_01449,Health_Supplements,ambient,1059,5.1,C,True,False,False,1.861,0.142,MFG_066
SKU_01450,Western_Medicine,cool,730,54.96,A,True,False,False,1.956,1.421,MFG_020
SKU_01451,Medical_Devices,ambient,549,5.72,C,False,True,True,0.146,1.077,MFG_003
SKU_01452,TCM,cool,590,8.85,C,False,False,False,0.187,0.085,MFG_092
SKU_01453,Medical_Devices,cool,730,32.87,C,False,True,False,0.57,1.346,MFG_037
SKU_01454,Medical_Devices,ambient,894,1.3,C,True,False,False,0.472,1.351,MFG_065
SKU_01455,Medical_Devices,ambient,365,10.1,B,False,True,False,0.609,0.332,MFG_060
SKU_01456,Western_Medicine,ambient,365,1.29,B,False,False,False,1.202,1.184,MFG_065
SKU_01457,Western_Medicine,cool,673,8.53,C,True,False,True,0.535,1.13,MFG_093
SKU_01458,TCM,cool,716,7.1,B,False,True,False,1.157,1.065,MFG_087
SKU_01459,TCM,cold,365,5.63,B,False,True,False,1.969,0.818,MFG_062
SKU_01460,Western_Medicine,cool,347,72.35,C,True,True,False,1.04,1.117,MFG_097
SKU_01461,TCM,ambient,365,2.58,B,False,True,False,0.831,1.079,MFG_083
SKU_01462,Health_Supplements,cool,730,20.41,A,False,False,False,1.2,0.537,MFG_043
SKU_01463,Western_Medicine,ambient,365,11.43,A,False,True,False,1.604,0.831,MFG_027
SKU_01464,TCM,ambient,1007,9.15,B,False,False,True,1.895,0.895,MFG_062
SKU_01465,Western_Medicine,cool,730,10.62,C,False,True,False,1.474,0.868,MFG_087
SKU_01466,TCM,ambient,576,10.45,B,False,True,False,0.565,0.196,MFG_071
SKU_01467,TCM,cold,198,93.39,C,False,True,False,0.448,0.695,MFG_045
SKU_01468,TCM,cool,730,7.83,C,False,False,False,1.581,0.168,MFG_062
SKU_01469,Western_Medicine,ambient,365,74.74,C,False,False,False,1.769,1.417,MFG_049
SKU_01470,TCM,frozen,730,2.63,B,True,True,False,1.897,1.351,MFG_047
SKU_01471,Health_Supplements,ambient,889,21.93,C,False,True,False,1.472,0.215,MFG_069
SKU_01472,Western_Medicine,cool,730,6.28,B,True,False,False,1.739,0.81,MFG_008
SKU_01473,Health_Supplements,ambient,365,58.76,B,True,True,True,1.198,1.059,MFG_002
SKU_01474,TCM,ambient,365,9.64,C,False,True,False,0.36,0.514,MFG_087
SKU_01475,Western_Medicine,ambient,365,23.41,B,False,False,False,1.62,1.256,MFG_054
SKU_01476,Western_Medicine,cool,635,17.44,C,False,False,False,1.662,0.728,MFG_008
SKU_01477,Medical_Devices,cool,722,141.19,C,False,True,True,1.025,0.909,MFG_016
SKU_01478,TCM,ambient,946,26.7,B,False,False,False,1.929,1.191,MFG_021
SKU_01479,Health_Supplements,cool,730,84.66,C,False,False,False,1.289,0.218,MFG_095
SKU_01480,Western_Medicine,ambient,365,98.47,C,True,True,False,1.81,0.051,MFG_002
SKU_01481,Medical_Devices,ambient,807,3.56,B,True,False,False,1.958,0.514,MFG_063
SKU_01482,Western_Medicine,ambient,365,22.0,A,True,False,False,0.612,1.386,MFG_023
SKU_01483,TCM,ambient,1027,3.46,C,False,False,False,0.627,1.333,MFG_008
SKU_01484,TCM,cold,365,220.85,B,True,True,False,1.914,1.292,MFG_032
SKU_01485,Western_Medicine,ambient,949,36.41,B,True,True,False,1.723,0.479,MFG_065
SKU_01486,TCM,ambient,1051,8.7,B,False,True,False,0.716,0.875,MFG_072
SKU_01487,Medical_Devices,cool,519,47.67,B,True,True,False,0.575,0.363,MFG_012
SKU_01488,Western_Medicine,cool,230,84.68,C,False,True,False,0.088,1.338,MFG_093
SKU_01489,TCM,cold,365,16.86,B,True,True,True,1.183,1.314,MFG_069
SKU_01490,TCM,ambient,788,51.51,C,True,True,False,1.75,1.476,MFG_075
SKU_01491,Western_Medicine,ambient,365,11.52,A,True,True,False,0.151,0.411,MFG_054
SKU_01492,Western_Medicine,ambient,865,5.12,C,False,True,False,0.069,0.689,MFG_013
SKU_01493,Western_Medicine,ambient,441,3.3,C,True,True,False,1.271,0.136,MFG_007
SKU_01494,Medical_Devices,ambient,365,15.71,C,True,True,False,1.121,0.234,MFG_035
SKU_01495,Western_Medicine,ambient,900,18.97,A,False,True,False,1.088,0.57,MFG_020
SKU_01496,Western_Medicine,ambient,596,76.99,C,True,True,False,0.481,1.045,MFG_009
SKU_01497,TCM,cold,214,5.37,B,False,True,False,1.27,1.035,MFG_092
SKU_01498,Medical_Devices,ambient,861,43.17,B,False,True,False,0.86,0.665,MFG_061
SKU_01499,Medical_Devices,ambient,365,52.56,C,False,True,False,1.676,0.115,MFG_050
SKU_01500,TCM,ambient,977,111.61,A,False,False,False,0.949,0.292,MFG_093
SKU_01501,Health_Supplements,ambient,365,76.64,C,True,False,False,0.821,0.126,MFG_072
SKU_01502,Medical_Devices,ambient,365,9.53,C,True,True,False,0.18,0.605,MFG_090
SKU_01503,TCM,cold,365,53.64,B,True,True,False,0.616,1.05,MFG_027
SKU_01504,Western_Medicine,cold,365,90.89,A,True,True,False,0.514,0.468,MFG_022
SKU_01505,TCM,ambient,825,34.43,C,False,True,False,0.779,0.736,MFG_001
SKU_01506,TCM,cold,365,57.03,C,False,True,False,1.89,0.151,MFG_083
SKU_01507,Western_Medicine,cool,730,44.87,A,True,True,True,1.253,1.477,MFG_025
SKU_01508,TCM,ambient,488,31.84,B,True,True,False,0.777,0.804,MFG_082
SKU_01509,Medical_Devices,cool,418,15.48,B,False,False,False,0.631,0.646,MFG_097
SKU_01510,Medical_Devices,ambient,700,2.48,C,True,False,False,0.567,0.534,MFG_024
SKU_01511,Western_Medicine,ambient,365,57.14,C,False,False,False,0.286,0.037,MFG_001
SKU_01512,Medical_Devices,cool,654,9.07,C,True,False,False,0.159,0.949,MFG_062
SKU_01513,TCM,ambient,975,5.16,B,False,False,False,1.965,0.266,MFG_053
SKU_01514,Medical_Devices,ambient,365,29.04,A,True,True,False,0.085,1.313,MFG_049
SKU_01515,TCM,cool,730,18.66,C,True,True,False,1.611,1.275,MFG_097
SKU_01516,Western_Medicine,ambient,518,30.38,C,False,False,False,1.076,1.042,MFG_088
SKU_01517,Western_Medicine,ambient,599,123.08,C,False,False,False,1.941,1.284,MFG_063
SKU_01518,TCM,cool,730,7.33,B,False,False,False,1.173,1.425,MFG_094
SKU_01519,Western_Medicine,ambient,365,4.75,A,False,True,False,1.741,1.19,MFG_045
SKU_01520,TCM,ambient,462,41.37,B,True,False,False,1.548,0.985,MFG_072
SKU_01521,Health_Supplements,frozen,635,22.15,C,False,True,False,1.381,1.141,MFG_025
SKU_01522,TCM,cool,608,14.83,C,True,False,False,1.136,1.179,MFG_083
SKU_01523,Western_Medicine,ambient,1047,63.97,C,True,False,False,0.877,0.843,MFG_082
SKU_01524,Health_Supplements,cold,365,14.14,C,False,True,False,0.374,1.145,MFG_008
SKU_01525,TCM,cool,624,69.61,C,False,False,False,1.27,0.954,MFG_041
SKU_01526,Medical_Devices,cold,365,10.23,C,False,True,False,1.689,0.658,MFG_055
SKU_01527,Medical_Devices,cold,365,76.66,B,False,True,False,1.164,1.268,MFG_062
SKU_01528,TCM,cold,277,116.25,C,False,True,False,1.602,0.707,MFG_010
SKU_01529,TCM,cold,195,63.79,A,True,True,False,1.468,0.05,MFG_002
SKU_01530,Health_Supplements,ambient,365,24.21,C,True,True,True,0.035,0.098,MFG_066
SKU_01531,Medical_Devices,cool,645,18.71,C,True,True,False,1.408,0.822,MFG_021
SKU_01532,Health_Supplements,ambient,365,43.52,C,False,False,False,1.571,1.44,MFG_051
SKU_01533,Western_Medicine,cold,365,16.39,A,True,True,False,0.855,0.173,MFG_045
SKU_01534,TCM,ambient,552,220.85,A,False,True,False,1.884,0.203,MFG_060
SKU_01535,Medical_Devices,cool,635,5.91,C,False,False,False,0.969,1.195,MFG_008
SKU_01536,Medical_Devices,ambient,830,102.28,A,False,True,False,0.92,0.621,MFG_016
SKU_01537,Health_Supplements,cold,225,28.31,C,False,True,False,1.573,0.433,MFG_061
SKU_01538,Medical_Devices,ambient,486,40.52,C,False,True,False,1.665,0.061,MFG_021
SKU_01539,Medical_Devices,cold,234,2.13,B,True,True,False,0.29,0.774,MFG_030
SKU_01540,Medical_Devices,cold,365,42.74,B,False,True,False,1.935,0.19,MFG_054
SKU_01541,TCM,cold,226,54.4,C,True,True,False,0.416,1.158,MFG_024
SKU_01542,TCM,cool,254,3.18,B,False,False,False,0.428,0.397,MFG_062
SKU_01543,Medical_Devices,cold,365,153.92,A,True,True,False,0.62,1.031,MFG_072
SKU_01544,Medical_Devices,cold,279,61.32,A,False,True,True,1.484,0.929,MFG_066
SKU_01545,Health_Supplements,ambient,475,67.47,B,False,True,False,0.666,1.067,MFG_010
SKU_01546,Health_Supplements,cold,365,9.27,C,True,True,False,1.971,0.417,MFG_053
SKU_01547,Medical_Devices,ambient,875,35.61,C,True,True,False,0.479,0.567,MFG_097
SKU_01548,Medical_Devices,cold,365,52.72,A,False,True,False,0.831,0.488,MFG_027
SKU_01549,Western_Medicine,cold,334,36.91,A,True,True,False,0.993,0.856,MFG_007
SKU_01550,Medical_Devices,ambient,409,29.25,C,True,True,False,1.068,0.382,MFG_037
SKU_01551,Western_Medicine,ambient,995,87.32,C,False,False,False,1.912,0.224,MFG_008
SKU_01552,Western_Medicine,ambient,643,33.78,B,True,True,False,0.344,1.186,MFG_033
SKU_01553,TCM,cool,500,86.5,C,False,True,False,1.277,0.972,MFG_062
SKU_01554,Western_Medicine,cool,381,87.59,C,True,True,False,0.071,1.027,MFG_002
SKU_01555,TCM,ambient,365,6.61,C,False,False,False,1.273,0.24,MFG_095
SKU_01556,Medical_Devices,ambient,365,12.67,B,False,True,True,1.147,0.277,MFG_012
SKU_01557,Medical_Devices,cold,276,77.09,C,False,True,True,0.896,1.118,MFG_093
SKU_01558,Western_Medicine,ambient,365,123.54,C,True,False,True,0.705,0.298,MFG_015
SKU_01559,Medical_Devices,cool,730,6.61,B,True,False,True,1.135,0.564,MFG_023
SKU_01560,Western_Medicine,cold,365,4.8,C,False,True,False,0.976,1.087,MFG_041
SKU_01561,Western_Medicine,cool,730,3.52,B,False,False,False,1.483,0.42,MFG_071
SKU_01562,Western_Medicine,frozen,404,60.6,C,False,True,False,1.133,0.736,MFG_010
SKU_01563,Medical_Devices,cold,365,67.1,C,True,True,False,1.934,0.23,MFG_021
SKU_01564,Medical_Devices,frozen,730,3.36,B,True,True,False,1.089,1.387,MFG_081
SKU_01565,Medical_Devices,cool,634,29.6,B,True,True,False,1.572,1.421,MFG_067
SKU_01566,Medical_Devices,ambient,612,91.88,C,False,True,False,0.842,0.263,MFG_001
SKU_01567,Medical_Devices,ambient,955,37.45,C,False,False,False,1.133,0.729,MFG_050
SKU_01568,Medical_Devices,cool,709,98.17,C,True,False,False,1.268,0.134,MFG_030
SKU_01569,Medical_Devices,cool,730,36.36,C,False,True,False,1.812,0.469,MFG_012
SKU_01570,Western_Medicine,ambient,586,83.21,C,True,False,False,1.953,0.077,MFG_020
SKU_01571,Medical_Devices,cool,730,3.72,C,False,True,False,0.397,0.778,MFG_038
SKU_01572,Medical_Devices,cold,365,36.33,C,True,True,False,0.185,1.129,MFG_037
SKU_01573,TCM,cold,348,46.09,C,True,True,False,1.868,0.429,MFG_044
SKU_01574,Western_Medicine,ambient,817,12.8,C,True,False,False,0.099,0.052,MFG_012
SKU_01575,Western_Medicine,ambient,573,72.47,B,False,True,False,1.321,0.584,MFG_035
SKU_01576,Western_Medicine,ambient,1000,27.76,C,False,False,True,1.322,1.028,MFG_093
SKU_01577,Western_Medicine,cool,611,2.16,C,False,True,False,0.44,0.728,MFG_072
SKU_01578,Medical_Devices,cool,543,125.72,C,False,False,False,1.639,0.655,MFG_042
SKU_01579,TCM,frozen,536,9.18,B,True,True,False,1.38,1.365,MFG_035
SKU_01580,Health_Supplements,cold,365,68.46,A,False,True,False,0.471,0.091,MFG_022
SKU_01581,Medical_Devices,ambient,952,27.91,C,False,False,False,0.134,0.207,MFG_054
SKU_01582,TCM,ambient,365,5.53,C,False,True,False,0.418,1.233,MFG_032
SKU_01583,Western_Medicine,cold,167,6.99,C,True,True,False,0.159,0.187,MFG_082
SKU_01584,Health_Supplements,ambient,1081,7.65,B,True,False,False,1.564,0.781,MFG_005
SKU_01585,TCM,ambient,389,5.38,C,True,False,False,0.295,1.428,MFG_058
SKU_01586,TCM,cool,435,26.54,C,True,False,False,0.804,0.918,MFG_062
SKU_01587,Health_Supplements,cool,730,40.99,C,False,False,False,0.342,1.068,MFG_058
SKU_01588,Medical_Devices,ambient,900,33.2,C,False,True,False,1.288,0.289,MFG_054
SKU_01589,Medical_Devices,cool,477,3.23,A,True,False,False,0.967,0.606,MFG_016
SKU_01590,TCM,ambient,695,22.07,C,True,True,False,0.311,0.144,MFG_022
SKU_01591,TCM,cold,206,9.28,C,False,True,False,0.886,1.095,MFG_093
SKU_01592,Medical_Devices,frozen,626,36.38,A,False,True,False,1.148,0.073,MFG_060
SKU_01593,Medical_Devices,ambient,575,19.97,C,True,False,False,0.196,0.759,MFG_072
SKU_01594,Health_Supplements,cold,365,43.52,C,False,True,False,0.316,1.372,MFG_046
SKU_01595,Medical_Devices,ambient,963,64.96,C,False,True,False,1.966,1.276,MFG_012
SKU_01596,TCM,cool,730,54.32,C,True,False,False,1.395,0.333,MFG_061
SKU_01597,Medical_Devices,cold,365,2.64,C,False,True,False,1.182,1.405,MFG_072
SKU_01598,TCM,ambient,932,32.81,C,True,True,False,1.024,0.936,MFG_003
SKU_01599,TCM,cool,730,1.44,B,False,False,False,0.138,0.977,MFG_076
SKU_01600,Medical_Devices,ambient,859,32.96,C,True,True,False,0.421,0.062,MFG_096
SKU_01601,Western_Medicine,ambient,437,10.03,C,False,False,False,1.684,0.472,MFG_015
SKU_01602,TCM,cold,334,60.42,C,False,True,False,1.652,1.233,MFG_084
SKU_01603,Western_Medicine,ambient,627,1.93,A,True,True,False,0.435,0.819,MFG_060
SKU_01604,TCM,ambient,379,48.07,C,False,True,False,0.807,1.285,MFG_095
SKU_01605,Medical_Devices,cool,576,45.86,C,True,False,False,1.134,1.269,MFG_020
SKU_01606,TCM,ambient,533,36.8,B,True,True,False,1.477,0.567,MFG_097
SKU_01607,Western_Medicine,cold,170,24.51,C,False,True,False,0.381,1.314,MFG_021
SKU_01608,Medical_Devices,cold,365,59.51,C,True,True,False,1.45,1.442,MFG_061
SKU_01609,Western_Medicine,ambient,365,9.49,C,False,False,False,1.249,1.411,MFG_029
SKU_01610,Health_Supplements,cold,365,2.97,B,False,True,False,1.002,0.052,MFG_038
SKU_01611,Medical_Devices,ambient,395,8.32,C,False,True,False,1.476,0.599,MFG_062
SKU_01612,Western_Medicine,cold,365,36.25,C,True,True,False,0.538,0.315,MFG_010
SKU_01613,Western_Medicine,cold,284,22.56,B,True,True,False,0.267,1.4,MFG_021
SKU_01614,Medical_Devices,cool,730,5.32,C,False,True,False,0.638,0.834,MFG_024
SKU_01615,Medical_Devices,ambient,563,5.93,C,False,False,True,1.35,0.953,MFG_047
SKU_01616,Western_Medicine,cool,730,29.34,C,False,False,True,1.654,0.714,MFG_089
SKU_01617,Health_Supplements,ambient,611,24.67,C,True,True,False,1.01,1.26,MFG_013
SKU_01618,TCM,cold,365,2.3,B,False,True,False,1.67,0.468,MFG_098
SKU_01619,Western_Medicine,cool,542,90.47,A,True,True,False,0.14,0.82,MFG_042
SKU_01620,Western_Medicine,cool,730,19.42,C,False,True,False,0.116,0.057,MFG_009
SKU_01621,Medical_Devices,ambient,636,54.18,C,True,True,False,0.789,0.884,MFG_017
SKU_01622,Medical_Devices,ambient,696,44.62,C,False,False,False,0.304,0.796,MFG_023
SKU_01623,Western_Medicine,ambient,902,86.47,C,True,False,False,1.72,0.812,MFG_005
SKU_01624,Western_Medicine,cold,365,15.48,B,True,True,False,1.268,0.119,MFG_093
SKU_01625,Western_Medicine,cold,320,92.13,C,False,True,False,1.696,1.011,MFG_024
SKU_01626,TCM,cold,311,40.58,B,False,True,False,1.428,1.446,MFG_043
SKU_01627,Western_Medicine,cold,365,32.89,C,True,True,False,1.406,1.082,MFG_020
SKU_01628,Medical_Devices,ambient,612,25.7,B,True,True,False,0.802,0.046,MFG_055
SKU_01629,Medical_Devices,cold,365,90.75,C,False,True,False,0.484,0.689,MFG_054
SKU_01630,Medical_Devices,cool,583,2.44,C,False,True,False,0.577,0.255,MFG_066
SKU_01631,Western_Medicine,ambient,897,1.91,A,True,False,False,0.11,0.07,MFG_038
SKU_01632,Medical_Devices,cool,730,1.29,B,True,False,False,0.175,1.063,MFG_100
SKU_01633,TCM,cool,180,2.18,C,True,True,False,0.421,0.909,MFG_087
SKU_01634,TCM,ambient,537,1.51,B,False,False,True,0.795,1.406,MFG_036
SKU_01635,Medical_Devices,cold,365,11.73,C,False,True,False,1.369,0.662,MFG_022
SKU_01636,Health_Supplements,cool,730,93.07,A,False,False,False,1.058,0.841,MFG_035
SKU_01637,TCM,ambient,365,2.81,B,True,False,False,0.902,0.862,MFG_010
SKU_01638,TCM,ambient,428,1.34,C,True,True,False,0.991,1.462,MFG_081
SKU_01639,Medical_Devices,ambient,1053,2.01,C,False,True,False,0.395,0.089,MFG_055
SKU_01640,Medical_Devices,cold,365,16.62,C,False,True,False,1.614,0.869,MFG_029
SKU_01641,Medical_Devices,ambient,516,38.71,C,False,False,False,0.819,0.213,MFG_001
SKU_01642,Health_Supplements,ambient,760,13.6,C,False,False,False,0.038,0.776,MFG_055
SKU_01643,Medical_Devices,ambient,843,72.69,A,False,False,False,0.877,1.115,MFG_097
SKU_01644,TCM,ambient,365,4.74,C,False,False,False,1.035,0.99,MFG_029
SKU_01645,Western_Medicine,cool,413,15.76,C,False,True,False,0.667,1.467,MFG_032
SKU_01646,Medical_Devices,ambient,766,31.38,A,True,False,False,0.908,1.224,MFG_024
SKU_01647,Health_Supplements,ambient,518,78.08,B,False,False,False,1.247,0.027,MFG_065
SKU_01648,Medical_Devices,cool,730,42.38,C,True,False,False,1.234,0.858,MFG_001
SKU_01649,TCM,cold,246,175.26,C,False,True,True,1.814,1.377,MFG_003
SKU_01650,TCM,cool,467,15.85,C,False,False,False,1.272,0.44,MFG_032
SKU_01651,Western_Medicine,cold,121,37.89,B,True,True,False,1.321,0.069,MFG_069
SKU_01652,TCM,ambient,510,1.4,C,False,False,False,1.874,0.807,MFG_035
SKU_01653,TCM,ambient,927,15.03,C,True,False,False,0.605,1.477,MFG_092
SKU_01654,Medical_Devices,ambient,568,100.35,C,True,True,False,1.656,0.44,MFG_060
SKU_01655,Medical_Devices,ambient,558,2.23,B,False,True,False,0.25,0.378,MFG_082
SKU_01656,TCM,cool,730,4.26,A,True,True,False,1.099,0.398,MFG_053
SKU_01657,TCM,cool,730,11.61,B,True,False,False,1.789,0.493,MFG_060
SKU_01658,Western_Medicine,cold,365,95.21,C,False,True,False,1.804,0.332,MFG_055
SKU_01659,Western_Medicine,ambient,574,73.06,C,True,False,False,1.853,1.108,MFG_063
SKU_01660,Medical_Devices,cold,365,80.02,C,True,True,False,1.075,0.479,MFG_069
SKU_01661,Western_Medicine,ambient,365,102.49,C,False,False,False,0.513,0.352,MFG_095
SKU_01662,Health_Supplements,cool,730,11.72,C,False,False,False,0.71,1.223,MFG_020
SKU_01663,Medical_Devices,cool,405,37.88,C,False,True,False,0.709,0.275,MFG_008
SKU_01664,Medical_Devices,ambient,515,14.34,B,True,True,False,0.44,1.08,MFG_072
SKU_01665,Western_Medicine,cool,304,1.65,C,False,True,False,1.07,0.384,MFG_037
SKU_01666,TCM,cold,365,19.09,C,True,True,False,1.312,1.242,MFG_051
SKU_01667,Western_Medicine,ambient,605,22.18,C,True,True,False,1.235,1.17,MFG_017
SKU_01668,Western_Medicine,cold,149,18.16,C,True,True,False,0.816,0.91,MFG_050
SKU_01669,TCM,cool,730,12.33,C,False,False,False,0.608,1.132,MFG_001
SKU_01670,Medical_Devices,cold,365,43.18,C,False,True,True,0.741,1.013,MFG_069
SKU_01671,Western_Medicine,cold,243,18.64,C,False,True,False,1.47,1.097,MFG_065
SKU_01672,TCM,cool,294,25.65,C,False,False,False,0.848,0.685,MFG_084
SKU_01673,Western_Medicine,ambient,565,40.95,C,True,True,False,0.583,1.314,MFG_083
SKU_01674,Medical_Devices,cool,730,10.6,B,True,True,False,1.927,0.805,MFG_087
SKU_01675,Medical_Devices,ambient,809,51.56,A,True,False,False,1.109,0.364,MFG_072
SKU_01676,TCM,cool,730,6.89,C,True,False,False,1.217,0.478,MFG_055
SKU_01677,TCM,cool,291,18.2,B,True,False,False,0.738,0.289,MFG_005
SKU_01678,Western_Medicine,cold,365,1.71,B,True,True,False,1.283,1.475,MFG_080
SKU_01679,Western_Medicine,ambient,1056,2.09,C,False,True,False,0.219,0.722,MFG_094
SKU_01680,Western_Medicine,ambient,547,26.54,A,False,True,False,0.992,1.277,MFG_083
SKU_01681,TCM,ambient,626,3.45,C,False,False,True,1.729,1.101,MFG_017
SKU_01682,Medical_Devices,cold,365,65.84,C,False,True,False,1.329,0.59,MFG_055
SKU_01683,Western_Medicine,ambient,365,4.34,C,True,True,False,0.188,1.121,MFG_087
SKU_01684,Medical_Devices,cold,365,3.01,C,False,True,False,0.157,0.479,MFG_042
SKU_01685,Western_Medicine,cold,365,29.27,B,True,True,False,1.009,0.989,MFG_044
SKU_01686,Western_Medicine,ambient,739,100.76,A,True,False,False,1.613,1.344,MFG_072
SKU_01687,Western_Medicine,ambient,808,2.65,C,False,False,False,1.624,0.472,MFG_066
SKU_01688,TCM,frozen,419,8.97,B,True,True,False,0.611,1.094,MFG_053
SKU_01689,Western_Medicine,cold,365,58.14,C,False,True,False,1.09,0.919,MFG_055
SKU_01690,Western_Medicine,cold,365,56.06,C,False,True,False,0.936,0.461,MFG_045
SKU_01691,Western_Medicine,ambient,365,28.9,C,False,True,False,0.495,0.596,MFG_022
SKU_01692,Western_Medicine,cold,365,4.55,C,True,True,False,0.86,0.963,MFG_035
SKU_01693,Health_Supplements,cold,209,35.44,C,True,True,False,0.485,0.355,MFG_083
SKU_01694,Health_Supplements,cool,590,44.61,C,True,True,False,1.478,0.354,MFG_010
SKU_01695,Western_Medicine,ambient,948,2.07,C,True,False,False,0.868,0.057,MFG_032
SKU_01696,TCM,cool,636,82.6,C,True,True,False,1.112,0.987,MFG_089
SKU_01697,Medical_Devices,ambient,860,10.34,C,False,False,False,0.657,0.387,MFG_023
SKU_01698,Health_Supplements,ambient,365,105.78,B,False,False,False,0.855,0.207,MFG_020
SKU_01699,TCM,cold,365,123.13,B,False,True,False,0.426,0.734,MFG_022
SKU_01700,TCM,ambient,665,10.61,C,False,False,True,1.408,1.326,MFG_075
SKU_01701,Western_Medicine,cold,365,2.94,C,False,True,False,1.197,1.314,MFG_083
SKU_01702,Medical_Devices,cold,365,35.97,C,True,True,False,1.311,0.606,MFG_030
SKU_01703,Medical_Devices,ambient,652,95.98,C,False,True,False,0.816,0.364,MFG_092
SKU_01704,Western_Medicine,cool,730,22.68,C,True,False,False,1.279,0.088,MFG_093
SKU_01705,Medical_Devices,cold,365,9.22,C,False,True,False,0.518,0.565,MFG_095
SKU_01706,Western_Medicine,ambient,696,47.28,C,False,False,False,0.759,0.03,MFG_022
SKU_01707,Medical_Devices,ambient,1087,11.36,C,False,False,False,1.92,0.843,MFG_042
SKU_01708,TCM,ambient,365,1.46,B,True,True,False,1.013,0.672,MFG_005
SKU_01709,Western_Medicine,cool,730,97.57,B,False,False,False,1.127,0.646,MFG_027
SKU_01710,Western_Medicine,ambient,365,28.1,B,False,True,False,0.766,0.38,MFG_093
SKU_01711,Western_Medicine,ambient,820,18.55,A,True,False,False,0.948,0.421,MFG_022
SKU_01712,Western_Medicine,cool,664,4.41,C,True,True,False,0.815,0.223,MFG_087
SKU_01713,Medical_Devices,ambient,402,109.06,C,False,True,False,0.206,1.22,MFG_022
SKU_01714,TCM,ambient,637,6.2,B,False,False,False,0.114,0.673,MFG_029
SKU_01715,Western_Medicine,ambient,793,42.33,B,False,True,False,0.785,1.188,MFG_035
SKU_01716,TCM,cool,730,35.93,A,False,False,False,1.625,1.309,MFG_062
SKU_01717,Medical_Devices,cool,533,7.78,C,False,False,False,0.941,1.078,MFG_046
SKU_01718,Medical_Devices,cool,452,1.49,B,True,True,False,0.896,1.304,MFG_087
SKU_01719,Health_Supplements,frozen,232,8.54,C,False,True,False,1.451,0.835,MFG_044
SKU_01720,Medical_Devices,ambient,453,18.51,B,False,True,False,0.04,0.665,MFG_060
SKU_01721,Health_Supplements,cool,289,9.83,B,True,False,False,0.75,0.862,MFG_063
SKU_01722,TCM,ambient,843,53.52,C,False,False,False,0.78,0.084,MFG_035
SKU_01723,Western_Medicine,cool,730,37.08,C,True,True,False,1.473,0.793,MFG_001
SKU_01724,TCM,cool,662,70.05,C,False,False,False,0.441,0.733,MFG_097
SKU_01725,Western_Medicine,cold,365,63.79,C,False,True,False,1.333,1.067,MFG_098
SKU_01726,Medical_Devices,cold,365,22.39,C,False,True,False,1.6,1.451,MFG_015
SKU_01727,Western_Medicine,cold,365,18.6,C,False,True,False,1.149,1.405,MFG_023
SKU_01728,Western_Medicine,cool,699,41.86,B,True,True,False,0.101,0.55,MFG_037
SKU_01729,Medical_Devices,ambient,899,52.11,C,False,True,False,1.859,1.381,MFG_030
SKU_01730,TCM,cold,365,46.15,A,False,True,False,0.908,1.367,MFG_006
SKU_01731,TCM,ambient,384,31.65,C,False,True,False,0.275,0.51,MFG_054
SKU_01732,Medical_Devices,cold,284,23.73,B,False,True,False,0.085,1.247,MFG_009
SKU_01733,TCM,cool,730,15.97,B,False,False,False,0.742,0.504,MFG_006
SKU_01734,Medical_Devices,cold,365,10.18,C,False,True,False,1.087,0.907,MFG_047
SKU_01735,Medical_Devices,ambient,365,16.99,C,False,True,False,0.703,1.0,MFG_032
SKU_01736,Health_Supplements,cold,178,4.65,B,False,True,False,0.706,1.03,MFG_069
SKU_01737,Medical_Devices,ambient,443,10.12,B,False,True,False,1.401,0.843,MFG_015
SKU_01738,TCM,ambient,365,14.5,B,False,True,False,1.38,0.534,MFG_026
SKU_01739,Western_Medicine,cold,365,63.24,A,False,True,False,1.686,0.903,MFG_013
SKU_01740,Western_Medicine,ambient,365,47.73,C,False,False,False,1.478,1.417,MFG_060
SKU_01741,TCM,ambient,886,5.42,B,False,False,False,0.307,1.475,MFG_100
SKU_01742,Medical_Devices,cold,322,97.02,B,False,True,False,0.771,1.316,MFG_005
SKU_01743,TCM,cool,589,50.27,C,False,True,False,0.663,0.175,MFG_063
SKU_01744,Western_Medicine,frozen,594,127.63,C,True,True,False,1.949,0.107,MFG_089
SKU_01745,Medical_Devices,cool,672,18.14,C,False,False,False,1.375,1.374,MFG_060
SKU_01746,TCM,ambient,874,19.49,A,False,False,False,1.769,0.424,MFG_067
SKU_01747,Medical_Devices,ambient,735,34.36,B,False,False,False,0.96,0.882,MFG_042
SKU_01748,TCM,ambient,463,12.77,B,True,False,False,0.896,0.849,MFG_062
SKU_01749,TCM,cool,196,1.32,B,False,True,False,0.385,0.229,MFG_049
SKU_01750,TCM,cool,490,51.9,B,True,False,False,1.199,1.099,MFG_029
SKU_01751,Medical_Devices,cool,654,63.57,A,True,True,False,1.691,0.256,MFG_075
SKU_01752,TCM,cool,347,90.62,C,False,True,False,1.56,0.433,MFG_002
SKU_01753,TCM,ambient,576,82.96,B,False,True,False,1.584,0.081,MFG_002
SKU_01754,Western_Medicine,cold,365,6.58,B,False,True,False,0.457,0.21,MFG_022
SKU_01755,Western_Medicine,frozen,408,30.68,C,False,True,False,1.504,0.185,MFG_021
SKU_01756,Western_Medicine,cool,599,79.02,C,True,False,False,1.225,1.169,MFG_021
SKU_01757,Medical_Devices,cold,365,4.04,C,True,True,False,1.967,0.909,MFG_062
SKU_01758,Health_Supplements,ambient,650,106.98,C,True,False,False,1.754,1.254,MFG_095
SKU_01759,TCM,cool,327,11.9,C,False,True,False,1.777,0.451,MFG_096
SKU_01760,TCM,cool,510,20.88,C,False,False,False,1.295,0.047,MFG_054
SKU_01761,Medical_Devices,cold,365,80.38,C,True,True,False,1.6,0.405,MFG_075
SKU_01762,Western_Medicine,ambient,385,40.61,C,True,True,True,0.285,1.021,MFG_093
SKU_01763,Western_Medicine,ambient,365,15.07,C,True,True,False,0.632,1.23,MFG_087
SKU_01764,Health_Supplements,ambient,558,80.92,B,True,False,False,0.677,0.522,MFG_095
SKU_01765,Western_Medicine,cool,730,69.23,B,False,True,False,1.763,1.188,MFG_006
SKU_01766,Medical_Devices,frozen,242,48.94,A,False,True,False,0.838,0.079,MFG_061
SKU_01767,TCM,cold,365,19.28,C,False,True,False,1.223,1.208,MFG_024
SKU_01768,Medical_Devices,cold,217,54.88,A,False,True,False,1.355,1.437,MFG_084
SKU_01769,Medical_Devices,cool,420,1.34,C,False,False,False,0.707,0.663,MFG_020
SKU_01770,Western_Medicine,cool,574,58.03,C,True,False,False,1.707,1.224,MFG_038
SKU_01771,Western_Medicine,cold,135,112.49,A,True,True,False,0.785,0.013,MFG_027
SKU_01772,Medical_Devices,ambient,539,5.0,B,False,False,False,0.669,1.135,MFG_049
SKU_01773,Medical_Devices,ambient,612,9.6,C,False,False,False,0.168,0.64,MFG_098
SKU_01774,Western_Medicine,ambient,365,93.73,B,True,True,True,1.423,1.414,MFG_058
SKU_01775,Health_Supplements,cold,365,34.61,C,False,True,False,1.2,0.395,MFG_022
SKU_01776,Medical_Devices,cool,730,26.65,C,True,True,False,1.05,0.168,MFG_001
SKU_01777,TCM,cold,365,53.46,B,True,True,False,1.803,0.037,MFG_055
SKU_01778,TCM,frozen,192,65.51,C,True,True,False,1.127,1.425,MFG_080
SKU_01779,TCM,cold,365,11.79,B,False,True,False,1.842,0.993,MFG_005
SKU_01780,Medical_Devices,ambient,522,55.24,B,False,False,True,0.278,0.143,MFG_075
SKU_01781,TCM,cool,730,9.13,C,True,True,False,1.148,1.03,MFG_082
SKU_01782,Western_Medicine,cool,666,81.17,A,False,True,False,1.515,0.583,MFG_049
SKU_01783,TCM,cool,730,17.43,B,False,False,False,0.698,0.648,MFG_062
SKU_01784,Western_Medicine,ambient,506,14.23,C,True,True,False,0.983,0.35,MFG_007
SKU_01785,Western_Medicine,ambient,913,6.22,C,False,True,False,0.262,0.539,MFG_098
SKU_01786,Western_Medicine,cold,365,127.69,C,False,True,True,1.749,0.274,MFG_032
SKU_01787,Western_Medicine,ambient,459,35.71,C,True,True,False,0.108,0.675,MFG_075
SKU_01788,Medical_Devices,cold,365,69.01,A,True,True,False,1.573,0.826,MFG_093
SKU_01789,Medical_Devices,cool,280,23.87,C,False,False,False,1.637,1.414,MFG_020
SKU_01790,Medical_Devices,ambient,412,61.33,C,False,False,False,1.811,0.052,MFG_032
SKU_01791,Western_Medicine,cold,365,4.06,C,False,True,False,0.724,1.228,MFG_093
SKU_01792,Medical_Devices,cool,180,15.26,C,True,False,False,1.515,0.701,MFG_054
SKU_01793,Medical_Devices,cool,497,38.24,C,True,True,False,1.573,0.077,MFG_062
SKU_01794,Health_Supplements,cool,265,7.31,C,False,True,False,1.151,0.34,MFG_042
SKU_01795,TCM,ambient,518,2.69,B,True,True,False,1.128,0.625,MFG_008
SKU_01796,Medical_Devices,cool,509,1.45,C,True,False,False,0.349,0.507,MFG_050
SKU_01797,TCM,ambient,365,138.81,C,False,True,False,1.862,0.742,MFG_082
SKU_01798,TCM,cool,601,51.41,B,False,False,False,0.846,1.331,MFG_022
SKU_01799,Western_Medicine,cool,730,1.49,C,False,True,False,1.874,1.304,MFG_035
SKU_01800,Medical_Devices,cool,453,49.06,C,False,True,False,1.432,1.407,MFG_002
SKU_01801,TCM,ambient,458,98.78,A,True,True,False,1.219,0.426,MFG_033
SKU_01802,Health_Supplements,ambient,365,46.68,C,True,True,False,0.152,0.109,MFG_029
SKU_01803,Medical_Devices,cool,730,3.51,C,True,True,False,0.457,0.287,MFG_032
SKU_01804,TCM,cool,504,97.51,C,False,True,False,1.688,1.45,MFG_024
SKU_01805,TCM,ambient,600,2.92,B,True,True,False,0.135,0.694,MFG_046
SKU_01806,Health_Supplements,cool,730,12.57,B,False,False,False,0.612,0.43,MFG_022
SKU_01807,TCM,cool,730,1.77,B,True,False,False,1.048,0.931,MFG_041
SKU_01808,Medical_Devices,ambient,1000,26.36,C,False,True,False,0.221,0.84,MFG_008
SKU_01809,Western_Medicine,ambient,880,37.4,C,False,False,False,1.942,0.922,MFG_093
SKU_01810,TCM,ambient,403,143.74,B,True,True,True,1.928,1.463,MFG_097
SKU_01811,Western_Medicine,cold,365,26.55,A,False,True,False,1.725,0.214,MFG_080
SKU_01812,Western_Medicine,cold,365,8.73,C,True,True,False,1.308,0.268,MFG_090
SKU_01813,Western_Medicine,cool,730,20.6,B,True,False,False,0.65,0.216,MFG_047
SKU_01814,Medical_Devices,cool,730,10.87,C,False,False,False,1.039,1.407,MFG_088
SKU_01815,Medical_Devices,cold,365,78.97,C,False,True,False,1.65,0.908,MFG_027
SKU_01816,TCM,ambient,365,1.67,C,False,True,True,0.385,0.833,MFG_088
SKU_01817,Health_Supplements,ambient,395,69.25,B,True,True,False,0.524,1.217,MFG_029
SKU_01818,TCM,ambient,365,9.3,C,False,False,False,0.245,0.175,MFG_020
SKU_01819,Western_Medicine,ambient,844,7.67,C,False,True,False,0.954,0.042,MFG_042
SKU_01820,TCM,cool,730,58.08,C,False,False,False,1.035,0.209,MFG_021
SKU_01821,TCM,cool,450,11.11,C,False,True,True,0.042,0.09,MFG_087
SKU_01822,Western_Medicine,cool,730,1.29,C,False,True,False,0.674,1.47,MFG_083
SKU_01823,TCM,cool,661,64.03,B,True,False,False,0.354,0.889,MFG_029
SKU_01824,Health_Supplements,frozen,660,20.02,B,False,True,False,1.705,0.882,MFG_087
SKU_01825,TCM,ambient,658,21.73,C,False,False,False,0.562,0.501,MFG_025
SKU_01826,Medical_Devices,cool,693,16.02,C,True,False,False,1.607,0.033,MFG_082
SKU_01827,TCM,ambient,823,17.72,C,False,False,False,1.331,1.165,MFG_060
SKU_01828,Medical_Devices,cold,365,11.39,C,True,True,False,0.092,0.362,MFG_053
SKU_01829,Health_Supplements,ambient,786,1.9,A,True,False,True,0.731,0.512,MFG_027
SKU_01830,Medical_Devices,cool,446,99.79,C,True,False,False,1.985,0.039,MFG_087
SKU_01831,Medical_Devices,ambient,413,96.3,C,False,True,False,1.624,0.671,MFG_037
SKU_01832,Western_Medicine,cold,357,38.85,A,True,True,False,1.82,0.955,MFG_037
SKU_01833,TCM,cool,533,3.69,C,False,True,False,0.818,0.901,MFG_042
SKU_01834,Medical_Devices,ambient,659,17.44,C,True,True,False,0.281,0.469,MFG_027
SKU_01835,Medical_Devices,ambient,504,55.93,C,False,True,False,0.241,0.014,MFG_008
SKU_01836,Western_Medicine,ambient,860,46.15,C,True,False,False,1.173,0.532,MFG_055
SKU_01837,TCM,ambient,389,3.63,C,True,True,False,1.285,0.645,MFG_035
SKU_01838,Medical_Devices,ambient,365,1.53,C,False,False,False,0.154,1.302,MFG_081
SKU_01839,TCM,cool,730,26.73,C,True,False,False,1.912,0.94,MFG_032
SKU_01840,Health_Supplements,ambient,916,53.85,C,False,False,False,1.016,0.084,MFG_093
SKU_01841,TCM,ambient,365,2.2,C,False,True,False,0.111,1.169,MFG_027
SKU_01842,Western_Medicine,ambient,518,25.75,C,False,True,False,0.801,0.591,MFG_093
SKU_01843,Medical_Devices,ambient,458,17.96,C,False,True,False,0.452,0.431,MFG_066
SKU_01844,Health_Supplements,cool,385,165.88,A,False,True,False,1.93,0.573,MFG_058
SKU_01845,Medical_Devices,ambient,577,117.78,B,True,False,False,1.026,1.346,MFG_035
SKU_01846,Medical_Devices,cold,365,23.89,A,False,True,False,0.914,0.122,MFG_054
SKU_01847,TCM,cold,212,71.76,C,True,True,False,0.454,1.245,MFG_051
SKU_01848,Medical_Devices,ambient,365,87.15,C,False,True,False,0.492,0.34,MFG_021
SKU_01849,Medical_Devices,cool,730,2.83,B,True,False,False,1.262,0.169,MFG_060
SKU_01850,Medical_Devices,ambient,365,18.49,C,False,True,True,1.261,0.044,MFG_093
SKU_01851,Medical_Devices,ambient,721,3.56,B,False,False,False,1.151,1.383,MFG_012
SKU_01852,Western_Medicine,ambient,365,22.3,C,True,True,False,0.731,0.763,MFG_090
SKU_01853,Western_Medicine,ambient,365,128.61,C,True,True,False,0.711,1.296,MFG_051
SKU_01854,Medical_Devices,frozen,730,8.93,B,True,True,False,1.351,0.213,MFG_005
SKU_01855,TCM,cool,730,12.39,B,True,False,False,1.563,0.856,MFG_082
SKU_01856,Western_Medicine,cool,730,128.73,C,False,False,False,1.459,0.272,MFG_012
SKU_01857,TCM,cool,730,5.93,C,False,False,False,0.253,1.083,MFG_089
SKU_01858,Medical_Devices,cool,730,29.86,C,False,False,False,1.038,0.318,MFG_021
SKU_01859,Western_Medicine,ambient,365,16.38,C,False,True,True,0.182,1.428,MFG_042
SKU_01860,Medical_Devices,cool,730,53.95,C,False,False,False,1.712,0.268,MFG_093
SKU_01861,Medical_Devices,ambient,519,35.68,B,True,True,False,1.734,0.496,MFG_035
SKU_01862,Medical_Devices,cool,180,33.81,B,False,False,False,0.7,1.011,MFG_072
SKU_01863,Western_Medicine,ambient,624,55.02,B,False,False,False,1.135,0.291,MFG_063
SKU_01864,Western_Medicine,ambient,366,1.91,B,True,True,False,0.331,0.686,MFG_098
SKU_01865,Health_Supplements,ambient,518,7.54,B,False,True,False,0.086,0.368,MFG_054
SKU_01866,TCM,cool,242,64.5,A,False,True,False,0.126,1.329,MFG_051
SKU_01867,Western_Medicine,ambient,690,3.89,C,True,True,False,0.091,0.445,MFG_043
SKU_01868,Western_Medicine,cool,730,6.3,B,True,True,True,1.121,0.461,MFG_033
SKU_01869,Medical_Devices,cold,365,5.9,B,False,True,False,0.778,1.385,MFG_032
SKU_01870,Western_Medicine,ambient,444,75.48,A,True,False,False,0.554,0.454,MFG_054
SKU_01871,Western_Medicine,cold,350,76.13,C,True,True,False,0.914,0.368,MFG_027
SKU_01872,Western_Medicine,cool,512,3.43,C,False,True,True,0.155,0.145,MFG_007
SKU_01873,TCM,ambient,365,61.66,C,True,False,False,1.265,1.311,MFG_021
SKU_01874,Medical_Devices,ambient,365,3.16,B,False,True,False,0.83,0.386,MFG_093
SKU_01875,Medical_Devices,frozen,290,20.34,B,False,True,False,1.542,1.446,MFG_008
SKU_01876,Western_Medicine,ambient,365,1.31,B,True,True,False,0.457,1.45,MFG_071
SKU_01877,Health_Supplements,frozen,435,73.18,C,False,True,False,1.098,1.264,MFG_009
SKU_01878,Western_Medicine,ambient,815,23.01,C,True,True,False,1.116,0.139,MFG_076
SKU_01879,Medical_Devices,ambient,517,49.7,C,False,True,False,0.426,0.4,MFG_082
SKU_01880,Health_Supplements,ambient,740,11.85,B,True,True,False,1.68,0.098,MFG_087
SKU_01881,Western_Medicine,ambient,709,66.01,C,True,False,False,1.368,0.573,MFG_021
SKU_01882,Western_Medicine,cool,533,24.76,C,False,False,False,1.444,0.355,MFG_027
SKU_01883,Medical_Devices,ambient,685,57.84,C,True,True,False,0.107,0.012,MFG_037
SKU_01884,Medical_Devices,cold,365,19.24,C,True,True,False,1.183,1.012,MFG_043
SKU_01885,Medical_Devices,ambient,963,49.3,C,True,True,False,1.122,0.678,MFG_008
SKU_01886,Medical_Devices,ambient,572,4.63,C,True,False,False,0.25,1.198,MFG_029
SKU_01887,Medical_Devices,cold,365,148.51,C,True,True,False,0.921,0.833,MFG_029
SKU_01888,Western_Medicine,cool,243,7.15,C,True,True,False,1.49,1.335,MFG_003
SKU_01889,Medical_Devices,ambient,741,58.82,A,True,True,False,1.125,0.645,MFG_088
SKU_01890,Western_Medicine,ambient,820,52.9,C,False,True,False,1.088,0.382,MFG_001
SKU_01891,Western_Medicine,ambient,365,4.85,C,True,True,False,1.052,0.402,MFG_051
SKU_01892,Health_Supplements,cool,636,66.08,C,False,True,False,1.403,0.276,MFG_027
SKU_01893,Western_Medicine,ambient,533,36.4,A,False,True,False,1.206,0.017,MFG_096
SKU_01894,Western_Medicine,ambient,579,14.61,C,True,False,False,0.435,0.867,MFG_010
SKU_01895,TCM,ambient,615,4.27,C,False,True,False,1.891,0.102,MFG_035
SKU_01896,Western_Medicine,ambient,451,100.62,C,False,False,False,1.122,0.299,MFG_061
SKU_01897,Western_Medicine,ambient,712,16.31,C,False,False,False,0.804,0.744,MFG_063
SKU_01898,Health_Supplements,frozen,730,35.72,C,False,True,False,1.865,1.404,MFG_033
SKU_01899,Medical_Devices,cool,730,2.67,C,True,True,False,1.151,0.49,MFG_051
SKU_01900,Western_Medicine,cool,194,18.62,A,True,True,False,0.427,0.064,MFG_005
SKU_01901,Medical_Devices,ambient,365,37.65,C,False,True,False,0.62,0.432,MFG_027
SKU_01902,Western_Medicine,cool,730,17.9,C,False,False,False,0.319,1.185,MFG_044
SKU_01903,Medical_Devices,ambient,365,28.5,B,False,True,False,0.604,0.63,MFG_025
SKU_01904,Western_Medicine,ambient,365,203.71,C,True,True,False,1.575,0.874,MFG_001
SKU_01905,Medical_Devices,ambient,585,33.01,C,False,False,False,0.528,1.272,MFG_012
SKU_01906,Western_Medicine,cold,365,40.94,B,False,True,False,0.283,0.919,MFG_010
SKU_01907,Western_Medicine,cool,730,8.7,C,True,False,False,0.543,1.186,MFG_060
SKU_01908,TCM,cool,504,18.22,A,True,False,False,1.12,0.272,MFG_087
SKU_01909,Health_Supplements,cool,444,5.45,A,False,True,False,0.836,0.012,MFG_045
SKU_01910,Medical_Devices,cool,730,1.62,C,False,True,False,1.907,0.882,MFG_032
SKU_01911,TCM,ambient,365,7.51,C,False,True,False,0.623,0.393,MFG_067
SKU_01912,Medical_Devices,cool,180,2.78,C,True,True,False,1.221,0.78,MFG_051
SKU_01913,TCM,cool,730,14.51,A,True,True,False,1.196,0.809,MFG_055
SKU_01914,Medical_Devices,ambient,899,46.51,C,True,True,False,1.836,0.709,MFG_032
SKU_01915,Western_Medicine,ambient,365,18.91,B,True,True,False,0.919,0.3,MFG_045
SKU_01916,Western_Medicine,ambient,717,91.96,C,True,False,False,0.652,0.284,MFG_082
SKU_01917,Western_Medicine,ambient,365,7.7,C,False,True,False,0.598,0.883,MFG_012
SKU_01918,TCM,ambient,829,39.65,A,True,True,False,0.116,0.516,MFG_061
SKU_01919,TCM,cool,730,8.99,C,False,False,False,0.398,0.62,MFG_012
SKU_01920,Medical_Devices,ambient,728,9.29,C,False,False,False,1.905,0.074,MFG_093
SKU_01921,Western_Medicine,cold,365,23.64,B,True,True,False,1.686,0.843,MFG_021
SKU_01922,Health_Supplements,ambient,787,5.14,A,True,False,False,1.252,0.197,MFG_050
SKU_01923,Western_Medicine,cold,309,3.67,C,True,True,False,1.135,1.074,MFG_076
SKU_01924,Medical_Devices,cool,730,10.14,C,False,False,False,0.296,0.092,MFG_098
SKU_01925,Western_Medicine,ambient,365,7.76,C,False,False,False,0.831,1.042,MFG_022
SKU_01926,Western_Medicine,cold,266,10.9,B,False,True,True,1.152,0.075,MFG_012
SKU_01927,TCM,ambient,365,51.82,C,False,True,False,0.819,0.212,MFG_022
SKU_01928,Medical_Devices,cold,365,2.11,C,True,True,False,0.625,1.009,MFG_010
SKU_01929,TCM,ambient,365,4.91,C,False,False,False,0.069,0.927,MFG_001
SKU_01930,Western_Medicine,cold,365,8.01,C,True,True,False,0.542,1.121,MFG_020
SKU_01931,Medical_Devices,cool,730,10.37,B,True,False,False,1.772,0.907,MFG_032
SKU_01932,TCM,cool,454,55.99,B,False,False,False,1.496,1.119,MFG_032
SKU_01933,Western_Medicine,ambient,365,1.31,C,False,False,False,0.18,1.287,MFG_047
SKU_01934,Medical_Devices,ambient,568,44.46,B,True,True,False,1.804,0.612,MFG_090
SKU_01935,Western_Medicine,cool,730,18.01,C,False,True,False,0.962,1.389,MFG_032
SKU_01936,Medical_Devices,ambient,709,86.37,C,True,False,False,1.873,0.828,MFG_063
SKU_01937,Medical_Devices,cold,365,8.54,C,False,True,False,1.553,0.617,MFG_006
SKU_01938,TCM,cool,730,16.08,C,True,False,False,0.222,0.623,MFG_066
SKU_01939,TCM,ambient,365,70.89,C,False,False,False,0.629,0.176,MFG_067
SKU_01940,Western_Medicine,cold,171,18.08,C,False,True,False,0.113,0.535,MFG_035
SKU_01941,Medical_Devices,ambient,803,12.2,C,True,False,False,1.949,1.363,MFG_069
SKU_01942,Medical_Devices,ambient,365,70.59,C,False,False,False,0.707,1.405,MFG_001
SKU_01943,TCM,ambient,471,23.82,C,False,True,False,1.282,1.04,MFG_098
SKU_01944,TCM,frozen,730,3.2,A,False,True,False,1.378,0.841,MFG_090
SKU_01945,Medical_Devices,ambient,365,9.49,A,False,True,False,0.615,1.144,MFG_020
SKU_01946,Medical_Devices,cool,730,8.07,B,False,False,False,1.494,1.172,MFG_066
SKU_01947,TCM,ambient,422,2.32,B,False,True,True,0.876,0.702,MFG_026
SKU_01948,TCM,ambient,1065,21.21,C,False,True,False,0.104,0.376,MFG_092
SKU_01949,Western_Medicine,ambient,365,28.26,A,True,False,False,0.967,1.248,MFG_067
SKU_01950,Medical_Devices,cool,730,29.0,B,True,True,False,1.466,0.452,MFG_069
SKU_01951,Western_Medicine,ambient,365,34.17,C,True,True,False,1.878,0.384,MFG_072
SKU_01952,Medical_Devices,ambient,365,51.4,B,False,True,False,1.461,0.902,MFG_033
SKU_01953,Medical_Devices,cool,730,1.61,C,True,False,False,0.915,1.478,MFG_037
SKU_01954,Medical_Devices,ambient,637,12.72,C,True,False,False,1.073,0.645,MFG_093
SKU_01955,TCM,cold,365,12.25,B,False,True,False,1.602,0.831,MFG_095
SKU_01956,TCM,cold,230,40.62,B,False,True,False,0.686,1.29,MFG_026
SKU_01957,Health_Supplements,ambient,446,180.42,C,True,True,False,1.33,0.052,MFG_060
SKU_01958,Health_Supplements,ambient,746,50.99,C,True,True,False,1.763,0.221,MFG_020
SKU_01959,Medical_Devices,cool,633,11.0,C,True,False,False,0.443,0.417,MFG_013
SKU_01960,Western_Medicine,cool,730,10.09,C,True,False,False,0.079,0.546,MFG_067
SKU_01961,Medical_Devices,ambient,997,67.75,C,True,True,False,1.519,0.419,MFG_024
SKU_01962,Western_Medicine,ambient,365,10.22,B,True,True,False,0.34,0.017,MFG_089
SKU_01963,Western_Medicine,ambient,620,11.01,C,False,True,False,0.478,0.251,MFG_006
SKU_01964,Western_Medicine,ambient,432,18.15,C,True,True,False,0.806,0.517,MFG_063
SKU_01965,Medical_Devices,ambient,454,52.31,C,False,True,False,0.231,0.82,MFG_030
SKU_01966,Medical_Devices,ambient,500,45.13,C,False,True,False,1.514,1.257,MFG_097
SKU_01967,Western_Medicine,cool,378,12.69,B,False,False,False,0.303,1.412,MFG_081
SKU_01968,Medical_Devices,ambient,412,2.29,A,False,True,False,0.665,1.193,MFG_021
SKU_01969,TCM,ambient,825,19.09,C,True,True,False,0.42,0.896,MFG_041
SKU_01970,TCM,cool,603,6.14,C,False,False,False,0.57,1.395,MFG_044
SKU_01971,TCM,cool,730,28.67,A,False,True,False,0.088,0.251,MFG_029
SKU_01972,Western_Medicine,ambient,495,5.98,C,True,True,False,0.873,0.745,MFG_062
SKU_01973,Western_Medicine,ambient,505,13.1,C,False,True,False,1.492,0.682,MFG_022
SKU_01974,Medical_Devices,cool,652,6.09,A,True,True,False,1.764,0.956,MFG_065
SKU_01975,Health_Supplements,ambient,365,56.86,C,False,False,False,0.405,0.655,MFG_069
SKU_01976,Medical_Devices,ambient,365,2.79,B,True,False,False,0.073,0.405,MFG_032
SKU_01977,Western_Medicine,ambient,914,40.61,C,True,False,False,1.818,0.523,MFG_021
SKU_01978,Western_Medicine,cold,365,2.66,B,False,True,False,1.829,1.26,MFG_060
SKU_01979,TCM,ambient,437,45.47,C,False,True,False,0.678,0.383,MFG_030
SKU_01980,Western_Medicine,cold,321,119.79,B,True,True,False,0.109,0.13,MFG_006
SKU_01981,Medical_Devices,cool,730,47.68,C,True,False,False,0.838,0.109,MFG_095
SKU_01982,Western_Medicine,ambient,662,3.58,A,False,False,False,0.372,0.698,MFG_087
SKU_01983,TCM,ambient,607,9.58,B,True,True,True,0.812,0.616,MFG_006
SKU_01984,TCM,cool,730,17.15,B,False,False,True,1.667,0.542,MFG_069
SKU_01985,Western_Medicine,ambient,519,28.19,C,False,True,False,1.13,0.813,MFG_062
SKU_01986,Western_Medicine,ambient,479,1.54,A,True,False,False,0.153,1.182,MFG_061
SKU_01987,Medical_Devices,ambient,392,6.21,C,False,True,False,0.748,0.848,MFG_055
SKU_01988,Western_Medicine,ambient,545,2.24,C,True,True,False,0.558,0.941,MFG_097
SKU_01989,Health_Supplements,ambient,904,92.18,B,False,True,False,0.917,1.421,MFG_024
SKU_01990,Medical_Devices,cold,265,130.81,C,False,True,False,0.674,0.012,MFG_096
SKU_01991,TCM,ambient,365,93.89,A,False,False,False,0.452,0.575,MFG_001
SKU_01992,TCM,cold,219,2.21,A,True,True,False,1.133,0.139,MFG_001
SKU_01993,Health_Supplements,frozen,420,155.12,B,False,True,False,1.064,0.399,MFG_058
SKU_01994,Medical_Devices,cool,268,11.45,C,True,False,False,1.632,1.44,MFG_032
SKU_01995,Medical_Devices,frozen,730,99.5,A,False,True,False,1.985,0.86,MFG_054
SKU_01996,Western_Medicine,cool,487,4.13,C,False,True,False,0.202,0.039,MFG_037
SKU_01997,Western_Medicine,cold,111,56.5,B,False,True,False,1.457,0.404,MFG_027
SKU_01998,Medical_Devices,ambient,682,12.43,A,False,True,False,1.23,1.361,MFG_008
SKU_01999,Medical_Devices,cold,287,12.25,B,True,True,False,1.778,0.406,MFG_060
SKU_02000,Medical_Devices,frozen,350,67.35,C,False,True,False,0.242,1.112,MFG_047
SKU_02001,TCM,ambient,753,79.03,C,False,False,False,1.946,0.69,MFG_088
SKU_02002,TCM,cool,730,10.32,B,True,False,False,1.102,0.355,MFG_050
SKU_02003,Western_Medicine,cold,365,2.41,C,False,True,False,1.618,1.042,MFG_093
SKU_02004,TCM,cool,730,1.3,B,True,False,False,0.231,1.433,MFG_098
SKU_02005,Medical_Devices,cold,365,9.88,C,False,True,False,1.076,0.033,MFG_001
SKU_02006,TCM,ambient,681,3.28,C,False,True,False,0.232,0.338,MFG_087
SKU_02007,Health_Supplements,cool,428,78.6,A,False,True,True,0.357,0.603,MFG_001
SKU_02008,TCM,cool,730,4.78,B,False,False,False,0.05,0.026,MFG_093
SKU_02009,Medical_Devices,cool,728,11.42,C,False,False,False,1.045,1.163,MFG_072
SKU_02010,Western_Medicine,ambient,986,5.01,B,False,False,False,1.53,0.634,MFG_010
SKU_02011,Medical_Devices,ambient,365,86.16,C,False,False,False,1.45,1.236,MFG_053
SKU_02012,Western_Medicine,ambient,365,45.61,A,False,True,False,1.313,0.407,MFG_082
SKU_02013,Western_Medicine,cool,730,17.67,C,True,False,False,1.124,0.495,MFG_095
SKU_02014,Medical_Devices,cool,730,2.49,C,False,True,False,0.407,1.069,MFG_009
SKU_02015,Western_Medicine,ambient,451,31.27,B,True,False,False,1.535,1.126,MFG_001
SKU_02016,Western_Medicine,ambient,682,6.59,C,False,False,False,0.203,1.095,MFG_076
SKU_02017,Western_Medicine,cold,315,55.03,C,False,True,False,1.675,1.339,MFG_016
SKU_02018,Western_Medicine,ambient,1037,13.45,C,False,True,False,0.439,0.214,MFG_093
SKU_02019,Medical_Devices,ambient,365,30.08,C,True,True,False,0.34,0.494,MFG_061
SKU_02020,Medical_Devices,ambient,476,7.15,C,False,False,False,0.096,0.792,MFG_005
SKU_02021,Medical_Devices,ambient,925,6.02,C,True,True,False,0.197,0.102,MFG_089
SKU_02022,Western_Medicine,ambient,775,78.77,C,True,False,False,1.637,0.806,MFG_015
SKU_02023,TCM,ambient,365,29.04,C,True,True,False,0.113,0.316,MFG_005
SKU_02024,TCM,cool,461,66.41,C,True,True,False,0.936,1.051,MFG_012
SKU_02025,Medical_Devices,cold,286,71.18,C,False,True,False,1.688,0.217,MFG_072
SKU_02026,Medical_Devices,ambient,550,54.75,C,False,True,False,0.484,0.594,MFG_097
SKU_02027,Western_Medicine,cold,365,29.16,C,False,True,False,0.746,0.339,MFG_093
SKU_02028,Western_Medicine,cool,707,2.8,C,True,False,False,1.458,1.139,MFG_010
SKU_02029,TCM,cool,703,23.73,C,False,False,False,1.822,0.29,MFG_044
SKU_02030,Western_Medicine,ambient,365,4.51,A,True,True,False,0.662,0.863,MFG_015
SKU_02031,Western_Medicine,cold,365,7.2,B,False,True,False,1.793,1.405,MFG_094
SKU_02032,Western_Medicine,cool,730,12.12,C,False,False,False,0.763,1.462,MFG_069
SKU_02033,TCM,ambient,840,1.85,B,False,True,False,0.381,0.185,MFG_060
SKU_02034,TCM,ambient,741,12.85,A,True,True,False,0.291,0.109,MFG_015
SKU_02035,Western_Medicine,cool,538,17.07,C,False,False,False,0.72,0.573,MFG_097
SKU_02036,Medical_Devices,cold,119,31.8,C,True,True,False,1.437,1.255,MFG_049
SKU_02037,TCM,ambient,534,8.24,C,False,False,False,1.642,0.271,MFG_063
SKU_02038,Medical_Devices,cool,730,108.83,C,False,False,False,1.856,1.458,MFG_029
SKU_02039,TCM,ambient,391,88.15,C,False,False,False,1.261,0.86,MFG_072
SKU_02040,TCM,ambient,365,40.34,C,False,True,False,0.86,0.682,MFG_069
SKU_02041,Western_Medicine,cool,587,9.63,C,True,False,False,0.859,1.315,MFG_033
SKU_02042,Western_Medicine,cool,730,91.65,C,True,False,False,0.889,0.566,MFG_021
SKU_02043,Western_Medicine,ambient,674,5.0,C,False,False,False,0.216,0.828,MFG_058
SKU_02044,Medical_Devices,cold,172,28.32,B,True,True,False,1.387,0.491,MFG_033
SKU_02045,Medical_Devices,ambient,549,79.66,C,False,False,False,1.73,1.449,MFG_055
SKU_02046,Medical_Devices,cold,365,46.67,A,True,True,False,0.702,1.076,MFG_027
SKU_02047,Western_Medicine,ambient,595,15.9,A,False,False,False,1.676,0.316,MFG_035
SKU_02048,Western_Medicine,ambient,407,5.76,B,False,True,False,0.972,1.143,MFG_008
SKU_02049,Western_Medicine,ambient,707,46.87,B,False,False,True,1.509,0.497,MFG_022
SKU_02050,Western_Medicine,frozen,180,150.68,C,False,True,False,0.926,0.324,MFG_008
SKU_02051,Medical_Devices,ambient,704,19.25,C,True,True,False,1.455,0.594,MFG_033
SKU_02052,TCM,cool,669,2.6,C,True,True,False,0.922,0.675,MFG_058
SKU_02053,TCM,cold,365,64.76,A,True,True,False,0.293,0.682,MFG_021
SKU_02054,TCM,ambient,546,36.79,C,False,False,False,0.83,1.412,MFG_075
SKU_02055,TCM,cool,730,17.83,C,False,False,False,1.118,1.075,MFG_075
SKU_02056,Medical_Devices,cold,169,63.02,C,False,True,False,0.263,0.62,MFG_062
SKU_02057,TCM,cold,365,39.72,B,True,True,False,1.721,0.392,MFG_093
SKU_02058,Western_Medicine,ambient,365,106.34,A,False,True,False,0.726,0.08,MFG_090
SKU_02059,Western_Medicine,ambient,365,50.42,A,True,True,False,0.884,0.556,MFG_051
SKU_02060,Western_Medicine,ambient,611,1.32,C,False,True,False,0.1,1.174,MFG_061
SKU_02061,Western_Medicine,ambient,425,10.15,B,True,False,False,1.25,0.908,MFG_065
SKU_02062,TCM,ambient,994,11.09,B,True,False,True,0.561,1.309,MFG_093
SKU_02063,Medical_Devices,ambient,435,67.06,C,False,False,False,0.712,0.512,MFG_043
SKU_02064,Medical_Devices,ambient,998,21.64,C,False,False,True,1.808,0.367,MFG_028
SKU_02065,Western_Medicine,ambient,439,20.21,B,False,False,False,0.67,1.471,MFG_053
SKU_02066,Western_Medicine,cold,365,33.87,C,False,True,False,1.163,0.652,MFG_093
SKU_02067,TCM,cold,365,41.71,B,True,True,False,0.6,1.105,MFG_016
SKU_02068,TCM,ambient,1015,9.93,B,True,True,False,0.195,0.816,MFG_067
SKU_02069,Health_Supplements,cool,730,37.21,A,False,False,True,1.632,1.355,MFG_094
SKU_02070,Health_Supplements,cool,730,13.37,C,False,False,False,1.714,0.364,MFG_002
SKU_02071,TCM,ambient,994,5.78,C,True,False,False,1.696,0.432,MFG_005
SKU_02072,Medical_Devices,cold,144,38.67,C,False,True,False,0.295,1.42,MFG_008
SKU_02073,TCM,ambient,625,13.55,C,False,True,False,0.38,0.205,MFG_061
SKU_02074,Western_Medicine,cold,307,42.68,C,False,True,True,0.958,0.954,MFG_027
SKU_02075,TCM,cold,365,60.8,B,False,True,False,1.135,0.281,MFG_087
SKU_02076,Western_Medicine,frozen,682,8.3,A,True,True,False,1.127,0.895,MFG_093
SKU_02077,Medical_Devices,cold,287,31.12,C,False,True,True,0.576,0.62,MFG_089
SKU_02078,Medical_Devices,ambient,594,37.43,C,False,False,False,0.823,1.004,MFG_061
SKU_02079,TCM,ambient,365,17.9,A,False,False,False,1.094,1.237,MFG_010
SKU_02080,TCM,ambient,509,18.14,B,False,False,False,1.261,1.41,MFG_082
SKU_02081,Western_Medicine,cool,221,8.91,B,True,True,False,0.502,0.565,MFG_066
SKU_02082,TCM,cold,146,143.56,C,True,True,False,0.65,1.352,MFG_033
SKU_02083,Western_Medicine,frozen,639,54.24,B,True,True,False,1.716,1.429,MFG_097
SKU_02084,Medical_Devices,ambient,828,20.15,C,True,False,False,1.857,1.396,MFG_092
SKU_02085,Medical_Devices,cold,365,30.27,C,True,True,False,1.102,1.281,MFG_042
SKU_02086,Medical_Devices,ambient,464,63.14,B,True,True,False,0.434,0.885,MFG_062
SKU_02087,Health_Supplements,frozen,664,29.01,C,True,True,False,0.545,0.542,MFG_032
SKU_02088,TCM,cold,355,3.88,C,True,True,False,0.35,1.228,MFG_098
SKU_02089,Medical_Devices,cool,436,82.47,A,False,True,False,0.472,1.044,MFG_097
SKU_02090,TCM,cool,287,1.82,B,False,True,False,0.919,0.764,MFG_033
SKU_02091,Medical_Devices,frozen,414,3.2,A,True,True,False,0.558,0.122,MFG_002
SKU_02092,TCM,cool,730,23.33,C,False,False,False,1.552,1.269,MFG_054
SKU_02093,Health_Supplements,cool,730,34.0,A,True,False,False,0.881,1.279,MFG_026
SKU_02094,Western_Medicine,cool,320,1.86,B,True,True,False,0.382,0.373,MFG_013
SKU_02095,Medical_Devices,cold,365,17.88,C,False,True,True,0.387,1.113,MFG_093
SKU_02096,Western_Medicine,ambient,890,47.31,B,True,True,False,1.399,0.867,MFG_082
SKU_02097,Medical_Devices,cool,181,55.17,C,True,False,False,1.198,0.979,MFG_061
SKU_02098,TCM,cold,365,16.33,C,False,True,False,0.08,0.179,MFG_062
SKU_02099,Western_Medicine,frozen,730,58.16,C,True,True,False,1.424,0.52,MFG_032
SKU_02100,Medical_Devices,cool,434,12.56,C,True,False,False,1.307,0.688,MFG_060
SKU_02101,Medical_Devices,cold,365,17.47,A,True,True,False,0.73,0.728,MFG_023
SKU_02102,TCM,ambient,603,9.62,C,True,True,False,0.088,1.242,MFG_082
SKU_02103,Medical_Devices,ambient,1024,54.0,C,False,False,False,1.033,0.449,MFG_026
SKU_02104,Western_Medicine,ambient,825,17.53,C,True,True,False,0.723,1.22,MFG_042
SKU_02105,Western_Medicine,cool,730,1.69,B,True,True,False,0.919,1.19,MFG_098
SKU_02106,Medical_Devices,ambient,688,24.26,C,False,True,False,1.148,0.57,MFG_002
SKU_02107,TCM,ambient,400,36.71,C,True,True,False,0.385,1.269,MFG_020
SKU_02108,TCM,cold,365,11.39,C,False,True,False,1.799,1.352,MFG_092
SKU_02109,Medical_Devices,ambient,365,1.7,C,False,True,False,1.315,1.051,MFG_030
SKU_02110,Medical_Devices,cool,427,12.84,C,False,True,False,0.152,1.34,MFG_088
SKU_02111,Health_Supplements,ambient,871,14.89,C,False,True,False,0.376,1.35,MFG_097
SKU_02112,Medical_Devices,cool,442,18.92,B,True,False,False,0.623,0.821,MFG_076
SKU_02113,Western_Medicine,cool,730,1.7,B,True,False,False,1.691,1.414,MFG_006
SKU_02114,Medical_Devices,ambient,365,7.55,C,False,True,False,1.011,0.653,MFG_069
SKU_02115,TCM,cool,646,16.53,B,False,False,False,1.571,1.25,MFG_058
SKU_02116,Western_Medicine,cold,365,14.15,C,True,True,False,0.233,0.989,MFG_093
SKU_02117,Medical_Devices,cold,214,42.44,A,False,True,False,0.972,0.235,MFG_067
SKU_02118,TCM,cold,365,32.62,B,False,True,True,1.374,1.204,MFG_015
SKU_02119,Western_Medicine,ambient,629,2.49,C,False,True,False,1.65,0.839,MFG_076
SKU_02120,Western_Medicine,ambient,365,3.59,C,True,False,False,0.411,0.152,MFG_066
SKU_02121,Health_Supplements,ambient,428,8.81,C,True,False,False,1.215,0.702,MFG_029
SKU_02122,Medical_Devices,ambient,1009,40.21,C,True,False,False,0.577,1.127,MFG_061
SKU_02123,Western_Medicine,ambient,365,19.49,B,False,True,False,0.706,0.87,MFG_003
SKU_02124,TCM,ambient,365,11.83,C,False,False,False,0.496,0.521,MFG_062
SKU_02125,TCM,cold,365,139.66,B,False,True,False,1.868,1.072,MFG_023
SKU_02126,Medical_Devices,cold,365,129.66,A,True,True,False,1.486,0.539,MFG_046
SKU_02127,Western_Medicine,cold,269,16.49,C,False,True,False,1.674,0.208,MFG_084
SKU_02128,Western_Medicine,ambient,365,1.68,C,True,True,False,0.448,1.298,MFG_092
SKU_02129,TCM,cool,506,19.26,C,False,True,False,1.161,0.192,MFG_012
SKU_02130,Medical_Devices,ambient,583,1.45,B,False,True,False,1.936,1.191,MFG_002
SKU_02131,Medical_Devices,ambient,959,115.95,C,False,True,False,1.8,0.981,MFG_001
SKU_02132,TCM,cold,365,55.93,C,True,True,False,1.825,0.607,MFG_093
SKU_02133,Western_Medicine,cool,543,8.63,B,True,True,False,0.502,0.654,MFG_002
SKU_02134,Medical_Devices,ambient,829,16.26,C,False,False,True,0.387,0.608,MFG_047
SKU_02135,Western_Medicine,cool,444,24.7,C,False,False,False,0.282,0.04,MFG_098
SKU_02136,TCM,cold,365,3.79,B,False,True,False,0.095,0.791,MFG_069
SKU_02137,Western_Medicine,ambient,365,3.29,C,False,False,False,0.578,0.844,MFG_063
SKU_02138,TCM,cool,730,37.27,C,False,True,False,1.176,1.477,MFG_082
SKU_02139,Medical_Devices,cool,641,2.6,C,False,True,False,0.194,1.272,MFG_088
SKU_02140,Western_Medicine,cool,730,6.91,A,True,False,False,1.79,0.318,MFG_033
SKU_02141,Western_Medicine,ambient,757,45.47,A,False,False,False,1.448,1.051,MFG_002
SKU_02142,Health_Supplements,cool,543,25.26,C,True,True,False,0.365,0.543,MFG_026
SKU_02143,Medical_Devices,ambient,727,2.71,C,True,False,False,1.025,0.829,MFG_027
SKU_02144,Western_Medicine,cold,365,76.77,C,False,True,False,1.705,0.206,MFG_044
SKU_02145,TCM,ambient,365,32.3,C,False,True,False,0.84,0.527,MFG_066
SKU_02146,TCM,ambient,365,26.24,C,False,True,False,1.481,0.972,MFG_051
SKU_02147,Western_Medicine,ambient,365,76.73,C,False,True,False,0.219,0.099,MFG_005
SKU_02148,Medical_Devices,cold,365,5.84,C,False,True,False,1.183,1.098,MFG_007
SKU_02149,TCM,ambient,983,37.25,A,True,True,False,0.431,0.973,MFG_080
SKU_02150,TCM,cold,365,31.98,A,False,True,False,1.964,0.02,MFG_035
SKU_02151,TCM,cool,418,8.45,C,False,False,False,0.089,1.052,MFG_026
SKU_02152,Western_Medicine,ambient,972,75.67,A,False,False,False,0.764,0.81,MFG_001
SKU_02153,TCM,frozen,519,54.3,C,True,True,False,1.744,0.837,MFG_065
SKU_02154,Medical_Devices,cool,328,35.72,C,False,False,False,1.536,1.278,MFG_020
SKU_02155,Medical_Devices,ambient,365,34.65,C,False,True,False,0.68,1.258,MFG_055
SKU_02156,TCM,ambient,365,40.63,B,False,False,False,1.785,0.852,MFG_032
SKU_02157,TCM,cool,255,48.35,B,True,False,True,1.269,0.794,MFG_041
SKU_02158,Western_Medicine,cold,365,2.62,B,True,True,False,1.516,0.768,MFG_072
SKU_02159,TCM,cool,352,30.21,A,True,True,False,0.51,0.07,MFG_072
SKU_02160,TCM,ambient,1022,103.2,C,False,True,False,1.943,0.375,MFG_062
SKU_02161,Western_Medicine,cold,365,102.83,C,False,True,False,1.017,0.223,MFG_060
SKU_02162,TCM,cool,390,44.97,C,False,False,False,0.579,0.481,MFG_033
SKU_02163,Western_Medicine,cool,730,30.32,B,True,False,False,0.801,1.459,MFG_009
SKU_02164,Western_Medicine,cold,365,41.72,C,False,True,False,0.34,1.041,MFG_008
SKU_02165,TCM,ambient,689,16.63,C,False,True,False,0.993,1.395,MFG_095
SKU_02166,Medical_Devices,ambient,654,46.47,C,True,False,False,0.383,0.043,MFG_027
SKU_02167,Western_Medicine,ambient,787,148.96,C,False,True,False,1.908,0.024,MFG_082
SKU_02168,Medical_Devices,cool,493,119.47,B,False,True,False,1.841,1.17,MFG_003
SKU_02169,Medical_Devices,ambient,441,38.8,C,False,True,False,0.846,0.911,MFG_062
SKU_02170,Medical_Devices,ambient,621,88.89,B,False,False,False,0.815,0.321,MFG_001
SKU_02171,Medical_Devices,frozen,710,12.92,C,False,True,False,0.192,0.2,MFG_021
SKU_02172,TCM,ambient,365,5.0,B,False,True,False,1.109,0.171,MFG_036
SKU_02173,TCM,cold,365,84.14,C,False,True,False,1.749,0.659,MFG_047
SKU_02174,TCM,cold,194,35.94,C,False,True,False,0.542,0.75,MFG_035
SKU_02175,TCM,cold,365,51.41,C,False,True,False,1.332,0.051,MFG_084
SKU_02176,Health_Supplements,ambient,630,14.52,C,False,True,False,0.457,1.319,MFG_067
SKU_02177,Health_Supplements,ambient,927,6.14,B,False,False,False,1.662,1.393,MFG_024
SKU_02178,Western_Medicine,ambient,855,68.37,C,False,True,False,1.668,0.896,MFG_012
SKU_02179,Western_Medicine,cool,730,40.07,C,False,False,False,0.543,0.056,MFG_017
SKU_02180,Health_Supplements,cool,265,36.58,B,False,False,False,1.857,0.505,MFG_047
SKU_02181,TCM,ambient,929,1.3,B,True,True,False,0.455,1.359,MFG_020
SKU_02182,Western_Medicine,cool,730,9.02,C,True,False,False,1.537,0.492,MFG_030
SKU_02183,Western_Medicine,ambient,429,62.86,B,True,True,False,1.728,1.352,MFG_005
SKU_02184,Medical_Devices,cold,167,15.46,A,True,True,False,0.84,0.829,MFG_023
SKU_02185,Western_Medicine,cold,154,18.23,C,True,True,False,0.564,1.122,MFG_061
SKU_02186,Medical_Devices,cold,237,65.34,C,True,True,False,1.361,0.016,MFG_093
SKU_02187,Western_Medicine,cool,636,6.21,C,True,True,False,0.372,0.153,MFG_053
SKU_02188,TCM,ambient,446,27.45,C,True,False,False,1.595,1.157,MFG_076
SKU_02189,Medical_Devices,ambient,724,23.19,B,False,False,False,1.741,1.348,MFG_082
SKU_02190,TCM,cool,704,1.49,B,True,True,False,0.868,1.102,MFG_087
SKU_02191,Western_Medicine,ambient,1076,22.0,B,False,True,False,0.613,1.474,MFG_075
SKU_02192,Medical_Devices,cold,365,61.91,C,False,True,False,1.52,1.198,MFG_043
SKU_02193,Western_Medicine,ambient,744,144.29,C,True,True,False,1.1,1.376,MFG_071
SKU_02194,TCM,ambient,939,7.53,B,True,False,False,1.903,0.285,MFG_082
SKU_02195,Medical_Devices,ambient,395,56.45,C,False,False,False,1.295,0.757,MFG_047
SKU_02196,Western_Medicine,ambient,651,90.74,C,False,True,False,0.936,1.234,MFG_095
SKU_02197,Western_Medicine,cool,730,27.43,C,True,False,False,0.405,1.348,MFG_041
SKU_02198,Western_Medicine,cool,366,58.95,C,False,False,False,0.105,0.622,MFG_093
SKU_02199,Western_Medicine,ambient,976,125.21,C,False,False,False,0.92,1.123,MFG_032
SKU_02200,Medical_Devices,ambient,860,154.29,C,False,False,False,1.971,1.319,MFG_035
SKU_02201,Western_Medicine,cool,730,5.41,A,False,True,False,1.753,1.476,MFG_001
SKU_02202,Western_Medicine,frozen,632,13.46,C,True,True,False,0.578,0.824,MFG_071
SKU_02203,TCM,cold,365,65.46,B,False,True,True,0.59,0.426,MFG_027
SKU_02204,Western_Medicine,ambient,761,1.8,C,False,False,False,1.027,0.462,MFG_062
SKU_02205,Medical_Devices,cold,340,22.84,C,False,True,False,1.503,0.272,MFG_008
SKU_02206,TCM,cool,730,3.2,B,False,False,False,0.401,0.672,MFG_006
SKU_02207,Medical_Devices,frozen,730,5.64,A,True,True,False,1.373,0.376,MFG_043
SKU_02208,Western_Medicine,ambient,365,8.0,B,False,False,False,0.306,1.444,MFG_063
SKU_02209,TCM,ambient,605,15.61,C,False,True,False,0.717,1.05,MFG_070
SKU_02210,Western_Medicine,cold,274,11.08,C,True,True,False,1.818,0.762,MFG_066
SKU_02211,Medical_Devices,cold,365,42.02,C,True,True,False,1.686,0.751,MFG_029
SKU_02212,Health_Supplements,ambient,589,69.92,C,True,True,False,0.336,1.407,MFG_010
SKU_02213,Medical_Devices,frozen,565,58.75,A,False,True,False,1.36,0.013,MFG_065
SKU_02214,Western_Medicine,ambient,898,27.37,C,True,False,False,1.331,1.14,MFG_027
SKU_02215,Health_Supplements,ambient,522,7.09,B,True,False,False,1.655,0.957,MFG_080
SKU_02216,Health_Supplements,ambient,612,4.09,C,True,False,False,0.686,1.184,MFG_024
SKU_02217,Medical_Devices,cold,117,50.36,C,False,True,False,1.877,0.563,MFG_032
SKU_02218,Western_Medicine,cool,730,10.74,C,False,True,False,1.021,0.266,MFG_084
SKU_02219,Western_Medicine,ambient,473,14.84,A,True,False,False,0.208,1.165,MFG_069
SKU_02220,Western_Medicine,cool,211,36.29,B,True,False,False,1.654,0.915,MFG_037
SKU_02221,Medical_Devices,cool,532,9.77,B,True,False,False,0.879,1.47,MFG_095
SKU_02222,Western_Medicine,ambient,365,32.56,B,False,True,False,0.879,0.531,MFG_024
SKU_02223,TCM,ambient,409,2.71,B,True,True,False,0.505,0.147,MFG_047
SKU_02224,TCM,cool,357,2.21,B,True,False,False,1.154,1.268,MFG_060
SKU_02225,Medical_Devices,cold,365,50.53,C,False,True,False,0.097,0.839,MFG_067
SKU_02226,Medical_Devices,ambient,862,25.03,C,False,False,False,0.149,0.176,MFG_002
SKU_02227,TCM,cool,370,2.08,C,False,True,False,0.094,0.224,MFG_075
SKU_02228,Medical_Devices,ambient,595,36.83,A,False,False,False,1.155,0.401,MFG_023
SKU_02229,Western_Medicine,cold,365,128.23,A,False,True,False,1.966,0.792,MFG_036
SKU_02230,Western_Medicine,ambient,365,3.95,B,True,False,False,0.342,1.232,MFG_026
SKU_02231,Western_Medicine,ambient,1000,37.49,B,False,True,False,1.27,1.259,MFG_093
SKU_02232,Western_Medicine,ambient,365,3.89,C,False,True,False,0.49,0.462,MFG_060
SKU_02233,Medical_Devices,cold,365,91.07,C,True,True,False,1.47,1.294,MFG_033
SKU_02234,Health_Supplements,cold,365,43.7,C,False,True,False,1.647,0.805,MFG_082
SKU_02235,Western_Medicine,cold,365,47.68,A,False,True,False,0.932,0.414,MFG_015
SKU_02236,TCM,ambient,365,14.31,C,True,True,False,0.116,0.786,MFG_041
SKU_02237,TCM,ambient,775,3.27,C,True,True,True,0.416,0.797,MFG_072
SKU_02238,Medical_Devices,cool,514,27.74,B,False,True,False,0.524,0.653,MFG_080
SKU_02239,TCM,cool,730,93.88,C,False,False,False,1.988,0.066,MFG_062
SKU_02240,Western_Medicine,cool,572,33.9,C,False,False,False,1.801,1.273,MFG_053
SKU_02241,Western_Medicine,cool,730,12.15,A,True,True,False,1.713,0.633,MFG_024
SKU_02242,TCM,cool,635,4.15,C,False,False,False,0.218,1.021,MFG_006
SKU_02243,Medical_Devices,ambient,365,80.65,C,True,True,False,1.027,0.381,MFG_027
SKU_02244,Western_Medicine,frozen,565,20.66,B,False,True,False,0.796,0.819,MFG_033
SKU_02245,TCM,ambient,768,8.0,C,False,False,False,1.984,0.623,MFG_053
SKU_02246,Western_Medicine,cold,365,70.97,A,False,True,False,1.675,1.452,MFG_060
SKU_02247,TCM,cool,730,39.49,C,False,False,True,0.71,1.025,MFG_025
SKU_02248,Western_Medicine,cold,365,9.27,C,False,True,False,1.18,1.088,MFG_038
SKU_02249,Western_Medicine,cool,730,25.31,C,False,False,False,0.567,0.937,MFG_092
SKU_02250,Western_Medicine,ambient,365,96.26,A,False,True,False,0.494,0.272,MFG_095
SKU_02251,Western_Medicine,ambient,583,91.65,C,False,False,False,0.704,0.905,MFG_062
SKU_02252,Western_Medicine,cool,180,112.41,B,True,False,False,1.112,1.355,MFG_030
SKU_02253,Medical_Devices,ambient,1092,3.51,B,False,False,False,0.273,1.428,MFG_072
SKU_02254,Health_Supplements,ambient,510,11.83,A,False,False,False,0.912,0.495,MFG_050
SKU_02255,Medical_Devices,cold,365,93.29,B,True,True,True,1.139,0.549,MFG_067
SKU_02256,TCM,ambient,614,11.99,C,False,True,False,0.933,0.408,MFG_005
SKU_02257,Health_Supplements,ambient,365,123.24,A,True,False,False,1.485,0.311,MFG_082
SKU_02258,Medical_Devices,ambient,843,85.83,B,True,True,False,1.007,0.881,MFG_060
SKU_02259,TCM,ambient,606,73.99,A,True,False,False,1.833,0.605,MFG_070
SKU_02260,Medical_Devices,cold,365,124.7,A,False,True,True,1.629,0.734,MFG_015
SKU_02261,Medical_Devices,ambient,744,3.59,C,False,False,False,0.465,1.404,MFG_060
SKU_02262,TCM,ambient,365,7.44,A,False,True,False,0.174,1.259,MFG_001
SKU_02263,Medical_Devices,cool,730,11.7,C,False,True,False,1.114,1.2,MFG_051
SKU_02264,TCM,cool,730,2.66,B,True,True,False,1.448,0.913,MFG_053
SKU_02265,TCM,cool,264,24.82,A,False,True,False,0.632,0.175,MFG_021
SKU_02266,Western_Medicine,ambient,560,55.78,B,True,False,False,0.726,0.539,MFG_043
SKU_02267,Western_Medicine,cold,256,139.21,B,True,True,False,1.702,1.027,MFG_060
SKU_02268,Western_Medicine,ambient,797,7.31,C,False,False,False,1.533,1.031,MFG_092
SKU_02269,Western_Medicine,frozen,491,107.89,B,True,True,False,0.711,0.62,MFG_042
SKU_02270,TCM,cool,440,3.75,B,False,True,False,0.263,0.987,MFG_037
SKU_02271,Health_Supplements,ambient,824,65.17,C,True,False,False,1.695,0.836,MFG_095
SKU_02272,TCM,ambient,919,203.31,C,False,False,False,1.597,0.103,MFG_063
SKU_02273,Medical_Devices,cold,365,52.86,A,False,True,False,1.245,0.101,MFG_058
SKU_02274,Western_Medicine,ambient,866,41.22,C,True,False,False,1.448,1.39,MFG_063
SKU_02275,Medical_Devices,cold,174,137.08,C,True,True,False,1.546,0.331,MFG_021
SKU_02276,TCM,cool,730,5.53,C,False,False,False,1.579,1.049,MFG_093
SKU_02277,Western_Medicine,cold,365,24.1,B,True,True,False,0.977,1.143,MFG_003
SKU_02278,Medical_Devices,cool,368,2.63,A,False,True,False,0.062,0.129,MFG_054
SKU_02279,Medical_Devices,cool,730,2.58,C,True,True,False,0.064,1.415,MFG_083
SKU_02280,Western_Medicine,ambient,365,43.06,C,False,True,False,0.147,0.994,MFG_098
SKU_02281,Health_Supplements,ambient,393,18.34,A,False,True,False,1.858,0.759,MFG_092
SKU_02282,Medical_Devices,cool,451,3.05,C,True,False,False,0.846,0.319,MFG_053
SKU_02283,Western_Medicine,cool,385,39.29,C,True,True,False,1.137,0.102,MFG_003
SKU_02284,TCM,cold,167,28.07,C,False,True,False,1.491,0.612,MFG_002
SKU_02285,TCM,cool,730,180.84,C,False,True,False,1.401,0.092,MFG_095
SKU_02286,Medical_Devices,cool,180,17.79,A,False,True,False,1.116,0.419,MFG_006
SKU_02287,TCM,ambient,1017,1.5,C,False,False,False,1.462,1.315,MFG_098
SKU_02288,Health_Supplements,cool,708,1.34,B,False,False,False,0.703,1.077,MFG_016
SKU_02289,Western_Medicine,cold,365,34.74,C,False,True,False,1.797,0.805,MFG_055
SKU_02290,Medical_Devices,cool,730,10.2,C,False,True,True,0.991,0.255,MFG_020
SKU_02291,TCM,ambient,910,84.64,C,False,False,False,0.824,0.996,MFG_010
SKU_02292,Medical_Devices,cool,180,12.35,C,True,True,False,0.129,0.993,MFG_053
SKU_02293,Western_Medicine,ambient,365,35.3,A,False,False,False,1.373,1.357,MFG_020
SKU_02294,Western_Medicine,cool,437,30.18,C,True,False,False,0.773,0.083,MFG_006
SKU_02295,Western_Medicine,cold,199,26.23,C,False,True,False,0.713,0.091,MFG_020
SKU_02296,Medical_Devices,ambient,365,76.86,C,False,True,False,1.712,0.121,MFG_023
SKU_02297,Western_Medicine,cold,267,8.56,C,False,True,False,1.827,0.946,MFG_008
SKU_02298,Western_Medicine,ambient,604,75.5,C,True,False,False,1.638,1.459,MFG_005
SKU_02299,Medical_Devices,ambient,758,6.83,C,True,True,False,1.339,1.413,MFG_003
SKU_02300,Western_Medicine,cold,365,20.95,C,True,True,False,0.4,0.312,MFG_038
SKU_02301,TCM,ambient,496,1.29,B,False,False,False,0.462,0.172,MFG_015
SKU_02302,TCM,ambient,575,16.83,C,False,False,False,1.95,0.626,MFG_089
SKU_02303,Medical_Devices,cold,365,2.83,C,True,True,False,0.608,1.448,MFG_065
SKU_02304,Western_Medicine,ambient,721,41.35,C,True,False,False,1.544,0.712,MFG_051
SKU_02305,Medical_Devices,ambient,902,7.51,C,True,False,False,1.681,0.825,MFG_021
SKU_02306,Medical_Devices,ambient,618,60.0,A,True,False,False,1.258,0.206,MFG_010
SKU_02307,Health_Supplements,ambient,365,5.74,B,False,True,False,0.281,0.803,MFG_075
SKU_02308,TCM,cool,730,18.28,C,False,False,False,0.278,1.042,MFG_087
SKU_02309,Western_Medicine,ambient,627,25.36,B,True,True,False,1.689,0.756,MFG_029
SKU_02310,TCM,ambient,637,2.99,C,False,True,False,0.147,0.562,MFG_096
SKU_02311,Health_Supplements,ambient,790,5.14,B,False,False,False,1.911,1.277,MFG_016
SKU_02312,TCM,ambient,1058,2.22,B,True,False,False,0.765,1.476,MFG_051
SKU_02313,TCM,cool,730,27.66,C,False,False,False,0.384,0.494,MFG_063
SKU_02314,TCM,cool,730,9.5,C,False,False,False,1.215,1.248,MFG_058
SKU_02315,Medical_Devices,cold,365,33.0,C,False,True,False,1.763,0.845,MFG_021
SKU_02316,Western_Medicine,cool,730,40.85,C,True,False,False,1.23,1.235,MFG_060
SKU_02317,Medical_Devices,cool,730,48.5,C,False,False,False,1.666,1.35,MFG_027
SKU_02318,Health_Supplements,ambient,519,41.9,C,True,False,False,1.692,0.153,MFG_051
SKU_02319,TCM,cool,730,11.27,B,False,False,False,1.732,1.449,MFG_049
SKU_02320,Western_Medicine,ambient,529,14.89,B,False,False,True,0.906,1.424,MFG_001
SKU_02321,Western_Medicine,cool,643,48.28,A,False,False,False,0.377,1.046,MFG_054
SKU_02322,Medical_Devices,ambient,376,45.97,A,True,True,True,1.481,0.27,MFG_050
SKU_02323,TCM,ambient,554,26.06,C,False,True,False,0.808,0.66,MFG_081
SKU_02324,Medical_Devices,ambient,413,15.24,B,False,True,False,1.711,0.787,MFG_041
SKU_02325,TCM,cool,730,16.18,C,True,True,False,1.101,1.466,MFG_005
SKU_02326,Medical_Devices,ambient,754,88.75,C,True,True,False,0.854,1.211,MFG_013
SKU_02327,Western_Medicine,ambient,623,104.63,C,True,True,False,1.228,0.48,MFG_072
SKU_02328,TCM,cold,358,2.24,C,False,True,False,1.549,0.167,MFG_062
SKU_02329,Medical_Devices,cold,365,69.07,A,False,True,False,1.466,0.902,MFG_002
SKU_02330,TCM,ambient,893,31.06,C,False,True,False,1.431,1.426,MFG_051
SKU_02331,TCM,cool,730,4.31,C,True,True,False,1.585,0.838,MFG_082
SKU_02332,Western_Medicine,ambient,365,127.35,C,True,True,True,0.12,0.351,MFG_042
SKU_02333,Western_Medicine,cool,730,6.52,B,False,False,False,1.002,0.277,MFG_063
SKU_02334,TCM,cool,630,15.68,B,True,False,False,0.778,1.263,MFG_046
SKU_02335,Medical_Devices,ambient,626,6.11,C,False,False,False,0.647,0.908,MFG_058
SKU_02336,Western_Medicine,cold,126,3.93,C,True,True,False,1.015,0.47,MFG_075
SKU_02337,TCM,cool,180,62.95,C,False,True,True,1.819,0.609,MFG_035
SKU_02338,TCM,ambient,365,17.57,B,False,True,False,1.112,0.922,MFG_008
SKU_02339,Medical_Devices,frozen,432,5.49,C,False,True,False,0.271,0.563,MFG_043
SKU_02340,Western_Medicine,ambient,575,46.47,A,False,True,False,1.877,0.854,MFG_093
SKU_02341,Health_Supplements,ambient,613,18.29,C,False,True,False,0.577,1.085,MFG_090
SKU_02342,Medical_Devices,ambient,954,19.36,C,True,False,False,0.946,1.473,MFG_053
SKU_02343,Western_Medicine,ambient,458,41.98,A,False,True,False,0.113,0.076,MFG_093
SKU_02344,Medical_Devices,ambient,612,106.35,A,False,True,False,1.264,0.745,MFG_050
SKU_02345,Health_Supplements,cold,365,49.48,C,True,True,False,0.392,0.946,MFG_090
SKU_02346,Western_Medicine,ambient,444,32.45,C,True,True,False,1.772,0.806,MFG_029
SKU_02347,Medical_Devices,ambient,709,19.99,C,False,True,False,0.673,0.229,MFG_033
SKU_02348,Health_Supplements,ambient,872,1.45,C,True,False,True,1.411,1.275,MFG_010
SKU_02349,TCM,cool,730,9.12,B,False,False,False,1.184,0.817,MFG_026
SKU_02350,Western_Medicine,cool,302,55.01,C,False,False,False,0.491,1.433,MFG_012
SKU_02351,Western_Medicine,frozen,434,15.5,C,True,True,False,0.859,0.108,MFG_055
SKU_02352,Health_Supplements,ambient,981,12.34,C,False,True,False,1.232,0.723,MFG_041
SKU_02353,Medical_Devices,cool,381,17.15,C,False,True,False,1.831,0.034,MFG_098
SKU_02354,Western_Medicine,ambient,523,7.24,C,True,False,False,1.118,0.866,MFG_070
SKU_02355,Western_Medicine,ambient,556,63.59,C,False,False,False,0.617,1.047,MFG_021
SKU_02356,TCM,cool,433,18.09,B,False,True,False,1.718,0.026,MFG_042
SKU_02357,TCM,cool,730,102.6,C,False,True,False,1.855,1.036,MFG_051
SKU_02358,Medical_Devices,ambient,738,25.22,A,False,False,False,1.555,1.401,MFG_089
SKU_02359,Health_Supplements,cool,180,36.6,C,False,False,False,0.472,1.252,MFG_066
SKU_02360,Western_Medicine,cool,730,81.02,A,False,False,False,0.987,0.673,MFG_023
SKU_02361,Western_Medicine,ambient,365,48.64,C,False,True,False,0.713,0.95,MFG_054
SKU_02362,Medical_Devices,cool,315,2.81,C,True,True,False,0.883,0.838,MFG_060
SKU_02363,TCM,cool,480,3.19,B,False,True,False,0.858,0.655,MFG_058
SKU_02364,Western_Medicine,ambient,1023,81.16,C,False,True,False,1.102,0.808,MFG_016
SKU_02365,Western_Medicine,cold,222,14.04,C,True,True,False,0.82,1.476,MFG_006
SKU_02366,TCM,ambient,670,1.4,C,True,False,False,1.831,1.07,MFG_072
SKU_02367,Health_Supplements,cold,365,78.52,C,True,True,False,1.255,0.518,MFG_016
SKU_02368,TCM,cool,407,68.94,C,False,True,False,1.19,0.375,MFG_030
SKU_02369,Western_Medicine,ambient,624,10.99,C,True,True,False,1.177,0.783,MFG_053
SKU_02370,TCM,cool,730,6.89,C,False,True,False,1.633,1.335,MFG_016
SKU_02371,TCM,ambient,365,27.07,C,False,True,False,0.419,1.285,MFG_063
SKU_02372,Western_Medicine,cool,225,26.67,B,False,True,False,0.138,0.76,MFG_061
SKU_02373,Medical_Devices,ambient,602,14.12,C,False,True,False,1.273,0.514,MFG_012
SKU_02374,Western_Medicine,ambient,592,18.17,B,True,False,False,1.734,0.041,MFG_009
SKU_02375,Western_Medicine,ambient,365,9.64,B,False,True,True,1.147,0.771,MFG_062
SKU_02376,TCM,cool,684,36.13,B,True,True,False,1.465,0.721,MFG_089
SKU_02377,TCM,cold,258,13.73,C,True,True,False,0.239,0.698,MFG_087
SKU_02378,TCM,cool,730,4.92,C,False,False,False,0.569,1.323,MFG_032
SKU_02379,Western_Medicine,cool,710,21.13,C,False,False,False,0.756,1.05,MFG_042
SKU_02380,TCM,cool,671,2.47,C,True,False,False,0.703,1.096,MFG_069
SKU_02381,Western_Medicine,ambient,472,14.58,B,False,False,False,0.935,0.176,MFG_029
SKU_02382,Medical_Devices,cold,365,44.27,C,False,True,False,1.673,0.748,MFG_026
SKU_02383,TCM,ambient,727,35.67,B,True,False,False,0.6,1.102,MFG_075
SKU_02384,Medical_Devices,ambient,1092,15.59,C,False,True,False,1.088,0.369,MFG_001
SKU_02385,Medical_Devices,cool,327,89.35,C,False,True,False,0.767,0.763,MFG_095
SKU_02386,TCM,cold,365,9.42,C,True,True,False,0.274,0.115,MFG_054
SKU_02387,Western_Medicine,ambient,416,17.41,C,True,False,False,0.315,0.938,MFG_016
SKU_02388,TCM,ambient,888,8.96,B,False,False,False,0.185,0.033,MFG_001
SKU_02389,TCM,ambient,365,34.56,B,True,False,False,1.972,0.485,MFG_095
SKU_02390,Medical_Devices,ambient,518,16.0,C,True,False,False,1.01,0.859,MFG_012
SKU_02391,Western_Medicine,ambient,376,14.62,B,False,True,False,1.368,1.45,MFG_043
SKU_02392,TCM,ambient,539,133.2,C,True,True,True,1.618,1.079,MFG_072
SKU_02393,Western_Medicine,cool,306,122.51,C,False,False,False,1.95,1.395,MFG_083
SKU_02394,TCM,cool,580,4.38,A,False,True,False,0.994,1.221,MFG_070
SKU_02395,Health_Supplements,cool,183,1.55,C,False,False,False,0.862,0.864,MFG_087
SKU_02396,TCM,cool,730,2.7,B,True,True,False,0.409,0.871,MFG_051
SKU_02397,Medical_Devices,cool,730,9.9,C,True,True,False,1.694,1.168,MFG_017
SKU_02398,Health_Supplements,ambient,365,125.23,C,False,False,False,0.499,1.166,MFG_008
SKU_02399,Medical_Devices,cool,730,16.19,C,True,True,False,0.176,0.021,MFG_098
SKU_02400,Medical_Devices,ambient,365,47.16,A,False,False,False,0.981,0.335,MFG_093
SKU_02401,Western_Medicine,cool,710,26.69,C,True,True,False,0.908,0.31,MFG_002
SKU_02402,Medical_Devices,ambient,549,76.76,C,False,True,False,1.157,0.916,MFG_053
SKU_02403,Western_Medicine,cold,365,51.08,C,True,True,False,0.182,0.254,MFG_021
SKU_02404,Western_Medicine,cold,365,30.28,B,False,True,False,1.166,1.204,MFG_028
SKU_02405,Health_Supplements,cool,180,12.24,A,False,True,False,1.185,0.535,MFG_033
SKU_02406,Medical_Devices,ambient,384,11.29,C,False,True,False,0.076,1.003,MFG_008
SKU_02407,Western_Medicine,ambient,639,3.05,C,True,True,False,0.931,0.866,MFG_029
SKU_02408,Western_Medicine,ambient,365,146.98,C,False,True,False,1.048,0.1,MFG_055
SKU_02409,Medical_Devices,cool,244,69.66,A,False,True,False,0.602,0.593,MFG_032
SKU_02410,Medical_Devices,cool,730,59.24,A,True,True,False,0.377,0.593,MFG_054
SKU_02411,TCM,ambient,698,74.29,C,False,True,False,1.255,0.047,MFG_027
SKU_02412,TCM,cold,365,65.49,B,True,True,False,1.788,0.486,MFG_033
SKU_02413,TCM,ambient,365,37.28,C,False,True,False,1.706,0.339,MFG_076
SKU_02414,TCM,ambient,365,19.5,C,False,False,False,0.23,1.05,MFG_097
SKU_02415,Western_Medicine,frozen,698,28.56,C,True,True,False,1.617,0.714,MFG_093
SKU_02416,Western_Medicine,ambient,782,3.48,C,True,True,False,1.212,1.297,MFG_023
SKU_02417,Western_Medicine,ambient,496,23.77,B,False,False,True,0.248,0.129,MFG_013
SKU_02418,Western_Medicine,ambient,731,54.06,C,False,True,False,1.833,1.413,MFG_087
SKU_02419,Medical_Devices,ambient,435,30.38,C,True,False,False,1.307,0.063,MFG_065
SKU_02420,TCM,ambient,702,5.86,B,False,False,False,0.915,1.143,MFG_069
SKU_02421,Western_Medicine,ambient,1043,71.76,C,True,False,False,1.923,0.393,MFG_006
SKU_02422,TCM,cool,730,92.43,C,False,False,False,0.475,0.602,MFG_060
SKU_02423,TCM,ambient,944,38.51,B,False,True,False,1.237,1.242,MFG_035
SKU_02424,Medical_Devices,ambient,365,71.6,C,False,True,False,0.324,0.395,MFG_021
SKU_02425,Medical_Devices,cool,730,17.36,C,True,False,False,1.155,1.427,MFG_009
SKU_02426,TCM,ambient,858,47.1,C,False,True,False,0.592,0.341,MFG_037
SKU_02427,Western_Medicine,cool,320,6.04,C,False,True,True,0.828,1.17,MFG_042
SKU_02428,TCM,ambient,365,21.76,C,False,True,False,0.242,0.12,MFG_030
SKU_02429,Western_Medicine,ambient,795,14.47,C,False,True,False,1.313,0.014,MFG_010
SKU_02430,TCM,ambient,435,43.64,C,False,False,False,0.62,1.125,MFG_022
SKU_02431,TCM,ambient,365,80.84,C,False,False,False,1.502,1.436,MFG_063
SKU_02432,Western_Medicine,ambient,388,25.91,B,False,False,False,1.26,0.636,MFG_060
SKU_02433,Western_Medicine,ambient,365,36.67,C,True,True,False,0.346,0.681,MFG_067
SKU_02434,Medical_Devices,cool,730,21.55,A,True,True,False,1.06,1.02,MFG_027
SKU_02435,Western_Medicine,ambient,658,74.33,C,False,True,False,0.802,0.825,MFG_055
SKU_02436,Medical_Devices,cool,730,29.24,B,True,False,False,0.463,1.065,MFG_075
SKU_02437,Medical_Devices,ambient,427,8.52,B,False,False,False,0.313,0.888,MFG_024
SKU_02438,Medical_Devices,cold,365,111.62,A,True,True,False,1.16,0.233,MFG_002
SKU_02439,TCM,cool,319,41.97,B,False,False,False,1.387,0.392,MFG_027
SKU_02440,Western_Medicine,ambient,365,60.94,C,False,False,False,1.025,0.32,MFG_007
SKU_02441,Medical_Devices,ambient,657,24.6,B,False,False,False,1.116,1.381,MFG_098
SKU_02442,Western_Medicine,ambient,444,2.15,C,False,True,False,0.56,0.566,MFG_030
SKU_02443,Western_Medicine,ambient,942,46.93,A,False,False,False,0.497,0.012,MFG_067
SKU_02444,TCM,cool,227,2.95,C,False,False,False,0.719,0.369,MFG_016
SKU_02445,Western_Medicine,ambient,652,7.57,C,False,True,False,1.29,0.59,MFG_021
SKU_02446,Medical_Devices,ambient,661,106.89,B,False,False,False,1.65,0.104,MFG_032
SKU_02447,Western_Medicine,ambient,1044,23.31,C,True,True,False,1.16,0.161,MFG_087
SKU_02448,Health_Supplements,cold,365,18.4,C,True,True,False,0.78,0.047,MFG_075
SKU_02449,TCM,ambient,965,6.11,B,True,False,True,0.664,1.346,MFG_058
SKU_02450,Medical_Devices,ambient,844,70.83,A,True,True,False,1.574,0.907,MFG_063
SKU_02451,Western_Medicine,cold,365,106.33,C,True,True,False,1.326,1.391,MFG_027
SKU_02452,Medical_Devices,ambient,365,5.28,C,False,True,False,1.957,1.478,MFG_032
SKU_02453,TCM,cool,730,1.3,B,False,False,False,1.312,0.54,MFG_012
SKU_02454,TCM,cold,365,2.23,C,True,True,False,1.107,1.002,MFG_006
SKU_02455,Health_Supplements,cold,365,36.71,C,True,True,False,1.879,0.293,MFG_020
SKU_02456,Medical_Devices,cold,365,50.69,B,False,True,False,1.615,0.073,MFG_035
SKU_02457,TCM,cold,323,60.38,C,False,True,False,1.938,0.434,MFG_061
SKU_02458,Medical_Devices,ambient,388,63.93,A,True,True,False,1.076,0.521,MFG_093
SKU_02459,Western_Medicine,cold,365,11.07,B,True,True,False,0.055,1.003,MFG_060
SKU_02460,Western_Medicine,ambient,365,33.17,C,True,True,False,1.457,0.469,MFG_051
SKU_02461,Medical_Devices,ambient,539,33.62,C,True,False,False,1.051,1.357,MFG_026
SKU_02462,TCM,ambient,690,23.89,C,False,False,False,0.9,0.087,MFG_022
SKU_02463,TCM,cold,365,39.17,B,False,True,False,0.512,0.243,MFG_001
SKU_02464,Health_Supplements,ambient,365,80.34,A,False,False,False,1.405,0.284,MFG_007
SKU_02465,Medical_Devices,ambient,872,49.79,C,False,False,False,1.721,0.942,MFG_037
SKU_02466,Medical_Devices,cool,730,50.8,B,False,False,False,0.716,0.581,MFG_098
SKU_02467,Western_Medicine,ambient,872,27.91,B,False,True,False,0.377,0.071,MFG_043
SKU_02468,Medical_Devices,cool,651,21.5,A,True,True,False,0.437,0.563,MFG_096
SKU_02469,TCM,cool,659,6.52,C,False,False,False,1.095,1.442,MFG_060
SKU_02470,Western_Medicine,cold,305,3.37,C,True,True,True,0.171,0.681,MFG_016
SKU_02471,TCM,ambient,365,38.81,B,True,True,False,1.661,1.055,MFG_061
SKU_02472,Western_Medicine,ambient,365,24.29,C,False,True,False,0.218,1.009,MFG_002
SKU_02473,Western_Medicine,ambient,387,5.95,B,True,True,False,1.067,0.105,MFG_010
SKU_02474,Western_Medicine,cold,365,1.44,C,False,True,False,0.865,1.175,MFG_029
SKU_02475,Medical_Devices,ambient,508,124.26,C,True,False,False,1.909,0.789,MFG_024
SKU_02476,Western_Medicine,cold,365,65.86,C,False,True,True,0.12,0.872,MFG_001
SKU_02477,Medical_Devices,cool,730,59.49,C,True,False,False,1.799,0.54,MFG_002
SKU_02478,TCM,ambient,592,3.37,C,False,False,False,1.021,1.468,MFG_051
SKU_02479,TCM,cold,365,18.02,C,True,True,False,1.174,0.329,MFG_072
SKU_02480,Western_Medicine,ambient,552,16.22,B,True,True,False,1.772,0.501,MFG_093
SKU_02481,TCM,ambient,365,11.02,C,False,True,False,0.682,0.635,MFG_046
SKU_02482,Western_Medicine,ambient,365,37.11,C,True,False,False,0.99,0.025,MFG_051
SKU_02483,Western_Medicine,cool,730,4.64,C,True,False,False,1.076,0.109,MFG_051
SKU_02484,Medical_Devices,ambient,885,136.67,C,True,True,False,1.74,0.438,MFG_061
SKU_02485,Western_Medicine,cool,721,1.92,C,True,False,True,0.241,0.091,MFG_072
SKU_02486,TCM,cool,730,6.59,B,True,False,False,0.838,1.198,MFG_062
SKU_02487,TCM,ambient,1003,1.61,C,True,False,False,0.54,0.43,MFG_035
SKU_02488,Medical_Devices,ambient,771,2.22,C,True,True,False,0.417,0.357,MFG_069
SKU_02489,Western_Medicine,cool,730,1.8,A,False,False,False,1.594,0.787,MFG_083
SKU_02490,Western_Medicine,ambient,603,156.54,A,True,True,False,1.844,0.164,MFG_088
SKU_02491,Medical_Devices,ambient,979,4.74,C,False,False,True,1.728,0.384,MFG_075
SKU_02492,TCM,ambient,463,24.16,C,True,True,False,0.389,1.259,MFG_072
SKU_02493,TCM,ambient,428,86.55,C,False,False,False,0.66,0.117,MFG_095
SKU_02494,TCM,cold,365,63.66,C,True,True,False,1.102,1.174,MFG_063
SKU_02495,TCM,cool,730,14.83,B,False,False,False,1.936,0.755,MFG_042
SKU_02496,TCM,cool,420,47.62,B,False,False,False,1.773,0.866,MFG_020
SKU_02497,Western_Medicine,cool,692,6.29,C,True,False,False,1.491,0.211,MFG_035
SKU_02498,Health_Supplements,cool,578,42.44,C,False,True,False,0.12,0.703,MFG_044
SKU_02499,Western_Medicine,ambient,367,27.75,C,False,False,False,0.681,0.119,MFG_021
SKU_02500,TCM,ambient,759,63.85,B,False,True,False,0.939,0.217,MFG_093
SKU_02501,Western_Medicine,ambient,421,6.42,C,False,False,False,1.206,0.229,MFG_035
SKU_02502,Western_Medicine,cool,730,22.01,C,False,True,False,0.389,0.191,MFG_062
SKU_02503,TCM,cold,166,5.99,C,False,True,False,1.346,0.946,MFG_022
SKU_02504,Medical_Devices,ambient,806,36.03,C,True,True,False,0.572,0.808,MFG_083
SKU_02505,TCM,cool,730,11.81,C,False,True,False,0.729,0.267,MFG_035
SKU_02506,TCM,ambient,761,5.53,B,False,True,False,0.877,0.588,MFG_071
SKU_02507,Medical_Devices,cool,180,86.49,B,False,False,True,1.608,0.148,MFG_029
SKU_02508,TCM,ambient,703,54.81,C,False,True,False,1.409,0.27,MFG_002
SKU_02509,Western_Medicine,cool,730,13.67,A,False,False,False,1.52,0.325,MFG_033
SKU_02510,Western_Medicine,cold,365,73.65,C,True,True,False,1.767,0.17,MFG_093
SKU_02511,TCM,cool,730,36.76,C,False,False,False,0.874,1.173,MFG_032
SKU_02512,Health_Supplements,ambient,599,3.0,B,True,False,False,1.059,0.178,MFG_027
SKU_02513,Health_Supplements,cool,439,42.72,C,True,False,True,0.291,0.884,MFG_001
SKU_02514,Health_Supplements,cold,163,34.37,C,True,True,False,1.963,0.265,MFG_013
SKU_02515,Medical_Devices,cold,365,9.12,C,True,True,False,0.754,0.498,MFG_001
SKU_02516,Medical_Devices,cold,143,20.29,C,False,True,False,0.756,1.311,MFG_020
SKU_02517,Medical_Devices,cold,219,2.7,C,True,True,False,1.247,0.702,MFG_046
SKU_02518,Medical_Devices,ambient,660,71.43,B,True,True,False,1.173,1.155,MFG_093
SKU_02519,Medical_Devices,ambient,835,69.03,A,False,True,False,0.141,0.155,MFG_055
SKU_02520,Health_Supplements,cold,145,30.0,C,True,True,False,0.927,1.01,MFG_097
SKU_02521,TCM,cold,365,23.01,C,False,True,False,1.143,0.093,MFG_008
SKU_02522,Western_Medicine,ambient,1034,6.45,C,False,True,False,0.172,1.249,MFG_043
SKU_02523,Western_Medicine,ambient,402,26.43,B,False,True,False,1.824,0.488,MFG_022
SKU_02524,Western_Medicine,ambient,365,59.4,A,False,True,False,0.525,1.244,MFG_060
SKU_02525,TCM,ambient,365,49.33,A,False,True,False,0.241,1.086,MFG_001
SKU_02526,Medical_Devices,cool,655,42.48,B,False,False,False,1.93,0.087,MFG_083
SKU_02527,Medical_Devices,ambient,996,75.34,C,False,True,False,0.607,0.219,MFG_028
SKU_02528,Western_Medicine,cool,564,25.56,C,False,True,False,0.088,0.6,MFG_062
SKU_02529,Medical_Devices,ambient,918,4.81,C,True,False,False,1.703,0.189,MFG_026
SKU_02530,TCM,ambient,439,55.86,C,False,False,False,1.322,0.269,MFG_022
SKU_02531,Medical_Devices,cold,365,37.65,C,False,True,False,1.223,0.478,MFG_070
SKU_02532,Health_Supplements,frozen,695,36.07,C,False,True,False,1.047,1.306,MFG_066
SKU_02533,Health_Supplements,ambient,684,8.53,C,True,True,False,0.808,0.879,MFG_032
SKU_02534,TCM,ambient,1033,31.86,C,False,False,False,1.687,0.667,MFG_055
SKU_02535,Health_Supplements,ambient,446,3.45,B,False,True,False,0.521,0.402,MFG_012
SKU_02536,Health_Supplements,ambient,825,31.62,C,True,False,False,0.369,0.4,MFG_083
SKU_02537,Medical_Devices,cold,365,54.64,B,True,True,False,0.812,0.597,MFG_054
SKU_02538,TCM,ambient,488,49.51,B,True,False,True,0.658,1.031,MFG_008
SKU_02539,Medical_Devices,ambient,365,5.71,C,True,True,False,0.076,0.174,MFG_030
SKU_02540,Health_Supplements,ambient,772,62.37,B,False,False,False,1.782,1.458,MFG_098
SKU_02541,Western_Medicine,ambient,365,21.8,C,True,True,False,1.511,0.807,MFG_093
SKU_02542,TCM,cool,730,37.33,A,True,True,False,0.78,0.201,MFG_008
SKU_02543,Medical_Devices,ambient,1080,100.07,C,True,False,False,0.49,0.769,MFG_093
SKU_02544,TCM,cool,493,3.36,C,False,True,False,0.131,0.284,MFG_038
SKU_02545,Western_Medicine,cold,245,101.68,A,False,True,False,1.951,0.037,MFG_027
SKU_02546,Western_Medicine,ambient,859,9.73,A,True,False,False,1.495,1.458,MFG_054
SKU_02547,Medical_Devices,ambient,912,57.0,C,False,False,False,1.7,1.39,MFG_001
SKU_02548,Western_Medicine,cool,315,23.64,B,True,False,False,0.223,1.084,MFG_037
SKU_02549,Western_Medicine,ambient,532,188.47,A,False,True,False,1.982,1.295,MFG_084
SKU_02550,Western_Medicine,cool,730,11.67,B,True,True,False,0.727,0.184,MFG_029
SKU_02551,Western_Medicine,cool,694,105.92,C,False,False,True,0.736,1.033,MFG_001
SKU_02552,TCM,cool,456,2.03,C,False,True,False,1.118,0.833,MFG_072
SKU_02553,Medical_Devices,cool,730,12.77,B,False,True,False,1.236,0.601,MFG_060
SKU_02554,Health_Supplements,cool,730,7.64,B,True,False,False,0.564,1.211,MFG_081
SKU_02555,Medical_Devices,cool,377,36.64,A,False,False,False,1.091,1.348,MFG_051
SKU_02556,Western_Medicine,ambient,963,1.81,C,False,False,False,1.455,0.938,MFG_054
SKU_02557,Medical_Devices,ambient,665,10.43,C,True,True,False,1.498,0.428,MFG_092
SKU_02558,TCM,cold,248,80.87,C,False,True,False,0.166,0.196,MFG_093
SKU_02559,Medical_Devices,cold,365,41.52,C,True,True,False,0.084,1.223,MFG_084
SKU_02560,Medical_Devices,cool,730,1.31,C,True,False,False,1.88,1.436,MFG_046
SKU_02561,Western_Medicine,cold,365,63.25,C,True,True,False,1.594,0.394,MFG_027
SKU_02562,Western_Medicine,ambient,365,47.35,B,False,True,False,1.592,0.267,MFG_026
SKU_02563,TCM,cool,730,8.82,B,True,True,False,0.944,0.338,MFG_082
SKU_02564,Health_Supplements,cold,365,47.5,C,False,True,False,0.751,1.302,MFG_032
SKU_02565,Medical_Devices,ambient,365,31.63,A,False,True,False,1.741,1.106,MFG_035
SKU_02566,TCM,ambient,527,10.69,B,False,False,False,0.987,0.365,MFG_095
SKU_02567,TCM,ambient,365,39.17,B,False,True,False,0.146,0.614,MFG_061
SKU_02568,Medical_Devices,cool,730,3.91,C,False,False,False,1.204,1.136,MFG_001
SKU_02569,Western_Medicine,cold,223,62.93,B,True,True,False,1.619,0.017,MFG_037
SKU_02570,Medical_Devices,ambient,815,55.34,C,True,False,False,1.231,0.143,MFG_025
SKU_02571,Medical_Devices,ambient,865,5.25,B,True,False,False,0.951,0.396,MFG_041
SKU_02572,Medical_Devices,ambient,365,19.9,C,False,True,False,1.771,0.489,MFG_063
SKU_02573,Medical_Devices,cold,216,62.45,A,False,True,True,0.497,0.167,MFG_096
SKU_02574,Medical_Devices,ambient,365,1.9,B,True,True,True,0.404,0.184,MFG_043
SKU_02575,Medical_Devices,ambient,450,14.4,C,False,False,False,0.995,0.431,MFG_012
SKU_02576,Medical_Devices,cold,365,73.9,A,True,True,False,1.657,0.771,MFG_016
SKU_02577,Medical_Devices,ambient,480,115.27,B,True,True,False,0.759,0.738,MFG_082
SKU_02578,TCM,cool,730,54.31,A,False,False,False,1.887,0.116,MFG_061
SKU_02579,TCM,cool,475,11.25,B,False,True,False,1.227,0.526,MFG_022
SKU_02580,Medical_Devices,cool,436,78.21,C,False,False,False,0.29,1.196,MFG_100
SKU_02581,Health_Supplements,frozen,300,1.92,C,False,True,False,0.308,0.457,MFG_087
SKU_02582,TCM,frozen,730,2.57,C,True,True,False,0.647,0.347,MFG_098
SKU_02583,TCM,ambient,405,84.81,C,False,False,False,0.371,0.904,MFG_037
SKU_02584,Western_Medicine,ambient,936,26.27,C,True,False,False,1.334,0.692,MFG_055
SKU_02585,Western_Medicine,ambient,1074,29.59,C,True,False,False,1.759,1.286,MFG_001
SKU_02586,Western_Medicine,ambient,580,39.87,C,False,True,False,1.47,0.944,MFG_062
SKU_02587,Medical_Devices,cool,727,63.81,C,True,False,False,1.021,1.023,MFG_067
SKU_02588,TCM,ambient,365,78.1,C,False,False,False,0.887,0.261,MFG_092
SKU_02589,Western_Medicine,ambient,365,2.71,C,False,False,False,0.925,0.467,MFG_083
SKU_02590,Medical_Devices,ambient,1046,4.12,C,False,True,False,1.564,0.865,MFG_005
SKU_02591,Western_Medicine,ambient,778,8.04,C,True,True,False,0.161,1.193,MFG_002
SKU_02592,Medical_Devices,ambient,494,48.75,C,False,True,True,1.08,0.139,MFG_026
SKU_02593,Medical_Devices,cold,365,69.03,B,True,True,False,1.415,0.474,MFG_001
SKU_02594,TCM,cool,730,11.38,C,False,False,False,1.347,1.23,MFG_058
SKU_02595,Medical_Devices,ambient,656,10.09,B,True,False,False,0.325,1.125,MFG_035
SKU_02596,Western_Medicine,cool,730,8.68,C,False,False,False,0.346,0.319,MFG_020
SKU_02597,Health_Supplements,cool,730,76.28,B,True,False,False,1.882,0.195,MFG_053
SKU_02598,Medical_Devices,cold,365,65.29,C,False,True,False,1.161,0.175,MFG_036
SKU_02599,Medical_Devices,ambient,401,10.06,C,False,False,False,1.332,1.31,MFG_055
SKU_02600,Western_Medicine,cold,127,90.01,C,True,True,False,0.653,0.295,MFG_035
SKU_02601,Health_Supplements,ambient,719,1.7,C,False,True,False,0.61,0.064,MFG_049
SKU_02602,TCM,ambient,426,213.07,A,True,False,False,1.865,0.481,MFG_054
SKU_02603,TCM,cool,730,25.24,C,True,True,False,1.862,0.449,MFG_027
SKU_02604,Medical_Devices,cool,642,5.47,A,False,False,False,0.767,0.605,MFG_012
SKU_02605,TCM,frozen,348,4.37,C,False,True,False,0.551,0.659,MFG_045
SKU_02606,Medical_Devices,cold,111,55.42,C,True,True,False,1.272,0.985,MFG_006
SKU_02607,Medical_Devices,ambient,887,37.17,C,False,False,False,1.194,0.423,MFG_060
SKU_02608,Medical_Devices,ambient,365,18.13,C,True,True,False,0.785,0.091,MFG_027
SKU_02609,Western_Medicine,cold,365,15.68,A,False,True,False,1.434,0.698,MFG_098
SKU_02610,TCM,ambient,365,51.08,B,True,False,False,1.73,0.861,MFG_087
SKU_02611,Western_Medicine,ambient,365,45.28,C,True,False,False,0.256,1.191,MFG_017
SKU_02612,Health_Supplements,cool,239,26.77,C,True,True,False,1.597,0.535,MFG_002
SKU_02613,Medical_Devices,cold,365,39.97,C,False,True,False,0.534,0.351,MFG_055
SKU_02614,Medical_Devices,ambient,885,4.33,C,False,False,False,1.621,0.194,MFG_051
SKU_02615,Western_Medicine,ambient,365,18.52,C,False,True,True,0.759,0.95,MFG_055
SKU_02616,Health_Supplements,ambient,705,30.13,C,False,True,False,1.608,0.395,MFG_001
SKU_02617,Western_Medicine,ambient,570,22.04,A,False,True,False,1.429,0.648,MFG_072
SKU_02618,TCM,ambient,652,2.42,C,True,True,False,1.28,1.149,MFG_072
SKU_02619,Medical_Devices,cool,730,3.8,C,False,True,False,1.465,1.163,MFG_042
SKU_02620,Western_Medicine,ambient,1036,33.94,C,True,False,False,1.317,0.101,MFG_028
SKU_02621,Western_Medicine,cool,730,14.28,B,False,True,False,0.621,0.783,MFG_082
SKU_02622,Health_Supplements,ambient,801,13.69,C,True,True,False,1.459,0.31,MFG_084
SKU_02623,Western_Medicine,ambient,630,48.21,C,True,True,False,1.813,0.567,MFG_010
SKU_02624,Medical_Devices,cool,322,17.6,C,False,False,False,0.743,0.22,MFG_027
SKU_02625,TCM,cold,307,116.48,C,True,True,False,1.932,0.438,MFG_033
SKU_02626,TCM,ambient,393,64.44,C,False,True,False,0.105,0.028,MFG_062
SKU_02627,Medical_Devices,ambient,562,86.49,C,False,True,False,0.131,1.372,MFG_013
SKU_02628,Medical_Devices,ambient,971,54.92,C,False,False,False,0.989,1.104,MFG_001
SKU_02629,Western_Medicine,ambient,690,72.39,C,False,False,False,1.58,0.824,MFG_023
SKU_02630,Western_Medicine,ambient,402,6.48,A,False,True,False,1.091,0.071,MFG_083
SKU_02631,TCM,cool,622,9.59,A,False,True,False,1.799,0.756,MFG_023
SKU_02632,Medical_Devices,cold,365,102.71,C,False,True,False,1.784,0.696,MFG_024
SKU_02633,Medical_Devices,cool,180,1.64,B,False,True,False,0.181,0.886,MFG_024
SKU_02634,TCM,ambient,728,87.65,C,True,True,False,1.331,0.719,MFG_047
SKU_02635,TCM,ambient,365,9.99,C,False,True,False,1.696,0.643,MFG_080
SKU_02636,Medical_Devices,cold,365,3.59,C,False,True,False,0.588,0.036,MFG_097
SKU_02637,Health_Supplements,cold,116,35.63,C,True,True,False,1.458,0.814,MFG_026
SKU_02638,Health_Supplements,ambient,367,4.14,C,False,True,False,0.199,0.281,MFG_032
SKU_02639,Health_Supplements,ambient,620,52.47,B,True,False,False,1.744,0.479,MFG_022
SKU_02640,Medical_Devices,cool,567,54.48,A,False,False,True,0.632,0.323,MFG_063
SKU_02641,Medical_Devices,cool,730,2.0,B,False,False,False,1.034,1.377,MFG_003
SKU_02642,TCM,cool,730,1.57,C,False,True,False,0.572,1.096,MFG_020
SKU_02643,Medical_Devices,cold,365,20.22,A,False,True,False,0.958,0.744,MFG_080
SKU_02644,Health_Supplements,cool,730,7.71,C,True,True,False,0.484,0.689,MFG_070
SKU_02645,Western_Medicine,cool,417,37.51,C,False,True,True,1.569,0.057,MFG_042
SKU_02646,Medical_Devices,frozen,730,10.1,C,False,True,False,0.513,1.259,MFG_051
SKU_02647,Medical_Devices,cool,488,6.67,B,True,False,False,1.347,0.63,MFG_030
SKU_02648,TCM,cool,730,6.71,B,False,True,False,1.95,1.408,MFG_082
SKU_02649,Medical_Devices,ambient,812,103.23,C,True,False,False,0.552,0.293,MFG_087
SKU_02650,TCM,ambient,619,87.67,C,False,False,False,1.4,0.034,MFG_093
SKU_02651,TCM,ambient,598,19.1,C,False,True,False,0.545,0.398,MFG_006
SKU_02652,Medical_Devices,ambient,513,13.61,B,False,False,True,0.083,0.359,MFG_043
SKU_02653,TCM,ambient,365,144.16,A,False,True,False,0.483,1.053,MFG_037
SKU_02654,Western_Medicine,cool,285,14.68,A,False,True,False,0.302,0.366,MFG_001
SKU_02655,Western_Medicine,ambient,654,49.98,A,False,True,False,0.718,1.084,MFG_054
SKU_02656,TCM,cool,730,41.37,C,False,False,False,0.759,0.742,MFG_026
SKU_02657,Western_Medicine,cool,481,19.84,A,False,True,False,1.089,0.054,MFG_051
SKU_02658,Medical_Devices,cool,502,41.83,C,False,True,False,1.904,0.855,MFG_020
SKU_02659,Western_Medicine,cold,365,39.13,B,False,True,True,0.214,0.455,MFG_060
SKU_02660,Medical_Devices,cool,607,5.04,B,True,True,False,1.747,0.663,MFG_033
SKU_02661,Medical_Devices,cold,316,2.42,C,False,True,False,0.561,1.454,MFG_036
SKU_02662,Western_Medicine,ambient,894,45.96,C,True,False,False,0.588,0.242,MFG_021
SKU_02663,TCM,ambient,937,46.66,C,False,False,False,0.948,0.135,MFG_020
SKU_02664,TCM,cool,316,38.5,C,False,True,False,1.432,0.765,MFG_097
SKU_02665,Medical_Devices,ambient,365,3.17,B,False,False,False,0.45,0.424,MFG_072
SKU_02666,Medical_Devices,cold,269,37.47,C,False,True,False,1.674,0.268,MFG_095
SKU_02667,Medical_Devices,cold,365,15.99,C,True,True,False,0.526,1.429,MFG_020
SKU_02668,Medical_Devices,ambient,964,17.59,A,False,False,True,1.342,1.272,MFG_001
SKU_02669,TCM,cool,467,1.36,C,True,True,False,0.57,0.819,MFG_023
SKU_02670,Medical_Devices,ambient,531,13.61,C,False,False,False,1.662,0.31,MFG_021
SKU_02671,TCM,frozen,730,1.34,B,True,True,False,0.337,1.383,MFG_063
SKU_02672,Western_Medicine,ambient,488,7.52,C,True,False,False,0.772,0.715,MFG_088
SKU_02673,Health_Supplements,cool,609,162.49,A,True,True,False,1.811,0.783,MFG_046
SKU_02674,TCM,cold,365,3.84,C,False,True,False,1.369,0.422,MFG_021
SKU_02675,Medical_Devices,ambient,365,16.68,C,True,True,False,1.502,0.287,MFG_055
SKU_02676,TCM,cold,115,129.75,A,False,True,False,0.532,0.842,MFG_021
SKU_02677,Medical_Devices,cold,365,18.47,B,False,True,False,1.87,0.414,MFG_060
SKU_02678,TCM,cool,730,19.73,C,True,True,False,1.386,0.51,MFG_072
SKU_02679,TCM,ambient,864,10.37,C,False,False,False,1.667,0.127,MFG_016
SKU_02680,Health_Supplements,cold,365,5.79,B,False,True,False,1.732,0.203,MFG_092
SKU_02681,Western_Medicine,cool,730,2.27,C,False,False,False,1.485,1.3,MFG_026
SKU_02682,Western_Medicine,ambient,471,56.56,C,False,True,False,1.126,1.358,MFG_095
SKU_02683,TCM,ambient,673,61.19,C,False,False,False,1.03,0.709,MFG_083
SKU_02684,Western_Medicine,ambient,455,25.5,C,False,False,False,0.749,0.913,MFG_032
SKU_02685,TCM,frozen,481,99.0,C,True,True,False,1.54,1.046,MFG_033
SKU_02686,Western_Medicine,cool,603,33.59,B,True,True,False,1.864,0.552,MFG_072
SKU_02687,TCM,ambient,879,49.42,C,True,True,False,1.543,0.133,MFG_097
SKU_02688,Western_Medicine,cool,730,32.8,C,True,False,False,0.11,0.258,MFG_081
SKU_02689,TCM,ambient,868,11.5,C,True,False,False,0.947,0.608,MFG_098
SKU_02690,Medical_Devices,ambient,498,23.09,B,False,False,True,1.62,1.379,MFG_094
SKU_02691,TCM,ambient,973,41.84,C,False,True,False,1.98,0.223,MFG_020
SKU_02692,Western_Medicine,cool,730,30.08,A,False,False,False,1.737,1.288,MFG_058
SKU_02693,Western_Medicine,cool,639,52.69,C,True,True,True,0.374,0.973,MFG_051
SKU_02694,Western_Medicine,ambient,755,4.06,C,False,True,False,0.246,1.357,MFG_082
SKU_02695,Western_Medicine,ambient,597,1.74,C,True,True,False,0.749,0.543,MFG_083
SKU_02696,Western_Medicine,cold,112,183.12,A,False,True,False,0.343,0.29,MFG_062
SKU_02697,Health_Supplements,cool,571,55.32,C,False,False,False,0.582,0.195,MFG_016
SKU_02698,Health_Supplements,ambient,365,10.5,C,True,True,False,1.786,0.27,MFG_030
SKU_02699,TCM,ambient,821,1.37,B,False,False,False,1.882,0.422,MFG_021
SKU_02700,Western_Medicine,cold,278,171.4,B,True,True,False,0.708,0.536,MFG_015
SKU_02701,TCM,cool,730,18.2,B,True,False,False,1.125,1.158,MFG_061
SKU_02702,Western_Medicine,ambient,456,19.11,C,True,True,False,1.601,0.057,MFG_049
SKU_02703,Medical_Devices,cool,730,25.07,C,True,True,False,0.601,0.829,MFG_093
SKU_02704,Western_Medicine,ambient,365,43.03,C,True,True,True,1.565,0.772,MFG_088
SKU_02705,Medical_Devices,cold,365,65.04,C,False,True,False,0.916,0.323,MFG_030
SKU_02706,Western_Medicine,ambient,769,76.72,C,False,False,False,1.75,0.42,MFG_038
SKU_02707,Western_Medicine,ambient,412,26.79,A,True,True,False,0.8,1.351,MFG_092
SKU_02708,TCM,cool,520,83.19,B,False,False,False,1.578,0.012,MFG_036
SKU_02709,Medical_Devices,ambient,800,5.5,C,False,True,False,0.599,0.195,MFG_050
SKU_02710,TCM,frozen,730,60.91,B,True,True,False,1.663,1.056,MFG_061
SKU_02711,Western_Medicine,cold,365,90.66,C,True,True,False,0.944,0.038,MFG_060
SKU_02712,Medical_Devices,ambient,881,24.9,C,True,False,False,0.616,1.405,MFG_021
SKU_02713,Medical_Devices,cool,573,3.01,C,False,True,True,0.801,1.324,MFG_022
SKU_02714,Western_Medicine,cold,359,110.9,B,True,True,False,1.908,0.156,MFG_012
SKU_02715,TCM,ambient,365,188.71,C,True,True,False,1.48,0.585,MFG_042
SKU_02716,Western_Medicine,ambient,510,38.91,B,False,True,False,0.641,0.214,MFG_095
SKU_02717,TCM,ambient,365,33.71,B,False,True,False,0.144,1.117,MFG_055
SKU_02718,Medical_Devices,cold,365,30.99,A,False,True,False,0.235,0.037,MFG_089
SKU_02719,TCM,cool,648,40.95,C,True,False,False,1.796,0.833,MFG_083
SKU_02720,TCM,ambient,1021,19.43,C,True,False,False,1.624,0.332,MFG_038
SKU_02721,TCM,cool,233,67.05,B,False,False,False,1.601,0.183,MFG_049
SKU_02722,Health_Supplements,cool,730,50.57,C,False,False,False,1.453,0.55,MFG_002
SKU_02723,Western_Medicine,ambient,456,4.08,C,True,False,False,1.701,1.428,MFG_020
SKU_02724,Western_Medicine,ambient,365,35.28,A,False,True,True,0.679,0.226,MFG_017
SKU_02725,TCM,ambient,690,1.42,B,False,True,False,1.395,1.439,MFG_081
SKU_02726,TCM,cool,404,7.57,B,True,True,False,1.416,1.307,MFG_009
SKU_02727,TCM,frozen,599,11.55,C,False,True,False,1.653,0.075,MFG_001
SKU_02728,TCM,ambient,365,56.47,A,False,False,False,1.727,0.927,MFG_037
SKU_02729,TCM,ambient,600,14.62,C,False,False,False,0.064,1.191,MFG_037
SKU_02730,Health_Supplements,ambient,649,47.05,C,True,False,False,1.315,0.669,MFG_006
SKU_02731,Western_Medicine,ambient,729,9.92,A,True,False,False,1.439,0.506,MFG_083
SKU_02732,TCM,ambient,865,6.79,C,True,False,False,1.718,1.303,MFG_006
SKU_02733,Medical_Devices,cool,730,8.06,C,False,False,False,0.49,1.016,MFG_012
SKU_02734,TCM,ambient,365,10.24,B,False,False,False,1.164,0.965,MFG_051
SKU_02735,Western_Medicine,ambient,385,2.24,B,False,True,False,1.405,0.228,MFG_054
SKU_02736,TCM,ambient,969,3.4,C,False,False,False,1.129,0.318,MFG_087
SKU_02737,Health_Supplements,ambient,365,91.13,A,False,True,False,0.732,0.013,MFG_055
SKU_02738,Health_Supplements,frozen,470,16.1,C,False,True,False,1.355,1.36,MFG_053
SKU_02739,Health_Supplements,cool,390,32.76,C,False,True,False,1.656,1.471,MFG_100
SKU_02740,Health_Supplements,ambient,365,7.55,B,False,True,False,1.322,0.035,MFG_006
SKU_02741,Medical_Devices,cool,730,5.67,C,True,False,False,0.263,0.307,MFG_087
SKU_02742,Medical_Devices,ambient,598,11.8,B,False,True,False,0.558,0.014,MFG_062
SKU_02743,Western_Medicine,ambient,667,42.89,A,False,False,False,0.924,1.12,MFG_054
SKU_02744,Health_Supplements,cool,429,38.06,B,True,False,False,1.379,0.388,MFG_097
SKU_02745,Western_Medicine,ambient,386,1.46,A,False,True,False,0.245,0.379,MFG_042
SKU_02746,Medical_Devices,cold,365,52.61,C,False,True,False,0.665,1.17,MFG_045
SKU_02747,Health_Supplements,cold,288,26.59,B,False,True,False,1.05,0.183,MFG_087
SKU_02748,Western_Medicine,cool,730,5.14,C,True,False,False,1.739,0.208,MFG_027
SKU_02749,TCM,ambient,900,11.79,C,False,False,False,1.368,0.773,MFG_082
SKU_02750,Medical_Devices,ambient,830,11.7,C,False,True,False,1.749,0.728,MFG_027
SKU_02751,Medical_Devices,ambient,682,13.36,A,False,False,False,1.553,1.123,MFG_087
SKU_02752,Western_Medicine,ambient,913,2.36,C,False,False,False,1.463,1.411,MFG_001
SKU_02753,TCM,cool,529,33.47,C,True,False,False,0.452,0.711,MFG_063
SKU_02754,TCM,cool,677,49.66,C,False,False,False,1.926,0.025,MFG_022
SKU_02755,Medical_Devices,cold,365,15.8,C,False,True,False,1.051,1.23,MFG_001
SKU_02756,Western_Medicine,ambient,584,8.05,B,False,True,False,1.323,1.396,MFG_035
SKU_02757,Medical_Devices,cool,730,28.92,B,True,True,False,1.522,0.952,MFG_095
SKU_02758,Medical_Devices,ambient,654,11.71,C,False,True,False,1.291,0.238,MFG_030
SKU_02759,TCM,frozen,730,1.9,C,False,True,False,0.364,1.034,MFG_076
SKU_02760,TCM,ambient,530,17.37,B,True,True,False,0.637,0.52,MFG_022
SKU_02761,Health_Supplements,cool,474,4.13,C,False,True,False,0.064,0.247,MFG_010
SKU_02762,Western_Medicine,ambient,964,2.43,C,False,False,False,0.881,0.756,MFG_027
SKU_02763,TCM,ambient,984,70.87,B,False,False,False,1.321,0.556,MFG_089
SKU_02764,Western_Medicine,cold,310,52.08,A,False,True,False,0.892,0.212,MFG_012
SKU_02765,Western_Medicine,ambient,1090,108.12,A,True,False,False,1.877,0.135,MFG_047
SKU_02766,Medical_Devices,cool,730,15.48,C,False,False,False,1.543,0.847,MFG_012
SKU_02767,Medical_Devices,frozen,598,20.09,C,True,True,False,1.054,0.031,MFG_075
SKU_02768,TCM,cool,651,5.35,C,True,True,False,1.296,0.132,MFG_055
SKU_02769,TCM,ambient,365,118.77,B,True,False,False,1.753,0.217,MFG_030
SKU_02770,TCM,cold,365,58.71,B,False,True,False,1.241,0.142,MFG_043
SKU_02771,Medical_Devices,cool,730,34.33,B,True,False,False,1.924,0.182,MFG_032
SKU_02772,TCM,ambient,365,9.33,C,False,True,False,0.103,0.317,MFG_020
SKU_02773,TCM,ambient,825,49.68,B,True,False,False,0.065,0.136,MFG_047
SKU_02774,Western_Medicine,cool,477,4.1,C,False,True,False,1.093,0.144,MFG_035
SKU_02775,Western_Medicine,ambient,897,52.3,C,True,True,False,1.581,0.808,MFG_095
SKU_02776,Medical_Devices,cool,730,40.25,C,False,True,False,1.152,0.526,MFG_030
SKU_02777,Medical_Devices,ambient,605,34.09,C,False,False,False,1.722,1.096,MFG_007
SKU_02778,Medical_Devices,ambient,926,3.03,C,True,True,False,1.584,0.537,MFG_066
SKU_02779,TCM,ambient,395,5.87,C,False,True,False,0.509,1.208,MFG_043
SKU_02780,TCM,cold,365,71.88,C,False,True,False,1.045,0.753,MFG_003
SKU_02781,TCM,cool,730,5.23,C,False,False,False,0.883,0.402,MFG_020
SKU_02782,Medical_Devices,ambient,547,39.3,B,False,False,False,1.465,1.146,MFG_069
SKU_02783,Western_Medicine,cool,348,69.65,C,False,True,False,1.481,0.34,MFG_051
SKU_02784,Health_Supplements,cold,365,53.89,C,True,True,False,1.162,0.909,MFG_055
SKU_02785,Medical_Devices,cool,719,5.14,B,False,True,False,1.368,0.835,MFG_066
SKU_02786,Western_Medicine,cool,730,9.56,C,True,False,False,0.481,0.024,MFG_046
SKU_02787,Medical_Devices,ambient,365,38.37,B,False,True,False,0.579,0.11,MFG_062
SKU_02788,Western_Medicine,cool,730,3.05,C,True,False,False,0.307,0.366,MFG_032
SKU_02789,Western_Medicine,ambient,1086,19.34,B,True,False,False,1.294,0.162,MFG_043
SKU_02790,Western_Medicine,ambient,365,70.44,A,True,True,False,0.587,1.144,MFG_061
SKU_02791,TCM,frozen,730,43.24,A,False,True,False,0.927,0.706,MFG_006
SKU_02792,Medical_Devices,ambient,365,87.68,C,True,True,False,1.21,0.058,MFG_054
SKU_02793,Medical_Devices,cold,298,17.42,C,False,True,False,0.785,0.675,MFG_026
SKU_02794,Medical_Devices,ambient,365,151.26,C,False,True,False,0.342,1.127,MFG_001
SKU_02795,Medical_Devices,cool,730,165.82,B,False,False,False,0.555,0.522,MFG_092
SKU_02796,TCM,cool,730,79.4,C,False,False,False,0.637,0.785,MFG_061
SKU_02797,Health_Supplements,ambient,924,28.21,C,False,True,False,1.213,0.523,MFG_044
SKU_02798,Health_Supplements,ambient,365,40.98,C,False,True,False,0.552,1.446,MFG_098
SKU_02799,Western_Medicine,ambient,616,14.33,C,False,True,False,0.357,0.93,MFG_083
SKU_02800,Health_Supplements,cold,365,6.81,C,False,True,False,1.902,0.691,MFG_022
SKU_02801,TCM,cool,730,13.53,B,True,True,False,1.614,0.737,MFG_024
SKU_02802,Medical_Devices,cold,365,62.79,C,False,True,False,1.841,0.829,MFG_054
SKU_02803,Medical_Devices,cool,180,96.72,B,True,True,True,0.53,0.209,MFG_023
SKU_02804,Western_Medicine,ambient,365,7.11,C,False,True,True,1.17,0.684,MFG_076
SKU_02805,Western_Medicine,ambient,489,91.47,A,True,True,False,1.751,0.062,MFG_072
SKU_02806,Western_Medicine,ambient,365,16.43,B,True,True,False,0.148,0.638,MFG_022
SKU_02807,TCM,ambient,855,10.01,A,False,False,False,1.485,1.059,MFG_027
SKU_02808,Health_Supplements,cold,365,3.03,B,True,True,False,0.28,0.827,MFG_098
SKU_02809,TCM,ambient,365,86.23,B,False,True,True,0.591,0.98,MFG_035
SKU_02810,Western_Medicine,ambient,852,40.65,C,True,True,False,1.901,1.028,MFG_027
SKU_02811,TCM,cold,161,21.0,C,False,True,False,0.091,0.773,MFG_023
SKU_02812,TCM,cool,613,2.05,C,False,False,False,0.65,0.926,MFG_032
SKU_02813,Medical_Devices,cool,180,3.16,B,False,False,True,0.04,1.13,MFG_032
SKU_02814,Medical_Devices,ambient,1007,71.89,C,False,True,False,1.665,0.044,MFG_013
SKU_02815,Western_Medicine,ambient,726,89.45,C,False,False,True,1.285,0.538,MFG_042
SKU_02816,Medical_Devices,cool,263,14.61,A,True,True,False,1.456,0.252,MFG_081
SKU_02817,TCM,cool,730,35.21,C,False,False,False,0.668,0.676,MFG_087
SKU_02818,Medical_Devices,cold,365,7.75,C,False,True,False,0.462,0.963,MFG_072
SKU_02819,Western_Medicine,ambient,821,20.05,B,False,False,False,0.045,0.198,MFG_054
SKU_02820,TCM,cold,137,12.13,C,False,True,False,1.774,0.998,MFG_021
SKU_02821,TCM,ambient,703,26.32,C,True,True,False,0.917,0.16,MFG_092
SKU_02822,Health_Supplements,cold,365,28.83,C,False,True,False,1.775,0.695,MFG_006
SKU_02823,Western_Medicine,cool,477,15.94,C,True,True,False,0.556,1.062,MFG_098
SKU_02824,TCM,cool,730,2.14,C,True,False,False,0.629,0.377,MFG_060
SKU_02825,Health_Supplements,ambient,955,38.96,A,True,False,False,1.001,0.801,MFG_001
SKU_02826,TCM,ambient,365,2.34,B,False,True,False,0.537,0.303,MFG_046
SKU_02827,Medical_Devices,ambient,906,1.78,C,True,True,True,1.209,0.366,MFG_030
SKU_02828,Western_Medicine,ambient,512,72.7,C,True,False,False,1.303,0.647,MFG_072
SKU_02829,Health_Supplements,cold,365,7.08,C,False,True,False,1.193,0.743,MFG_054
SKU_02830,Health_Supplements,ambient,935,7.47,C,False,True,False,1.26,0.595,MFG_006
SKU_02831,Western_Medicine,ambient,373,8.89,C,False,False,False,0.774,0.743,MFG_012
SKU_02832,TCM,cool,730,170.57,C,True,False,False,0.29,0.061,MFG_051
SKU_02833,Medical_Devices,ambient,370,5.58,C,True,True,False,1.098,0.152,MFG_028
SKU_02834,Western_Medicine,ambient,899,11.09,B,False,True,False,0.723,1.159,MFG_062
SKU_02835,Health_Supplements,ambient,556,73.39,A,True,True,False,1.281,0.175,MFG_060
SKU_02836,Health_Supplements,ambient,708,102.77,C,False,False,True,0.227,0.434,MFG_061
SKU_02837,TCM,ambient,365,1.42,B,False,False,False,0.788,0.759,MFG_075
SKU_02838,Medical_Devices,cold,365,93.01,A,False,True,False,0.892,0.475,MFG_023
SKU_02839,Medical_Devices,frozen,730,16.99,C,False,True,True,0.628,0.387,MFG_002
SKU_02840,Medical_Devices,ambient,365,44.1,A,False,True,False,0.067,0.1,MFG_030
SKU_02841,Western_Medicine,cold,128,85.31,C,False,True,False,0.883,0.207,MFG_060
SKU_02842,Health_Supplements,ambient,778,1.9,C,True,True,False,0.24,1.008,MFG_100
SKU_02843,Medical_Devices,cool,427,3.08,C,False,True,False,0.581,1.368,MFG_055
SKU_02844,Western_Medicine,ambient,749,15.48,C,True,True,False,0.424,0.311,MFG_055
SKU_02845,TCM,cool,730,43.52,B,False,False,False,0.735,1.448,MFG_096
SKU_02846,TCM,cool,710,8.7,C,False,True,False,1.009,1.225,MFG_087
SKU_02847,Medical_Devices,cold,365,27.78,A,False,True,True,0.4,1.042,MFG_005
SKU_02848,Western_Medicine,ambient,750,58.39,A,False,True,False,1.929,0.335,MFG_035
SKU_02849,Western_Medicine,ambient,365,39.74,C,True,True,False,1.2,0.881,MFG_072
SKU_02850,Western_Medicine,cool,696,17.27,A,True,False,False,0.913,1.248,MFG_082
SKU_02851,Western_Medicine,cool,599,90.05,C,True,False,False,1.602,0.269,MFG_095
SKU_02852,Medical_Devices,ambient,365,43.37,A,False,True,False,0.25,0.352,MFG_087
SKU_02853,Western_Medicine,cold,365,131.54,C,True,True,False,1.275,0.063,MFG_071
SKU_02854,TCM,cold,365,39.76,C,False,True,False,1.216,1.017,MFG_003
SKU_02855,Medical_Devices,ambient,586,6.67,A,True,True,False,0.354,0.814,MFG_047
SKU_02856,Medical_Devices,cold,365,55.02,C,False,True,False,1.342,0.246,MFG_022
SKU_02857,Medical_Devices,ambient,426,18.16,A,True,True,False,0.29,0.716,MFG_010
SKU_02858,TCM,ambient,1006,26.0,C,True,False,False,1.578,1.274,MFG_075
SKU_02859,TCM,cool,730,4.65,A,True,True,False,1.202,1.051,MFG_072
SKU_02860,Medical_Devices,ambient,912,5.06,C,True,False,False,0.941,1.441,MFG_062
SKU_02861,Western_Medicine,cool,311,9.31,B,True,True,False,1.927,1.097,MFG_024
SKU_02862,TCM,ambient,365,17.76,B,False,True,False,1.152,0.604,MFG_061
SKU_02863,Medical_Devices,ambient,555,25.59,C,False,True,False,0.706,1.243,MFG_045
SKU_02864,Medical_Devices,ambient,1023,31.05,C,False,False,False,0.426,1.394,MFG_072
SKU_02865,Western_Medicine,cold,365,35.54,C,False,True,False,1.687,0.426,MFG_072
SKU_02866,Medical_Devices,ambient,909,63.74,A,True,True,False,1.41,0.912,MFG_035
SKU_02867,Western_Medicine,cold,365,105.8,A,False,True,False,1.64,0.657,MFG_024
SKU_02868,Medical_Devices,ambient,584,23.91,C,False,True,False,1.279,0.94,MFG_035
SKU_02869,TCM,ambient,830,5.09,A,False,True,False,0.804,0.907,MFG_069
SKU_02870,Western_Medicine,cold,152,76.82,C,False,True,False,1.024,1.404,MFG_060
SKU_02871,Health_Supplements,cold,241,87.67,B,False,True,True,0.233,0.143,MFG_072
SKU_02872,Medical_Devices,ambient,548,10.28,C,False,True,False,0.723,0.709,MFG_043
SKU_02873,Western_Medicine,ambient,603,64.65,C,False,True,False,1.83,0.891,MFG_050
SKU_02874,TCM,ambient,365,111.2,C,False,True,False,0.762,1.342,MFG_012
SKU_02875,Health_Supplements,ambient,365,49.94,B,True,True,False,0.902,1.421,MFG_097
SKU_02876,Western_Medicine,ambient,365,13.02,C,True,True,False,0.776,0.793,MFG_032
SKU_02877,TCM,cool,539,36.6,A,True,True,False,0.289,0.99,MFG_045
SKU_02878,TCM,ambient,380,51.71,C,False,False,False,0.462,0.853,MFG_065
SKU_02879,TCM,ambient,1046,17.32,C,False,False,False,1.105,0.428,MFG_043
SKU_02880,Western_Medicine,cold,365,42.22,C,True,True,False,1.663,1.339,MFG_069
SKU_02881,Western_Medicine,ambient,797,11.08,C,True,False,False,1.629,0.43,MFG_005
SKU_02882,TCM,cool,329,5.7,C,False,True,False,0.114,0.948,MFG_062
SKU_02883,Western_Medicine,ambient,453,90.93,C,True,False,False,1.19,0.814,MFG_069
SKU_02884,Western_Medicine,cool,730,58.46,B,False,False,False,0.834,0.459,MFG_093
SKU_02885,Medical_Devices,cold,365,32.86,A,False,True,False,0.453,0.678,MFG_095
SKU_02886,Medical_Devices,ambient,402,136.03,A,True,False,False,0.325,0.847,MFG_089
SKU_02887,Western_Medicine,cool,529,5.18,C,True,False,False,0.496,0.668,MFG_062
SKU_02888,TCM,ambient,424,16.3,C,True,False,False,0.275,1.433,MFG_063
SKU_02889,TCM,ambient,452,53.89,B,True,True,False,1.434,0.407,MFG_036
SKU_02890,Health_Supplements,cold,365,16.65,B,True,True,False,1.455,0.097,MFG_028
SKU_02891,Western_Medicine,ambient,401,51.34,C,False,True,False,1.401,0.03,MFG_063
SKU_02892,Medical_Devices,cold,365,88.83,B,False,True,False,1.582,1.36,MFG_001
SKU_02893,Medical_Devices,ambient,970,46.77,A,False,False,False,0.879,0.748,MFG_005
SKU_02894,Western_Medicine,ambient,874,2.95,C,True,True,False,0.595,0.861,MFG_084
SKU_02895,Medical_Devices,ambient,468,27.74,B,True,True,False,0.552,1.066,MFG_012
SKU_02896,Western_Medicine,cool,730,20.73,A,False,True,False,1.136,1.172,MFG_010
SKU_02897,TCM,cold,365,15.66,C,False,True,False,0.792,0.138,MFG_020
SKU_02898,Medical_Devices,cool,730,3.51,C,False,False,False,0.352,0.123,MFG_100
SKU_02899,Medical_Devices,cold,137,35.53,A,False,True,False,0.286,1.266,MFG_076
SKU_02900,Western_Medicine,ambient,365,13.2,A,False,False,False,0.481,1.468,MFG_061
SKU_02901,Western_Medicine,ambient,365,9.34,C,True,False,False,0.876,1.212,MFG_029
SKU_02902,TCM,ambient,658,21.5,C,True,True,False,0.225,0.286,MFG_042
SKU_02903,TCM,cold,365,21.77,C,False,True,False,1.884,0.973,MFG_002
SKU_02904,TCM,cool,510,16.9,C,False,True,False,1.571,0.892,MFG_047
SKU_02905,TCM,cold,365,1.53,C,True,True,False,1.291,1.229,MFG_084
SKU_02906,Western_Medicine,cool,730,15.52,C,False,True,False,1.546,0.432,MFG_030
SKU_02907,Medical_Devices,frozen,274,81.16,A,False,True,False,1.394,0.469,MFG_041
SKU_02908,Western_Medicine,ambient,627,55.39,C,True,False,False,0.235,0.163,MFG_045
SKU_02909,Medical_Devices,ambient,1020,54.89,B,False,False,True,1.039,0.737,MFG_060
SKU_02910,TCM,cold,170,87.26,B,False,True,False,0.798,0.505,MFG_062
SKU_02911,Medical_Devices,cold,365,1.35,B,False,True,False,1.771,0.803,MFG_010
SKU_02912,Western_Medicine,cold,365,13.65,C,False,True,False,0.757,1.363,MFG_072
SKU_02913,Medical_Devices,cool,730,32.12,C,False,False,False,0.899,0.283,MFG_095
SKU_02914,Medical_Devices,ambient,365,59.27,B,False,True,False,1.569,0.57,MFG_072
SKU_02915,Medical_Devices,ambient,486,3.05,B,True,True,False,0.766,1.234,MFG_035
SKU_02916,Medical_Devices,cool,623,8.44,C,False,False,False,1.281,0.531,MFG_054
SKU_02917,Medical_Devices,ambient,659,20.1,C,False,False,False,1.787,0.094,MFG_060
SKU_02918,TCM,ambient,715,29.38,B,True,False,False,1.668,0.049,MFG_075
SKU_02919,Medical_Devices,ambient,912,16.42,C,False,False,False,1.438,1.298,MFG_062
SKU_02920,TCM,cool,370,1.9,B,False,False,False,0.759,1.082,MFG_092
SKU_02921,Western_Medicine,cool,403,40.38,C,True,True,False,0.508,1.19,MFG_063
SKU_02922,Medical_Devices,cool,730,55.56,C,False,True,False,0.738,1.21,MFG_001
SKU_02923,Medical_Devices,cool,291,14.16,C,True,True,False,0.192,0.031,MFG_093
SKU_02924,Medical_Devices,ambient,975,38.09,C,True,False,False,1.153,0.432,MFG_060
SKU_02925,TCM,cold,365,1.34,C,False,True,False,1.841,1.311,MFG_062
SKU_02926,TCM,ambient,365,53.58,A,False,True,False,0.929,1.417,MFG_042
SKU_02927,Medical_Devices,ambient,751,2.14,C,True,True,False,0.859,1.155,MFG_069
SKU_02928,Western_Medicine,ambient,383,4.84,C,False,True,False,0.96,0.613,MFG_082
SKU_02929,Western_Medicine,cool,730,1.51,A,True,True,False,1.064,0.722,MFG_033
SKU_02930,Medical_Devices,ambient,365,30.27,C,True,True,False,1.2,0.8,MFG_072
SKU_02931,Western_Medicine,ambient,975,80.15,C,False,False,False,1.371,0.752,MFG_035
SKU_02932,Western_Medicine,ambient,530,4.81,A,False,False,False,0.665,0.892,MFG_036
SKU_02933,TCM,ambient,797,5.31,C,False,True,False,0.638,0.92,MFG_083
SKU_02934,Medical_Devices,ambient,365,80.65,C,True,True,False,1.614,0.145,MFG_053
SKU_02935,Medical_Devices,cool,338,21.94,C,False,True,False,0.061,0.197,MFG_092
SKU_02936,Medical_Devices,ambient,731,28.44,C,True,True,False,1.333,0.508,MFG_054
SKU_02937,Medical_Devices,cool,730,14.05,C,True,False,False,1.351,0.342,MFG_065
SKU_02938,Western_Medicine,ambient,689,31.33,C,True,False,False,1.571,0.295,MFG_050
SKU_02939,Medical_Devices,ambient,680,11.74,C,False,False,False,0.4,1.37,MFG_060
SKU_02940,Western_Medicine,cool,730,64.46,C,False,False,False,0.805,1.342,MFG_008
SKU_02941,Western_Medicine,cool,430,37.15,C,False,False,False,1.1,1.382,MFG_020
SKU_02942,Medical_Devices,cool,292,2.13,C,True,True,False,0.499,1.224,MFG_080
SKU_02943,TCM,ambient,410,4.18,B,False,False,False,1.354,1.467,MFG_043
SKU_02944,Western_Medicine,ambient,365,13.75,C,True,True,False,0.184,0.114,MFG_093
SKU_02945,Western_Medicine,cool,730,44.64,B,False,False,False,0.418,1.277,MFG_005
SKU_02946,TCM,cool,730,47.41,C,False,False,False,0.579,0.032,MFG_069
SKU_02947,TCM,cool,180,14.12,C,True,True,False,0.532,0.415,MFG_062
SKU_02948,Western_Medicine,cold,212,19.14,C,False,True,False,1.788,0.691,MFG_054
SKU_02949,TCM,cold,352,55.52,C,True,True,False,1.526,0.493,MFG_082
SKU_02950,Health_Supplements,cold,260,24.64,C,True,True,False,1.205,0.355,MFG_054
SKU_02951,Western_Medicine,ambient,843,32.01,A,True,False,False,0.362,0.29,MFG_021
SKU_02952,Western_Medicine,ambient,634,31.37,C,False,False,False,1.36,0.938,MFG_076
SKU_02953,TCM,cool,730,1.57,C,False,False,False,1.608,1.437,MFG_081
SKU_02954,TCM,ambient,842,115.68,B,False,False,False,1.924,1.399,MFG_006
SKU_02955,TCM,cold,365,107.88,C,True,True,True,0.951,1.361,MFG_020
SKU_02956,Medical_Devices,ambient,863,113.61,C,False,True,False,1.774,0.709,MFG_054
SKU_02957,Medical_Devices,ambient,365,43.22,C,False,False,False,1.308,1.213,MFG_002
SKU_02958,Western_Medicine,ambient,841,84.64,B,True,False,False,1.976,1.086,MFG_087
SKU_02959,Medical_Devices,cool,730,15.4,C,False,True,False,1.982,1.278,MFG_010
SKU_02960,Western_Medicine,ambient,365,76.72,C,True,True,False,0.585,1.416,MFG_100
SKU_02961,Medical_Devices,ambient,365,9.29,C,False,True,False,0.212,0.411,MFG_029
SKU_02962,TCM,ambient,788,20.35,C,True,True,False,1.627,0.03,MFG_021
SKU_02963,TCM,ambient,365,14.75,B,False,True,False,1.771,0.224,MFG_097
SKU_02964,TCM,ambient,402,23.84,C,False,True,False,0.465,1.186,MFG_001
SKU_02965,Health_Supplements,ambient,365,14.75,C,False,True,False,1.008,1.452,MFG_087
SKU_02966,Western_Medicine,ambient,604,121.81,A,False,False,False,1.154,1.418,MFG_024
SKU_02967,Medical_Devices,cool,730,5.7,C,False,False,False,1.047,1.194,MFG_089
SKU_02968,Western_Medicine,ambient,921,7.28,A,True,False,False,1.545,0.469,MFG_042
SKU_02969,Medical_Devices,cold,212,8.02,C,False,True,False,0.603,1.02,MFG_054
SKU_02970,Medical_Devices,cold,273,10.11,A,False,True,False,1.883,1.233,MFG_097
SKU_02971,Health_Supplements,ambient,791,59.45,C,True,False,False,0.128,0.719,MFG_087
SKU_02972,Health_Supplements,ambient,365,54.18,A,True,False,False,1.555,0.938,MFG_054
SKU_02973,TCM,ambient,762,4.73,C,True,True,False,1.666,0.252,MFG_060
SKU_02974,Health_Supplements,cool,730,1.54,B,False,False,False,1.226,0.871,MFG_021
SKU_02975,TCM,ambient,464,150.9,C,False,False,False,1.353,1.244,MFG_082
SKU_02976,Western_Medicine,cool,730,101.83,C,False,False,False,0.691,0.495,MFG_087
SKU_02977,TCM,cool,730,20.71,B,False,False,False,0.849,1.311,MFG_055
SKU_02978,Medical_Devices,cool,730,2.05,C,True,False,False,0.546,0.893,MFG_061
SKU_02979,Western_Medicine,ambient,530,146.45,C,True,False,False,1.965,0.285,MFG_037
SKU_02980,Health_Supplements,ambient,365,5.32,C,False,True,False,1.873,0.147,MFG_100
SKU_02981,Western_Medicine,ambient,1075,11.87,C,True,True,False,1.81,0.556,MFG_001
SKU_02982,TCM,ambient,365,35.76,C,False,False,False,1.666,1.405,MFG_020
SKU_02983,Health_Supplements,ambient,957,29.43,C,True,True,False,0.896,0.312,MFG_035
SKU_02984,TCM,cold,365,184.89,B,False,True,False,0.87,0.085,MFG_082
SKU_02985,Health_Supplements,ambient,434,1.56,B,True,True,False,1.527,0.141,MFG_060
SKU_02986,Western_Medicine,ambient,452,7.29,C,False,False,False,1.004,0.868,MFG_026
SKU_02987,TCM,ambient,530,36.5,C,False,False,False,1.711,1.47,MFG_069
SKU_02988,Western_Medicine,ambient,365,36.8,A,False,True,False,0.204,1.246,MFG_010
SKU_02989,TCM,cold,365,82.76,B,True,True,False,0.235,1.409,MFG_017
SKU_02990,TCM,cold,365,148.92,C,False,True,False,1.527,1.252,MFG_084
SKU_02991,Western_Medicine,cold,365,7.25,C,False,True,False,0.93,0.99,MFG_065
SKU_02992,Western_Medicine,cold,365,7.0,B,True,True,False,1.634,1.154,MFG_062
SKU_02993,Health_Supplements,cool,422,25.89,A,True,True,False,0.841,0.393,MFG_009
SKU_02994,TCM,ambient,788,61.01,C,False,False,False,0.867,0.039,MFG_001
SKU_02995,Medical_Devices,ambient,365,81.14,C,True,False,False,1.78,0.835,MFG_067
SKU_02996,TCM,cold,193,137.78,C,False,True,False,0.331,0.894,MFG_062
SKU_02997,TCM,ambient,390,17.57,C,False,True,False,0.481,1.29,MFG_029
SKU_02998,Western_Medicine,cold,365,94.62,C,False,True,False,0.912,1.327,MFG_038
SKU_02999,TCM,ambient,800,5.3,C,True,True,False,1.071,0.888,MFG_007
SKU_03000,Medical_Devices,ambient,630,76.44,C,False,True,False,0.506,1.008,MFG_098
